snapshot_utc,snapshot_aest,lga_name,lga_code,provider_code,provider_name,active_outage_count,known_customer_count_outage_count,unknown_customer_count_outage_count,total_affected_customers,planned_customers,unplanned_customers,unknown_type_customers
2026-10-04T16:45:40Z,2026-10-05T02:45:40+10:00,Brisbane City,1000,all,All providers,1,1,0,56,0,56,0
2026-10-04T16:45:40Z,2026-10-05T02:45:40+10:00,Brisbane City,1000,au.qld.energex,Energex,1,1,0,56,0,56,0
2026-10-04T17:00:50Z,2026-10-05T03:00:50+10:00,Brisbane City,1000,all,All providers,1,1,0,56,0,56,0
2026-10-04T17:00:50Z,2026-10-05T03:00:50+10:00,Brisbane City,1000,au.qld.energex,Energex,1,1,0,56,0,56,0
2026-10-04T17:15:35Z,2026-10-05T03:15:35+10:00,Brisbane City,1000,all,All providers,1,1,0,56,0,56,0
2026-10-04T17:15:35Z,2026-10-05T03:15:35+10:00,Brisbane City,1000,au.qld.energex,Energex,1,1,0,56,0,56,0
2026-10-04T17:30:48Z,2026-10-05T03:30:48+10:00,Balonne Shire,300,all,All providers,1,1,0,6,0,6,0
2026-10-04T17:30:48Z,2026-10-05T03:30:48+10:00,Balonne Shire,300,au.qld.essentialenergy,Essential Energy,1,1,0,6,0,6,0
2026-10-04T17:30:48Z,2026-10-05T03:30:48+10:00,Brisbane City,1000,all,All providers,1,1,0,56,0,56,0
2026-10-04T17:30:48Z,2026-10-05T03:30:48+10:00,Brisbane City,1000,au.qld.energex,Energex,1,1,0,56,0,56,0
2026-10-04T17:45:38Z,2026-10-05T03:45:38+10:00,Balonne Shire,300,all,All providers,1,1,0,6,0,6,0
2026-10-04T17:45:38Z,2026-10-05T03:45:38+10:00,Balonne Shire,300,au.qld.essentialenergy,Essential Energy,1,1,0,6,0,6,0
2026-10-04T17:45:38Z,2026-10-05T03:45:38+10:00,Brisbane City,1000,all,All providers,1,1,0,56,0,56,0
2026-10-04T17:45:38Z,2026-10-05T03:45:38+10:00,Brisbane City,1000,au.qld.energex,Energex,1,1,0,56,0,56,0
2026-10-04T18:00:54Z,2026-10-05T04:00:54+10:00,Balonne Shire,300,all,All providers,1,1,0,6,0,6,0
2026-10-04T18:00:54Z,2026-10-05T04:00:54+10:00,Balonne Shire,300,au.qld.essentialenergy,Essential Energy,1,1,0,6,0,6,0
2026-10-04T18:00:54Z,2026-10-05T04:00:54+10:00,Brisbane City,1000,all,All providers,1,1,0,56,0,56,0
2026-10-04T18:00:54Z,2026-10-05T04:00:54+10:00,Brisbane City,1000,au.qld.energex,Energex,1,1,0,56,0,56,0
2026-10-04T18:15:44Z,2026-10-05T04:15:44+10:00,Balonne Shire,300,all,All providers,1,1,0,6,0,6,0
2026-10-04T18:15:44Z,2026-10-05T04:15:44+10:00,Balonne Shire,300,au.qld.essentialenergy,Essential Energy,1,1,0,6,0,6,0
2026-10-04T18:15:44Z,2026-10-05T04:15:44+10:00,Brisbane City,1000,all,All providers,1,1,0,56,0,56,0
2026-10-04T18:15:44Z,2026-10-05T04:15:44+10:00,Brisbane City,1000,au.qld.energex,Energex,1,1,0,56,0,56,0
2026-10-04T18:30:46Z,2026-10-05T04:30:46+10:00,Balonne Shire,300,all,All providers,1,1,0,6,0,6,0
2026-10-04T18:30:46Z,2026-10-05T04:30:46+10:00,Balonne Shire,300,au.qld.essentialenergy,Essential Energy,1,1,0,6,0,6,0
2026-10-04T18:30:46Z,2026-10-05T04:30:46+10:00,Brisbane City,1000,all,All providers,1,1,0,56,0,56,0
2026-10-04T18:30:46Z,2026-10-05T04:30:46+10:00,Brisbane City,1000,au.qld.energex,Energex,1,1,0,56,0,56,0
2026-10-04T18:45:41Z,2026-10-05T04:45:41+10:00,Balonne Shire,300,all,All providers,1,1,0,6,0,6,0
2026-10-04T18:45:41Z,2026-10-05T04:45:41+10:00,Balonne Shire,300,au.qld.essentialenergy,Essential Energy,1,1,0,6,0,6,0
2026-10-04T18:45:41Z,2026-10-05T04:45:41+10:00,Brisbane City,1000,all,All providers,1,1,0,56,0,56,0
2026-10-04T18:45:41Z,2026-10-05T04:45:41+10:00,Brisbane City,1000,au.qld.energex,Energex,1,1,0,56,0,56,0
2026-10-04T19:00:59Z,2026-10-05T05:00:59+10:00,Balonne Shire,300,all,All providers,1,1,0,6,0,6,0
2026-10-04T19:00:59Z,2026-10-05T05:00:59+10:00,Balonne Shire,300,au.qld.essentialenergy,Essential Energy,1,1,0,6,0,6,0
2026-10-04T19:00:59Z,2026-10-05T05:00:59+10:00,Burdekin Shire,1900,all,All providers,1,1,0,812,0,812,0
2026-10-04T19:00:59Z,2026-10-05T05:00:59+10:00,Burdekin Shire,1900,au.qld.ergon,Ergon Energy,1,1,0,812,0,812,0
2026-10-04T19:15:40Z,2026-10-05T05:15:40+10:00,Balonne Shire,300,all,All providers,1,1,0,6,0,6,0
2026-10-04T19:15:40Z,2026-10-05T05:15:40+10:00,Balonne Shire,300,au.qld.essentialenergy,Essential Energy,1,1,0,6,0,6,0
2026-10-04T19:30:51Z,2026-10-05T05:30:51+10:00,Balonne Shire,300,all,All providers,1,1,0,6,0,6,0
2026-10-04T19:30:51Z,2026-10-05T05:30:51+10:00,Balonne Shire,300,au.qld.essentialenergy,Essential Energy,1,1,0,6,0,6,0
2026-10-04T19:45:44Z,2026-10-05T05:45:44+10:00,Balonne Shire,300,all,All providers,1,1,0,6,0,6,0
2026-10-04T19:45:44Z,2026-10-05T05:45:44+10:00,Balonne Shire,300,au.qld.essentialenergy,Essential Energy,1,1,0,6,0,6,0
2026-10-04T20:00:52Z,2026-10-05T06:00:52+10:00,Balonne Shire,300,all,All providers,1,1,0,6,0,6,0
2026-10-04T20:00:52Z,2026-10-05T06:00:52+10:00,Balonne Shire,300,au.qld.essentialenergy,Essential Energy,1,1,0,6,0,6,0
2026-10-04T20:00:52Z,2026-10-05T06:00:52+10:00,Torres Shire,6950,all,All providers,1,1,0,22,0,22,0
2026-10-04T20:00:52Z,2026-10-05T06:00:52+10:00,Torres Shire,6950,au.qld.ergon,Ergon Energy,1,1,0,22,0,22,0
2026-10-04T20:15:39Z,2026-10-05T06:15:39+10:00,Balonne Shire,300,all,All providers,1,1,0,6,0,6,0
2026-10-04T20:15:39Z,2026-10-05T06:15:39+10:00,Balonne Shire,300,au.qld.essentialenergy,Essential Energy,1,1,0,6,0,6,0
2026-10-04T20:15:39Z,2026-10-05T06:15:39+10:00,Torres Shire,6950,all,All providers,1,1,0,22,0,22,0
2026-10-04T20:15:39Z,2026-10-05T06:15:39+10:00,Torres Shire,6950,au.qld.ergon,Ergon Energy,1,1,0,22,0,22,0
2026-10-04T20:30:39Z,2026-10-05T06:30:39+10:00,Balonne Shire,300,all,All providers,1,1,0,6,0,6,0
2026-10-04T20:30:39Z,2026-10-05T06:30:39+10:00,Balonne Shire,300,au.qld.essentialenergy,Essential Energy,1,1,0,6,0,6,0
2026-10-04T20:30:39Z,2026-10-05T06:30:39+10:00,Torres Shire,6950,all,All providers,1,1,0,22,0,22,0
2026-10-04T20:30:39Z,2026-10-05T06:30:39+10:00,Torres Shire,6950,au.qld.ergon,Ergon Energy,1,1,0,22,0,22,0
2026-10-04T20:45:43Z,2026-10-05T06:45:43+10:00,Balonne Shire,300,all,All providers,1,1,0,6,0,6,0
2026-10-04T20:45:43Z,2026-10-05T06:45:43+10:00,Balonne Shire,300,au.qld.essentialenergy,Essential Energy,1,1,0,6,0,6,0
2026-10-04T20:45:43Z,2026-10-05T06:45:43+10:00,Torres Shire,6950,all,All providers,1,1,0,22,0,22,0
2026-10-04T20:45:43Z,2026-10-05T06:45:43+10:00,Torres Shire,6950,au.qld.ergon,Ergon Energy,1,1,0,22,0,22,0
2026-10-04T21:01:02Z,2026-10-05T07:01:02+10:00,Balonne Shire,300,all,All providers,1,1,0,6,0,6,0
2026-10-04T21:01:02Z,2026-10-05T07:01:02+10:00,Balonne Shire,300,au.qld.essentialenergy,Essential Energy,1,1,0,6,0,6,0
2026-10-04T21:01:02Z,2026-10-05T07:01:02+10:00,Torres Shire,6950,all,All providers,1,1,0,22,0,22,0
2026-10-04T21:01:02Z,2026-10-05T07:01:02+10:00,Torres Shire,6950,au.qld.ergon,Ergon Energy,1,1,0,22,0,22,0
2026-10-04T21:15:43Z,2026-10-05T07:15:43+10:00,Balonne Shire,300,all,All providers,1,1,0,6,0,6,0
2026-10-04T21:15:43Z,2026-10-05T07:15:43+10:00,Balonne Shire,300,au.qld.essentialenergy,Essential Energy,1,1,0,6,0,6,0
2026-10-04T21:15:43Z,2026-10-05T07:15:43+10:00,Torres Shire,6950,all,All providers,1,1,0,22,0,22,0
2026-10-04T21:15:43Z,2026-10-05T07:15:43+10:00,Torres Shire,6950,au.qld.ergon,Ergon Energy,1,1,0,22,0,22,0
2026-10-04T21:30:50Z,2026-10-05T07:30:50+10:00,Balonne Shire,300,all,All providers,1,1,0,6,0,6,0
2026-10-04T21:30:50Z,2026-10-05T07:30:50+10:00,Balonne Shire,300,au.qld.essentialenergy,Essential Energy,1,1,0,6,0,6,0
2026-10-04T21:30:50Z,2026-10-05T07:30:50+10:00,Fraser Coast Regional,3220,all,All providers,1,1,0,8,0,8,0
2026-10-04T21:30:50Z,2026-10-05T07:30:50+10:00,Fraser Coast Regional,3220,au.qld.ergon,Ergon Energy,1,1,0,8,0,8,0
2026-10-04T21:30:50Z,2026-10-05T07:30:50+10:00,Torres Shire,6950,all,All providers,1,1,0,22,0,22,0
2026-10-04T21:30:50Z,2026-10-05T07:30:50+10:00,Torres Shire,6950,au.qld.ergon,Ergon Energy,1,1,0,22,0,22,0
2026-10-04T21:45:33Z,2026-10-05T07:45:33+10:00,Balonne Shire,300,all,All providers,1,1,0,6,0,6,0
2026-10-04T21:45:33Z,2026-10-05T07:45:33+10:00,Balonne Shire,300,au.qld.essentialenergy,Essential Energy,1,1,0,6,0,6,0
2026-10-04T21:45:33Z,2026-10-05T07:45:33+10:00,Fraser Coast Regional,3220,all,All providers,1,1,0,8,0,8,0
2026-10-04T21:45:33Z,2026-10-05T07:45:33+10:00,Fraser Coast Regional,3220,au.qld.ergon,Ergon Energy,1,1,0,8,0,8,0
2026-10-04T21:45:33Z,2026-10-05T07:45:33+10:00,Torres Shire,6950,all,All providers,1,1,0,22,0,22,0
2026-10-04T21:45:33Z,2026-10-05T07:45:33+10:00,Torres Shire,6950,au.qld.ergon,Ergon Energy,1,1,0,22,0,22,0
2026-10-04T22:00:58Z,2026-10-05T08:00:58+10:00,Balonne Shire,300,all,All providers,1,1,0,6,0,6,0
2026-10-04T22:00:58Z,2026-10-05T08:00:58+10:00,Balonne Shire,300,au.qld.essentialenergy,Essential Energy,1,1,0,6,0,6,0
2026-10-04T22:00:58Z,2026-10-05T08:00:58+10:00,Banana Shire,370,all,All providers,1,1,0,19,0,19,0
2026-10-04T22:00:58Z,2026-10-05T08:00:58+10:00,Banana Shire,370,au.qld.ergon,Ergon Energy,1,1,0,19,0,19,0
2026-10-04T22:00:58Z,2026-10-05T08:00:58+10:00,Fraser Coast Regional,3220,all,All providers,1,1,0,8,0,8,0
2026-10-04T22:00:58Z,2026-10-05T08:00:58+10:00,Fraser Coast Regional,3220,au.qld.ergon,Ergon Energy,1,1,0,8,0,8,0
2026-10-04T22:00:58Z,2026-10-05T08:00:58+10:00,Torres Shire,6950,all,All providers,1,1,0,22,0,22,0
2026-10-04T22:00:58Z,2026-10-05T08:00:58+10:00,Torres Shire,6950,au.qld.ergon,Ergon Energy,1,1,0,22,0,22,0
2026-10-04T22:15:40Z,2026-10-05T08:15:40+10:00,Balonne Shire,300,all,All providers,1,1,0,6,0,6,0
2026-10-04T22:15:40Z,2026-10-05T08:15:40+10:00,Balonne Shire,300,au.qld.essentialenergy,Essential Energy,1,1,0,6,0,6,0
2026-10-04T22:15:40Z,2026-10-05T08:15:40+10:00,Banana Shire,370,all,All providers,1,1,0,19,0,19,0
2026-10-04T22:15:40Z,2026-10-05T08:15:40+10:00,Banana Shire,370,au.qld.ergon,Ergon Energy,1,1,0,19,0,19,0
2026-10-04T22:15:40Z,2026-10-05T08:15:40+10:00,Fraser Coast Regional,3220,all,All providers,1,1,0,8,0,8,0
2026-10-04T22:15:40Z,2026-10-05T08:15:40+10:00,Fraser Coast Regional,3220,au.qld.ergon,Ergon Energy,1,1,0,8,0,8,0
2026-10-04T22:15:40Z,2026-10-05T08:15:40+10:00,Torres Shire,6950,all,All providers,1,1,0,22,0,22,0
2026-10-04T22:15:40Z,2026-10-05T08:15:40+10:00,Torres Shire,6950,au.qld.ergon,Ergon Energy,1,1,0,22,0,22,0
2026-10-04T22:30:46Z,2026-10-05T08:30:46+10:00,Balonne Shire,300,all,All providers,1,1,0,6,0,6,0
2026-10-04T22:30:46Z,2026-10-05T08:30:46+10:00,Balonne Shire,300,au.qld.essentialenergy,Essential Energy,1,1,0,6,0,6,0
2026-10-04T22:30:46Z,2026-10-05T08:30:46+10:00,Banana Shire,370,all,All providers,1,1,0,19,0,19,0
2026-10-04T22:30:46Z,2026-10-05T08:30:46+10:00,Banana Shire,370,au.qld.ergon,Ergon Energy,1,1,0,19,0,19,0
2026-10-04T22:30:46Z,2026-10-05T08:30:46+10:00,Fraser Coast Regional,3220,all,All providers,1,1,0,8,0,8,0
2026-10-04T22:30:46Z,2026-10-05T08:30:46+10:00,Fraser Coast Regional,3220,au.qld.ergon,Ergon Energy,1,1,0,8,0,8,0
2026-10-04T22:30:46Z,2026-10-05T08:30:46+10:00,Torres Shire,6950,all,All providers,1,1,0,127,0,127,0
2026-10-04T22:30:46Z,2026-10-05T08:30:46+10:00,Torres Shire,6950,au.qld.ergon,Ergon Energy,1,1,0,127,0,127,0
2026-10-04T22:45:40Z,2026-10-05T08:45:40+10:00,Balonne Shire,300,all,All providers,1,1,0,6,0,6,0
2026-10-04T22:45:40Z,2026-10-05T08:45:40+10:00,Balonne Shire,300,au.qld.essentialenergy,Essential Energy,1,1,0,6,0,6,0
2026-10-04T22:45:40Z,2026-10-05T08:45:40+10:00,Banana Shire,370,all,All providers,1,1,0,19,0,19,0
2026-10-04T22:45:40Z,2026-10-05T08:45:40+10:00,Banana Shire,370,au.qld.ergon,Ergon Energy,1,1,0,19,0,19,0
2026-10-04T22:45:40Z,2026-10-05T08:45:40+10:00,Fraser Coast Regional,3220,all,All providers,1,1,0,8,0,8,0
2026-10-04T22:45:40Z,2026-10-05T08:45:40+10:00,Fraser Coast Regional,3220,au.qld.ergon,Ergon Energy,1,1,0,8,0,8,0
2026-10-04T22:45:40Z,2026-10-05T08:45:40+10:00,Torres Shire,6950,all,All providers,1,1,0,127,0,127,0
2026-10-04T22:45:40Z,2026-10-05T08:45:40+10:00,Torres Shire,6950,au.qld.ergon,Ergon Energy,1,1,0,127,0,127,0
2026-10-04T23:00:55Z,2026-10-05T09:00:55+10:00,Balonne Shire,300,all,All providers,1,1,0,6,0,6,0
2026-10-04T23:00:55Z,2026-10-05T09:00:55+10:00,Balonne Shire,300,au.qld.essentialenergy,Essential Energy,1,1,0,6,0,6,0
2026-10-04T23:00:55Z,2026-10-05T09:00:55+10:00,Fraser Coast Regional,3220,all,All providers,1,1,0,8,0,8,0
2026-10-04T23:00:55Z,2026-10-05T09:00:55+10:00,Fraser Coast Regional,3220,au.qld.ergon,Ergon Energy,1,1,0,8,0,8,0
2026-10-04T23:00:55Z,2026-10-05T09:00:55+10:00,Torres Shire,6950,all,All providers,1,1,0,127,0,127,0
2026-10-04T23:00:55Z,2026-10-05T09:00:55+10:00,Torres Shire,6950,au.qld.ergon,Ergon Energy,1,1,0,127,0,127,0
2026-10-04T23:15:40Z,2026-10-05T09:15:40+10:00,Balonne Shire,300,all,All providers,1,1,0,6,0,6,0
2026-10-04T23:15:40Z,2026-10-05T09:15:40+10:00,Balonne Shire,300,au.qld.essentialenergy,Essential Energy,1,1,0,6,0,6,0
2026-10-04T23:15:40Z,2026-10-05T09:15:40+10:00,Fraser Coast Regional,3220,all,All providers,1,1,0,8,0,8,0
2026-10-04T23:15:40Z,2026-10-05T09:15:40+10:00,Fraser Coast Regional,3220,au.qld.ergon,Ergon Energy,1,1,0,8,0,8,0
2026-10-04T23:15:40Z,2026-10-05T09:15:40+10:00,Torres Shire,6950,all,All providers,1,1,0,127,0,127,0
2026-10-04T23:15:40Z,2026-10-05T09:15:40+10:00,Torres Shire,6950,au.qld.ergon,Ergon Energy,1,1,0,127,0,127,0
2026-10-04T23:30:51Z,2026-10-05T09:30:51+10:00,Balonne Shire,300,all,All providers,1,1,0,6,0,6,0
2026-10-04T23:30:51Z,2026-10-05T09:30:51+10:00,Balonne Shire,300,au.qld.essentialenergy,Essential Energy,1,1,0,6,0,6,0
2026-10-04T23:30:51Z,2026-10-05T09:30:51+10:00,Fraser Coast Regional,3220,all,All providers,1,1,0,8,0,8,0
2026-10-04T23:30:51Z,2026-10-05T09:30:51+10:00,Fraser Coast Regional,3220,au.qld.ergon,Ergon Energy,1,1,0,8,0,8,0
2026-10-04T23:30:51Z,2026-10-05T09:30:51+10:00,Torres Shire,6950,all,All providers,1,1,0,127,0,127,0
2026-10-04T23:30:51Z,2026-10-05T09:30:51+10:00,Torres Shire,6950,au.qld.ergon,Ergon Energy,1,1,0,127,0,127,0
2026-10-04T23:45:41Z,2026-10-05T09:45:41+10:00,Balonne Shire,300,all,All providers,1,1,0,6,0,6,0
2026-10-04T23:45:41Z,2026-10-05T09:45:41+10:00,Balonne Shire,300,au.qld.essentialenergy,Essential Energy,1,1,0,6,0,6,0
2026-10-04T23:45:41Z,2026-10-05T09:45:41+10:00,Torres Shire,6950,all,All providers,1,1,0,127,0,127,0
2026-10-04T23:45:41Z,2026-10-05T09:45:41+10:00,Torres Shire,6950,au.qld.ergon,Ergon Energy,1,1,0,127,0,127,0
2026-10-05T00:00:55Z,2026-10-05T10:00:55+10:00,Balonne Shire,300,all,All providers,1,1,0,6,0,6,0
2026-10-05T00:00:55Z,2026-10-05T10:00:55+10:00,Balonne Shire,300,au.qld.essentialenergy,Essential Energy,1,1,0,6,0,6,0
2026-10-05T00:00:55Z,2026-10-05T10:00:55+10:00,Fraser Coast Regional,3220,all,All providers,1,1,0,9,0,9,0
2026-10-05T00:00:55Z,2026-10-05T10:00:55+10:00,Fraser Coast Regional,3220,au.qld.ergon,Ergon Energy,1,1,0,9,0,9,0
2026-10-05T00:00:55Z,2026-10-05T10:00:55+10:00,Torres Shire,6950,all,All providers,1,1,0,127,0,127,0
2026-10-05T00:00:55Z,2026-10-05T10:00:55+10:00,Torres Shire,6950,au.qld.ergon,Ergon Energy,1,1,0,127,0,127,0
2026-10-05T00:15:43Z,2026-10-05T10:15:43+10:00,Balonne Shire,300,all,All providers,1,1,0,6,0,6,0
2026-10-05T00:15:43Z,2026-10-05T10:15:43+10:00,Balonne Shire,300,au.qld.essentialenergy,Essential Energy,1,1,0,6,0,6,0
2026-10-05T00:15:43Z,2026-10-05T10:15:43+10:00,Fraser Coast Regional,3220,all,All providers,1,1,0,9,0,9,0
2026-10-05T00:15:43Z,2026-10-05T10:15:43+10:00,Fraser Coast Regional,3220,au.qld.ergon,Ergon Energy,1,1,0,9,0,9,0
2026-10-05T00:15:43Z,2026-10-05T10:15:43+10:00,Torres Shire,6950,all,All providers,1,1,0,127,0,127,0
2026-10-05T00:15:43Z,2026-10-05T10:15:43+10:00,Torres Shire,6950,au.qld.ergon,Ergon Energy,1,1,0,127,0,127,0
2026-10-05T00:30:49Z,2026-10-05T10:30:49+10:00,Balonne Shire,300,all,All providers,1,1,0,3,0,3,0
2026-10-05T00:30:49Z,2026-10-05T10:30:49+10:00,Balonne Shire,300,au.qld.essentialenergy,Essential Energy,1,1,0,3,0,3,0
2026-10-05T00:30:49Z,2026-10-05T10:30:49+10:00,Fraser Coast Regional,3220,all,All providers,1,1,0,9,0,9,0
2026-10-05T00:30:49Z,2026-10-05T10:30:49+10:00,Fraser Coast Regional,3220,au.qld.ergon,Ergon Energy,1,1,0,9,0,9,0
2026-10-05T00:30:49Z,2026-10-05T10:30:49+10:00,Torres Shire,6950,all,All providers,1,1,0,127,0,127,0
2026-10-05T00:30:49Z,2026-10-05T10:30:49+10:00,Torres Shire,6950,au.qld.ergon,Ergon Energy,1,1,0,127,0,127,0
2026-10-05T00:45:44Z,2026-10-05T10:45:44+10:00,Balonne Shire,300,all,All providers,1,1,0,3,0,3,0
2026-10-05T00:45:44Z,2026-10-05T10:45:44+10:00,Balonne Shire,300,au.qld.essentialenergy,Essential Energy,1,1,0,3,0,3,0
2026-10-05T00:45:44Z,2026-10-05T10:45:44+10:00,Fraser Coast Regional,3220,all,All providers,1,1,0,9,0,9,0
2026-10-05T00:45:44Z,2026-10-05T10:45:44+10:00,Fraser Coast Regional,3220,au.qld.ergon,Ergon Energy,1,1,0,9,0,9,0
2026-10-05T00:45:44Z,2026-10-05T10:45:44+10:00,Torres Shire,6950,all,All providers,1,1,0,127,0,127,0
2026-10-05T00:45:44Z,2026-10-05T10:45:44+10:00,Torres Shire,6950,au.qld.ergon,Ergon Energy,1,1,0,127,0,127,0
2026-10-05T01:00:57Z,2026-10-05T11:00:57+10:00,Balonne Shire,300,all,All providers,1,1,0,3,0,3,0
2026-10-05T01:00:57Z,2026-10-05T11:00:57+10:00,Balonne Shire,300,au.qld.essentialenergy,Essential Energy,1,1,0,3,0,3,0
2026-10-05T01:00:57Z,2026-10-05T11:00:57+10:00,Fraser Coast Regional,3220,all,All providers,1,1,0,9,0,9,0
2026-10-05T01:00:57Z,2026-10-05T11:00:57+10:00,Fraser Coast Regional,3220,au.qld.ergon,Ergon Energy,1,1,0,9,0,9,0
2026-10-05T01:00:57Z,2026-10-05T11:00:57+10:00,Torres Shire,6950,all,All providers,1,1,0,127,0,127,0
2026-10-05T01:00:57Z,2026-10-05T11:00:57+10:00,Torres Shire,6950,au.qld.ergon,Ergon Energy,1,1,0,127,0,127,0
2026-10-05T01:15:35Z,2026-10-05T11:15:35+10:00,Balonne Shire,300,all,All providers,1,1,0,3,0,3,0
2026-10-05T01:15:35Z,2026-10-05T11:15:35+10:00,Balonne Shire,300,au.qld.essentialenergy,Essential Energy,1,1,0,3,0,3,0
2026-10-05T01:15:35Z,2026-10-05T11:15:35+10:00,Fraser Coast Regional,3220,all,All providers,1,1,0,9,0,9,0
2026-10-05T01:15:35Z,2026-10-05T11:15:35+10:00,Fraser Coast Regional,3220,au.qld.ergon,Ergon Energy,1,1,0,9,0,9,0
2026-10-05T01:15:35Z,2026-10-05T11:15:35+10:00,Torres Shire,6950,all,All providers,1,1,0,127,0,127,0
2026-10-05T01:15:35Z,2026-10-05T11:15:35+10:00,Torres Shire,6950,au.qld.ergon,Ergon Energy,1,1,0,127,0,127,0
2026-10-05T01:30:47Z,2026-10-05T11:30:47+10:00,Balonne Shire,300,all,All providers,1,1,0,3,0,3,0
2026-10-05T01:30:47Z,2026-10-05T11:30:47+10:00,Balonne Shire,300,au.qld.essentialenergy,Essential Energy,1,1,0,3,0,3,0
2026-10-05T01:30:47Z,2026-10-05T11:30:47+10:00,Fraser Coast Regional,3220,all,All providers,1,1,0,9,0,9,0
2026-10-05T01:30:47Z,2026-10-05T11:30:47+10:00,Fraser Coast Regional,3220,au.qld.ergon,Ergon Energy,1,1,0,9,0,9,0
2026-10-05T01:30:47Z,2026-10-05T11:30:47+10:00,Torres Shire,6950,all,All providers,1,1,0,126,0,126,0
2026-10-05T01:30:47Z,2026-10-05T11:30:47+10:00,Torres Shire,6950,au.qld.ergon,Ergon Energy,1,1,0,126,0,126,0
2026-10-05T01:45:40Z,2026-10-05T11:45:40+10:00,Balonne Shire,300,all,All providers,1,1,0,3,0,3,0
2026-10-05T01:45:40Z,2026-10-05T11:45:40+10:00,Balonne Shire,300,au.qld.essentialenergy,Essential Energy,1,1,0,3,0,3,0
2026-10-05T01:45:40Z,2026-10-05T11:45:40+10:00,Fraser Coast Regional,3220,all,All providers,1,1,0,9,0,9,0
2026-10-05T01:45:40Z,2026-10-05T11:45:40+10:00,Fraser Coast Regional,3220,au.qld.ergon,Ergon Energy,1,1,0,9,0,9,0
2026-10-05T01:45:40Z,2026-10-05T11:45:40+10:00,Sunshine Coast Regional,6720,all,All providers,1,1,0,48,0,48,0
2026-10-05T01:45:40Z,2026-10-05T11:45:40+10:00,Sunshine Coast Regional,6720,au.qld.energex,Energex,1,1,0,48,0,48,0
2026-10-05T01:45:40Z,2026-10-05T11:45:40+10:00,Torres Shire,6950,all,All providers,1,1,0,126,0,126,0
2026-10-05T01:45:40Z,2026-10-05T11:45:40+10:00,Torres Shire,6950,au.qld.ergon,Ergon Energy,1,1,0,126,0,126,0
2026-10-05T02:01:33Z,2026-10-05T12:01:33+10:00,Balonne Shire,300,all,All providers,1,1,0,3,0,3,0
2026-10-05T02:01:33Z,2026-10-05T12:01:33+10:00,Balonne Shire,300,au.qld.essentialenergy,Essential Energy,1,1,0,3,0,3,0
2026-10-05T02:01:33Z,2026-10-05T12:01:33+10:00,Fraser Coast Regional,3220,all,All providers,1,1,0,9,0,9,0
2026-10-05T02:01:33Z,2026-10-05T12:01:33+10:00,Fraser Coast Regional,3220,au.qld.ergon,Ergon Energy,1,1,0,9,0,9,0
2026-10-05T02:01:33Z,2026-10-05T12:01:33+10:00,Sunshine Coast Regional,6720,all,All providers,1,1,0,48,0,48,0
2026-10-05T02:01:33Z,2026-10-05T12:01:33+10:00,Sunshine Coast Regional,6720,au.qld.energex,Energex,1,1,0,48,0,48,0
2026-10-05T02:01:33Z,2026-10-05T12:01:33+10:00,Torres Shire,6950,all,All providers,1,1,0,126,0,126,0
2026-10-05T02:01:33Z,2026-10-05T12:01:33+10:00,Torres Shire,6950,au.qld.ergon,Ergon Energy,1,1,0,126,0,126,0
2026-10-05T02:15:37Z,2026-10-05T12:15:37+10:00,Balonne Shire,300,all,All providers,1,1,0,3,0,3,0
2026-10-05T02:15:37Z,2026-10-05T12:15:37+10:00,Balonne Shire,300,au.qld.essentialenergy,Essential Energy,1,1,0,3,0,3,0
2026-10-05T02:15:37Z,2026-10-05T12:15:37+10:00,Fraser Coast Regional,3220,all,All providers,1,1,0,9,0,9,0
2026-10-05T02:15:37Z,2026-10-05T12:15:37+10:00,Fraser Coast Regional,3220,au.qld.ergon,Ergon Energy,1,1,0,9,0,9,0
2026-10-05T02:15:37Z,2026-10-05T12:15:37+10:00,Sunshine Coast Regional,6720,all,All providers,1,1,0,48,0,48,0
2026-10-05T02:15:37Z,2026-10-05T12:15:37+10:00,Sunshine Coast Regional,6720,au.qld.energex,Energex,1,1,0,48,0,48,0
2026-10-05T02:15:37Z,2026-10-05T12:15:37+10:00,Torres Shire,6950,all,All providers,1,1,0,126,0,126,0
2026-10-05T02:15:37Z,2026-10-05T12:15:37+10:00,Torres Shire,6950,au.qld.ergon,Ergon Energy,1,1,0,126,0,126,0
2026-10-05T02:30:47Z,2026-10-05T12:30:47+10:00,Balonne Shire,300,all,All providers,1,1,0,3,0,3,0
2026-10-05T02:30:47Z,2026-10-05T12:30:47+10:00,Balonne Shire,300,au.qld.essentialenergy,Essential Energy,1,1,0,3,0,3,0
2026-10-05T02:30:47Z,2026-10-05T12:30:47+10:00,Fraser Coast Regional,3220,all,All providers,1,1,0,9,0,9,0
2026-10-05T02:30:47Z,2026-10-05T12:30:47+10:00,Fraser Coast Regional,3220,au.qld.ergon,Ergon Energy,1,1,0,9,0,9,0
2026-10-05T02:30:47Z,2026-10-05T12:30:47+10:00,Mackay Regional,4770,all,All providers,1,1,0,26,0,26,0
2026-10-05T02:30:47Z,2026-10-05T12:30:47+10:00,Mackay Regional,4770,au.qld.ergon,Ergon Energy,1,1,0,26,0,26,0
2026-10-05T02:30:47Z,2026-10-05T12:30:47+10:00,Sunshine Coast Regional,6720,all,All providers,1,1,0,48,0,48,0
2026-10-05T02:30:47Z,2026-10-05T12:30:47+10:00,Sunshine Coast Regional,6720,au.qld.energex,Energex,1,1,0,48,0,48,0
2026-10-05T02:30:47Z,2026-10-05T12:30:47+10:00,Torres Shire,6950,all,All providers,1,1,0,126,0,126,0
2026-10-05T02:30:47Z,2026-10-05T12:30:47+10:00,Torres Shire,6950,au.qld.ergon,Ergon Energy,1,1,0,126,0,126,0
2026-10-05T02:45:40Z,2026-10-05T12:45:40+10:00,Balonne Shire,300,all,All providers,1,1,0,3,0,3,0
2026-10-05T02:45:40Z,2026-10-05T12:45:40+10:00,Balonne Shire,300,au.qld.essentialenergy,Essential Energy,1,1,0,3,0,3,0
2026-10-05T02:45:40Z,2026-10-05T12:45:40+10:00,Mackay Regional,4770,all,All providers,1,1,0,26,0,26,0
2026-10-05T02:45:40Z,2026-10-05T12:45:40+10:00,Mackay Regional,4770,au.qld.ergon,Ergon Energy,1,1,0,26,0,26,0
2026-10-05T02:45:40Z,2026-10-05T12:45:40+10:00,Sunshine Coast Regional,6720,all,All providers,1,1,0,48,0,48,0
2026-10-05T02:45:40Z,2026-10-05T12:45:40+10:00,Sunshine Coast Regional,6720,au.qld.energex,Energex,1,1,0,48,0,48,0
2026-10-05T02:45:40Z,2026-10-05T12:45:40+10:00,Torres Shire,6950,all,All providers,1,1,0,126,0,126,0
2026-10-05T02:45:40Z,2026-10-05T12:45:40+10:00,Torres Shire,6950,au.qld.ergon,Ergon Energy,1,1,0,126,0,126,0
2026-10-05T03:01:01Z,2026-10-05T13:01:01+10:00,Logan City,4590,all,All providers,1,1,0,6,0,6,0
2026-10-05T03:01:01Z,2026-10-05T13:01:01+10:00,Logan City,4590,au.qld.energex,Energex,1,1,0,6,0,6,0
2026-10-05T03:01:01Z,2026-10-05T13:01:01+10:00,Mackay Regional,4770,all,All providers,1,1,0,26,0,26,0
2026-10-05T03:01:01Z,2026-10-05T13:01:01+10:00,Mackay Regional,4770,au.qld.ergon,Ergon Energy,1,1,0,26,0,26,0
2026-10-05T03:01:01Z,2026-10-05T13:01:01+10:00,Sunshine Coast Regional,6720,all,All providers,1,1,0,48,0,48,0
2026-10-05T03:01:01Z,2026-10-05T13:01:01+10:00,Sunshine Coast Regional,6720,au.qld.energex,Energex,1,1,0,48,0,48,0
2026-10-05T03:01:01Z,2026-10-05T13:01:01+10:00,Torres Shire,6950,all,All providers,1,1,0,126,0,126,0
2026-10-05T03:01:01Z,2026-10-05T13:01:01+10:00,Torres Shire,6950,au.qld.ergon,Ergon Energy,1,1,0,126,0,126,0
2026-10-05T03:15:47Z,2026-10-05T13:15:47+10:00,Logan City,4590,all,All providers,1,1,0,6,0,6,0
2026-10-05T03:15:47Z,2026-10-05T13:15:47+10:00,Logan City,4590,au.qld.energex,Energex,1,1,0,6,0,6,0
2026-10-05T03:15:47Z,2026-10-05T13:15:47+10:00,Sunshine Coast Regional,6720,all,All providers,1,1,0,48,0,48,0
2026-10-05T03:15:47Z,2026-10-05T13:15:47+10:00,Sunshine Coast Regional,6720,au.qld.energex,Energex,1,1,0,48,0,48,0
2026-10-05T03:15:47Z,2026-10-05T13:15:47+10:00,Torres Shire,6950,all,All providers,1,1,0,126,0,126,0
2026-10-05T03:15:47Z,2026-10-05T13:15:47+10:00,Torres Shire,6950,au.qld.ergon,Ergon Energy,1,1,0,126,0,126,0
2026-10-05T03:30:49Z,2026-10-05T13:30:49+10:00,Isaac Regional,3980,all,All providers,1,1,0,22,0,22,0
2026-10-05T03:30:49Z,2026-10-05T13:30:49+10:00,Isaac Regional,3980,au.qld.ergon,Ergon Energy,1,1,0,22,0,22,0
2026-10-05T03:30:49Z,2026-10-05T13:30:49+10:00,Logan City,4590,all,All providers,1,1,0,6,0,6,0
2026-10-05T03:30:49Z,2026-10-05T13:30:49+10:00,Logan City,4590,au.qld.energex,Energex,1,1,0,6,0,6,0
2026-10-05T03:30:49Z,2026-10-05T13:30:49+10:00,Sunshine Coast Regional,6720,all,All providers,1,1,0,48,0,48,0
2026-10-05T03:30:49Z,2026-10-05T13:30:49+10:00,Sunshine Coast Regional,6720,au.qld.energex,Energex,1,1,0,48,0,48,0
2026-10-05T03:30:49Z,2026-10-05T13:30:49+10:00,Torres Shire,6950,all,All providers,1,1,0,126,0,126,0
2026-10-05T03:30:49Z,2026-10-05T13:30:49+10:00,Torres Shire,6950,au.qld.ergon,Ergon Energy,1,1,0,126,0,126,0
2026-10-05T03:45:41Z,2026-10-05T13:45:41+10:00,Isaac Regional,3980,all,All providers,1,1,0,22,0,22,0
2026-10-05T03:45:41Z,2026-10-05T13:45:41+10:00,Isaac Regional,3980,au.qld.ergon,Ergon Energy,1,1,0,22,0,22,0
2026-10-05T03:45:41Z,2026-10-05T13:45:41+10:00,Logan City,4590,all,All providers,1,1,0,6,0,6,0
2026-10-05T03:45:41Z,2026-10-05T13:45:41+10:00,Logan City,4590,au.qld.energex,Energex,1,1,0,6,0,6,0
2026-10-05T03:45:41Z,2026-10-05T13:45:41+10:00,Sunshine Coast Regional,6720,all,All providers,1,1,0,48,0,48,0
2026-10-05T03:45:41Z,2026-10-05T13:45:41+10:00,Sunshine Coast Regional,6720,au.qld.energex,Energex,1,1,0,48,0,48,0
2026-10-05T03:45:41Z,2026-10-05T13:45:41+10:00,Torres Shire,6950,all,All providers,1,1,0,126,0,126,0
2026-10-05T03:45:41Z,2026-10-05T13:45:41+10:00,Torres Shire,6950,au.qld.ergon,Ergon Energy,1,1,0,126,0,126,0
2026-10-05T04:00:58Z,2026-10-05T14:00:58+10:00,Isaac Regional,3980,all,All providers,1,1,0,22,0,22,0
2026-10-05T04:00:58Z,2026-10-05T14:00:58+10:00,Isaac Regional,3980,au.qld.ergon,Ergon Energy,1,1,0,22,0,22,0
2026-10-05T04:00:58Z,2026-10-05T14:00:58+10:00,Livingstone Shire,4530,all,All providers,1,1,0,53,0,53,0
2026-10-05T04:00:58Z,2026-10-05T14:00:58+10:00,Livingstone Shire,4530,au.qld.ergon,Ergon Energy,1,1,0,53,0,53,0
2026-10-05T04:00:58Z,2026-10-05T14:00:58+10:00,Sunshine Coast Regional,6720,all,All providers,1,1,0,48,0,48,0
2026-10-05T04:00:58Z,2026-10-05T14:00:58+10:00,Sunshine Coast Regional,6720,au.qld.energex,Energex,1,1,0,48,0,48,0
2026-10-05T04:00:58Z,2026-10-05T14:00:58+10:00,Torres Shire,6950,all,All providers,1,1,0,126,0,126,0
2026-10-05T04:00:58Z,2026-10-05T14:00:58+10:00,Torres Shire,6950,au.qld.ergon,Ergon Energy,1,1,0,126,0,126,0
2026-10-05T04:16:00Z,2026-10-05T14:16:00+10:00,Gympie Regional,3620,all,All providers,1,1,0,850,0,850,0
2026-10-05T04:16:00Z,2026-10-05T14:16:00+10:00,Gympie Regional,3620,au.qld.energex,Energex,1,1,0,850,0,850,0
2026-10-05T04:16:00Z,2026-10-05T14:16:00+10:00,Isaac Regional,3980,all,All providers,1,1,0,22,0,22,0
2026-10-05T04:16:00Z,2026-10-05T14:16:00+10:00,Isaac Regional,3980,au.qld.ergon,Ergon Energy,1,1,0,22,0,22,0
2026-10-05T04:16:00Z,2026-10-05T14:16:00+10:00,Livingstone Shire,4530,all,All providers,1,1,0,53,0,53,0
2026-10-05T04:16:00Z,2026-10-05T14:16:00+10:00,Livingstone Shire,4530,au.qld.ergon,Ergon Energy,1,1,0,53,0,53,0
2026-10-05T04:16:00Z,2026-10-05T14:16:00+10:00,Noosa Shire,5740,all,All providers,1,1,0,49,0,49,0
2026-10-05T04:16:00Z,2026-10-05T14:16:00+10:00,Noosa Shire,5740,au.qld.energex,Energex,1,1,0,49,0,49,0
2026-10-05T04:16:00Z,2026-10-05T14:16:00+10:00,Sunshine Coast Regional,6720,all,All providers,1,1,0,48,0,48,0
2026-10-05T04:16:00Z,2026-10-05T14:16:00+10:00,Sunshine Coast Regional,6720,au.qld.energex,Energex,1,1,0,48,0,48,0
2026-10-05T04:16:00Z,2026-10-05T14:16:00+10:00,Torres Shire,6950,all,All providers,1,1,0,126,0,126,0
2026-10-05T04:16:00Z,2026-10-05T14:16:00+10:00,Torres Shire,6950,au.qld.ergon,Ergon Energy,1,1,0,126,0,126,0
2026-10-05T04:30:50Z,2026-10-05T14:30:50+10:00,Gympie Regional,3620,all,All providers,1,1,0,850,0,850,0
2026-10-05T04:30:50Z,2026-10-05T14:30:50+10:00,Gympie Regional,3620,au.qld.energex,Energex,1,1,0,850,0,850,0
2026-10-05T04:30:50Z,2026-10-05T14:30:50+10:00,Isaac Regional,3980,all,All providers,1,1,0,22,0,22,0
2026-10-05T04:30:50Z,2026-10-05T14:30:50+10:00,Isaac Regional,3980,au.qld.ergon,Ergon Energy,1,1,0,22,0,22,0
2026-10-05T04:30:50Z,2026-10-05T14:30:50+10:00,Livingstone Shire,4530,all,All providers,1,1,0,53,0,53,0
2026-10-05T04:30:50Z,2026-10-05T14:30:50+10:00,Livingstone Shire,4530,au.qld.ergon,Ergon Energy,1,1,0,53,0,53,0
2026-10-05T04:30:50Z,2026-10-05T14:30:50+10:00,Noosa Shire,5740,all,All providers,1,1,0,49,0,49,0
2026-10-05T04:30:50Z,2026-10-05T14:30:50+10:00,Noosa Shire,5740,au.qld.energex,Energex,1,1,0,49,0,49,0
2026-10-05T04:30:50Z,2026-10-05T14:30:50+10:00,Sunshine Coast Regional,6720,all,All providers,1,1,0,32,0,32,0
2026-10-05T04:30:50Z,2026-10-05T14:30:50+10:00,Sunshine Coast Regional,6720,au.qld.energex,Energex,1,1,0,32,0,32,0
2026-10-05T04:30:50Z,2026-10-05T14:30:50+10:00,Torres Shire,6950,all,All providers,1,1,0,126,0,126,0
2026-10-05T04:30:50Z,2026-10-05T14:30:50+10:00,Torres Shire,6950,au.qld.ergon,Ergon Energy,1,1,0,126,0,126,0
2026-10-05T04:45:41Z,2026-10-05T14:45:41+10:00,Isaac Regional,3980,all,All providers,1,1,0,22,0,22,0
2026-10-05T04:45:41Z,2026-10-05T14:45:41+10:00,Isaac Regional,3980,au.qld.ergon,Ergon Energy,1,1,0,22,0,22,0
2026-10-05T04:45:41Z,2026-10-05T14:45:41+10:00,Livingstone Shire,4530,all,All providers,1,1,0,53,0,53,0
2026-10-05T04:45:41Z,2026-10-05T14:45:41+10:00,Livingstone Shire,4530,au.qld.ergon,Ergon Energy,1,1,0,53,0,53,0
2026-10-05T04:45:41Z,2026-10-05T14:45:41+10:00,Noosa Shire,5740,all,All providers,1,1,0,49,0,49,0
2026-10-05T04:45:41Z,2026-10-05T14:45:41+10:00,Noosa Shire,5740,au.qld.energex,Energex,1,1,0,49,0,49,0
2026-10-05T04:45:41Z,2026-10-05T14:45:41+10:00,Sunshine Coast Regional,6720,all,All providers,1,1,0,32,0,32,0
2026-10-05T04:45:41Z,2026-10-05T14:45:41+10:00,Sunshine Coast Regional,6720,au.qld.energex,Energex,1,1,0,32,0,32,0
2026-10-05T04:45:41Z,2026-10-05T14:45:41+10:00,Torres Shire,6950,all,All providers,1,1,0,126,0,126,0
2026-10-05T04:45:41Z,2026-10-05T14:45:41+10:00,Torres Shire,6950,au.qld.ergon,Ergon Energy,1,1,0,126,0,126,0
2026-10-05T05:00:58Z,2026-10-05T15:00:58+10:00,Isaac Regional,3980,all,All providers,1,1,0,22,0,22,0
2026-10-05T05:00:58Z,2026-10-05T15:00:58+10:00,Isaac Regional,3980,au.qld.ergon,Ergon Energy,1,1,0,22,0,22,0
2026-10-05T05:00:58Z,2026-10-05T15:00:58+10:00,Livingstone Shire,4530,all,All providers,1,1,0,53,0,53,0
2026-10-05T05:00:58Z,2026-10-05T15:00:58+10:00,Livingstone Shire,4530,au.qld.ergon,Ergon Energy,1,1,0,53,0,53,0
2026-10-05T05:00:58Z,2026-10-05T15:00:58+10:00,Noosa Shire,5740,all,All providers,1,1,0,49,0,49,0
2026-10-05T05:00:58Z,2026-10-05T15:00:58+10:00,Noosa Shire,5740,au.qld.energex,Energex,1,1,0,49,0,49,0
2026-10-05T05:00:58Z,2026-10-05T15:00:58+10:00,Sunshine Coast Regional,6720,all,All providers,1,1,0,32,0,32,0
2026-10-05T05:00:58Z,2026-10-05T15:00:58+10:00,Sunshine Coast Regional,6720,au.qld.energex,Energex,1,1,0,32,0,32,0
2026-10-05T05:00:58Z,2026-10-05T15:00:58+10:00,Torres Shire,6950,all,All providers,1,1,0,126,0,126,0
2026-10-05T05:00:58Z,2026-10-05T15:00:58+10:00,Torres Shire,6950,au.qld.ergon,Ergon Energy,1,1,0,126,0,126,0
2026-10-05T05:15:44Z,2026-10-05T15:15:44+10:00,Isaac Regional,3980,all,All providers,1,1,0,22,0,22,0
2026-10-05T05:15:44Z,2026-10-05T15:15:44+10:00,Isaac Regional,3980,au.qld.ergon,Ergon Energy,1,1,0,22,0,22,0
2026-10-05T05:15:44Z,2026-10-05T15:15:44+10:00,Livingstone Shire,4530,all,All providers,1,1,0,53,0,53,0
2026-10-05T05:15:44Z,2026-10-05T15:15:44+10:00,Livingstone Shire,4530,au.qld.ergon,Ergon Energy,1,1,0,53,0,53,0
2026-10-05T05:15:44Z,2026-10-05T15:15:44+10:00,Noosa Shire,5740,all,All providers,1,1,0,49,0,49,0
2026-10-05T05:15:44Z,2026-10-05T15:15:44+10:00,Noosa Shire,5740,au.qld.energex,Energex,1,1,0,49,0,49,0
2026-10-05T05:15:44Z,2026-10-05T15:15:44+10:00,Sunshine Coast Regional,6720,all,All providers,1,1,0,32,0,32,0
2026-10-05T05:15:44Z,2026-10-05T15:15:44+10:00,Sunshine Coast Regional,6720,au.qld.energex,Energex,1,1,0,32,0,32,0
2026-10-05T05:15:44Z,2026-10-05T15:15:44+10:00,Torres Shire,6950,all,All providers,1,1,0,126,0,126,0
2026-10-05T05:15:44Z,2026-10-05T15:15:44+10:00,Torres Shire,6950,au.qld.ergon,Ergon Energy,1,1,0,126,0,126,0
2026-10-05T05:30:48Z,2026-10-05T15:30:48+10:00,Isaac Regional,3980,all,All providers,1,1,0,22,0,22,0
2026-10-05T05:30:48Z,2026-10-05T15:30:48+10:00,Isaac Regional,3980,au.qld.ergon,Ergon Energy,1,1,0,22,0,22,0
2026-10-05T05:30:48Z,2026-10-05T15:30:48+10:00,Sunshine Coast Regional,6720,all,All providers,1,1,0,32,0,32,0
2026-10-05T05:30:48Z,2026-10-05T15:30:48+10:00,Sunshine Coast Regional,6720,au.qld.energex,Energex,1,1,0,32,0,32,0
2026-10-05T05:30:48Z,2026-10-05T15:30:48+10:00,Torres Shire,6950,all,All providers,1,1,0,126,0,126,0
2026-10-05T05:30:48Z,2026-10-05T15:30:48+10:00,Torres Shire,6950,au.qld.ergon,Ergon Energy,1,1,0,126,0,126,0
2026-10-05T05:45:45Z,2026-10-05T15:45:45+10:00,Isaac Regional,3980,all,All providers,1,1,0,22,0,22,0
2026-10-05T05:45:45Z,2026-10-05T15:45:45+10:00,Isaac Regional,3980,au.qld.ergon,Ergon Energy,1,1,0,22,0,22,0
2026-10-05T05:45:45Z,2026-10-05T15:45:45+10:00,Sunshine Coast Regional,6720,all,All providers,1,1,0,32,0,32,0
2026-10-05T05:45:45Z,2026-10-05T15:45:45+10:00,Sunshine Coast Regional,6720,au.qld.energex,Energex,1,1,0,32,0,32,0
2026-10-05T05:45:45Z,2026-10-05T15:45:45+10:00,Torres Shire,6950,all,All providers,1,1,0,126,0,126,0
2026-10-05T05:45:45Z,2026-10-05T15:45:45+10:00,Torres Shire,6950,au.qld.ergon,Ergon Energy,1,1,0,126,0,126,0
2026-10-05T06:01:00Z,2026-10-05T16:01:00+10:00,Isaac Regional,3980,all,All providers,1,1,0,22,0,22,0
2026-10-05T06:01:00Z,2026-10-05T16:01:00+10:00,Isaac Regional,3980,au.qld.ergon,Ergon Energy,1,1,0,22,0,22,0
2026-10-05T06:01:00Z,2026-10-05T16:01:00+10:00,Sunshine Coast Regional,6720,all,All providers,1,1,0,32,0,32,0
2026-10-05T06:01:00Z,2026-10-05T16:01:00+10:00,Sunshine Coast Regional,6720,au.qld.energex,Energex,1,1,0,32,0,32,0
2026-10-05T06:01:00Z,2026-10-05T16:01:00+10:00,Torres Shire,6950,all,All providers,1,1,0,126,0,126,0
2026-10-05T06:01:00Z,2026-10-05T16:01:00+10:00,Torres Shire,6950,au.qld.ergon,Ergon Energy,1,1,0,126,0,126,0
2026-10-05T06:15:42Z,2026-10-05T16:15:42+10:00,Isaac Regional,3980,all,All providers,1,1,0,22,0,22,0
2026-10-05T06:15:42Z,2026-10-05T16:15:42+10:00,Isaac Regional,3980,au.qld.ergon,Ergon Energy,1,1,0,22,0,22,0
2026-10-05T06:15:42Z,2026-10-05T16:15:42+10:00,Sunshine Coast Regional,6720,all,All providers,1,1,0,32,0,32,0
2026-10-05T06:15:42Z,2026-10-05T16:15:42+10:00,Sunshine Coast Regional,6720,au.qld.energex,Energex,1,1,0,32,0,32,0
2026-10-05T06:15:42Z,2026-10-05T16:15:42+10:00,Torres Shire,6950,all,All providers,1,1,0,126,0,126,0
2026-10-05T06:15:42Z,2026-10-05T16:15:42+10:00,Torres Shire,6950,au.qld.ergon,Ergon Energy,1,1,0,126,0,126,0
2026-10-05T06:30:49Z,2026-10-05T16:30:49+10:00,Isaac Regional,3980,all,All providers,1,1,0,22,0,22,0
2026-10-05T06:30:49Z,2026-10-05T16:30:49+10:00,Isaac Regional,3980,au.qld.ergon,Ergon Energy,1,1,0,22,0,22,0
2026-10-05T06:30:49Z,2026-10-05T16:30:49+10:00,Sunshine Coast Regional,6720,all,All providers,1,1,0,32,0,32,0
2026-10-05T06:30:49Z,2026-10-05T16:30:49+10:00,Sunshine Coast Regional,6720,au.qld.energex,Energex,1,1,0,32,0,32,0
2026-10-05T06:30:49Z,2026-10-05T16:30:49+10:00,Torres Shire,6950,all,All providers,1,1,0,126,0,126,0
2026-10-05T06:30:49Z,2026-10-05T16:30:49+10:00,Torres Shire,6950,au.qld.ergon,Ergon Energy,1,1,0,126,0,126,0
2026-10-05T06:45:38Z,2026-10-05T16:45:38+10:00,Isaac Regional,3980,all,All providers,1,1,0,22,0,22,0
2026-10-05T06:45:38Z,2026-10-05T16:45:38+10:00,Isaac Regional,3980,au.qld.ergon,Ergon Energy,1,1,0,22,0,22,0
2026-10-05T06:45:38Z,2026-10-05T16:45:38+10:00,Sunshine Coast Regional,6720,all,All providers,1,1,0,32,0,32,0
2026-10-05T06:45:38Z,2026-10-05T16:45:38+10:00,Sunshine Coast Regional,6720,au.qld.energex,Energex,1,1,0,32,0,32,0
2026-10-05T06:45:38Z,2026-10-05T16:45:38+10:00,Torres Shire,6950,all,All providers,1,1,0,126,0,126,0
2026-10-05T06:45:38Z,2026-10-05T16:45:38+10:00,Torres Shire,6950,au.qld.ergon,Ergon Energy,1,1,0,126,0,126,0
2026-10-05T07:00:58Z,2026-10-05T17:00:58+10:00,Isaac Regional,3980,all,All providers,2,2,0,117,0,117,0
2026-10-05T07:00:58Z,2026-10-05T17:00:58+10:00,Isaac Regional,3980,au.qld.ergon,Ergon Energy,2,2,0,117,0,117,0
2026-10-05T07:00:58Z,2026-10-05T17:00:58+10:00,Sunshine Coast Regional,6720,all,All providers,1,1,0,32,0,32,0
2026-10-05T07:00:58Z,2026-10-05T17:00:58+10:00,Sunshine Coast Regional,6720,au.qld.energex,Energex,1,1,0,32,0,32,0
2026-10-05T07:15:38Z,2026-10-05T17:15:38+10:00,Isaac Regional,3980,all,All providers,2,2,0,117,0,117,0
2026-10-05T07:15:38Z,2026-10-05T17:15:38+10:00,Isaac Regional,3980,au.qld.ergon,Ergon Energy,2,2,0,117,0,117,0
2026-10-05T07:15:38Z,2026-10-05T17:15:38+10:00,Sunshine Coast Regional,6720,all,All providers,1,1,0,32,0,32,0
2026-10-05T07:15:38Z,2026-10-05T17:15:38+10:00,Sunshine Coast Regional,6720,au.qld.energex,Energex,1,1,0,32,0,32,0
2026-10-05T07:30:47Z,2026-10-05T17:30:47+10:00,Bundaberg Regional,1820,all,All providers,1,1,0,77,0,77,0
2026-10-05T07:30:47Z,2026-10-05T17:30:47+10:00,Bundaberg Regional,1820,au.qld.ergon,Ergon Energy,1,1,0,77,0,77,0
2026-10-05T07:30:47Z,2026-10-05T17:30:47+10:00,Isaac Regional,3980,all,All providers,2,2,0,117,0,117,0
2026-10-05T07:30:47Z,2026-10-05T17:30:47+10:00,Isaac Regional,3980,au.qld.ergon,Ergon Energy,2,2,0,117,0,117,0
2026-10-05T07:30:47Z,2026-10-05T17:30:47+10:00,Sunshine Coast Regional,6720,all,All providers,1,1,0,32,0,32,0
2026-10-05T07:30:47Z,2026-10-05T17:30:47+10:00,Sunshine Coast Regional,6720,au.qld.energex,Energex,1,1,0,32,0,32,0
2026-10-05T07:45:41Z,2026-10-05T17:45:41+10:00,Bundaberg Regional,1820,all,All providers,1,1,0,77,0,77,0
2026-10-05T07:45:41Z,2026-10-05T17:45:41+10:00,Bundaberg Regional,1820,au.qld.ergon,Ergon Energy,1,1,0,77,0,77,0
2026-10-05T07:45:41Z,2026-10-05T17:45:41+10:00,Isaac Regional,3980,all,All providers,2,2,0,117,0,117,0
2026-10-05T07:45:41Z,2026-10-05T17:45:41+10:00,Isaac Regional,3980,au.qld.ergon,Ergon Energy,2,2,0,117,0,117,0
2026-10-05T07:45:41Z,2026-10-05T17:45:41+10:00,Sunshine Coast Regional,6720,all,All providers,1,1,0,32,0,32,0
2026-10-05T07:45:41Z,2026-10-05T17:45:41+10:00,Sunshine Coast Regional,6720,au.qld.energex,Energex,1,1,0,32,0,32,0
2026-10-05T08:01:01Z,2026-10-05T18:01:01+10:00,Bundaberg Regional,1820,all,All providers,1,1,0,77,0,77,0
2026-10-05T08:01:01Z,2026-10-05T18:01:01+10:00,Bundaberg Regional,1820,au.qld.ergon,Ergon Energy,1,1,0,77,0,77,0
2026-10-05T08:01:01Z,2026-10-05T18:01:01+10:00,Isaac Regional,3980,all,All providers,2,2,0,117,0,117,0
2026-10-05T08:01:01Z,2026-10-05T18:01:01+10:00,Isaac Regional,3980,au.qld.ergon,Ergon Energy,2,2,0,117,0,117,0
2026-10-05T08:01:01Z,2026-10-05T18:01:01+10:00,Mount Isa City,5300,all,All providers,1,1,0,115,0,115,0
2026-10-05T08:01:01Z,2026-10-05T18:01:01+10:00,Mount Isa City,5300,au.qld.ergon,Ergon Energy,1,1,0,115,0,115,0
2026-10-05T08:01:01Z,2026-10-05T18:01:01+10:00,Redland City,6250,all,All providers,1,1,0,688,0,688,0
2026-10-05T08:01:01Z,2026-10-05T18:01:01+10:00,Redland City,6250,au.qld.energex,Energex,1,1,0,688,0,688,0
2026-10-05T08:01:01Z,2026-10-05T18:01:01+10:00,Sunshine Coast Regional,6720,all,All providers,1,1,0,32,0,32,0
2026-10-05T08:01:01Z,2026-10-05T18:01:01+10:00,Sunshine Coast Regional,6720,au.qld.energex,Energex,1,1,0,32,0,32,0
2026-10-05T08:15:33Z,2026-10-05T18:15:33+10:00,Bundaberg Regional,1820,all,All providers,1,1,0,77,0,77,0
2026-10-05T08:15:33Z,2026-10-05T18:15:33+10:00,Bundaberg Regional,1820,au.qld.ergon,Ergon Energy,1,1,0,77,0,77,0
2026-10-05T08:15:33Z,2026-10-05T18:15:33+10:00,Gympie Regional,3620,all,All providers,1,1,0,5,0,5,0
2026-10-05T08:15:33Z,2026-10-05T18:15:33+10:00,Gympie Regional,3620,au.qld.energex,Energex,1,1,0,5,0,5,0
2026-10-05T08:15:33Z,2026-10-05T18:15:33+10:00,Isaac Regional,3980,all,All providers,2,2,0,117,0,117,0
2026-10-05T08:15:33Z,2026-10-05T18:15:33+10:00,Isaac Regional,3980,au.qld.ergon,Ergon Energy,2,2,0,117,0,117,0
2026-10-05T08:15:33Z,2026-10-05T18:15:33+10:00,Mount Isa City,5300,all,All providers,1,1,0,115,0,115,0
2026-10-05T08:15:33Z,2026-10-05T18:15:33+10:00,Mount Isa City,5300,au.qld.ergon,Ergon Energy,1,1,0,115,0,115,0
2026-10-05T08:15:33Z,2026-10-05T18:15:33+10:00,Redland City,6250,all,All providers,1,1,0,688,0,688,0
2026-10-05T08:15:33Z,2026-10-05T18:15:33+10:00,Redland City,6250,au.qld.energex,Energex,1,1,0,688,0,688,0
2026-10-05T08:15:33Z,2026-10-05T18:15:33+10:00,Sunshine Coast Regional,6720,all,All providers,1,1,0,32,0,32,0
2026-10-05T08:15:33Z,2026-10-05T18:15:33+10:00,Sunshine Coast Regional,6720,au.qld.energex,Energex,1,1,0,32,0,32,0
2026-10-05T08:30:52Z,2026-10-05T18:30:52+10:00,Brisbane City,1000,all,All providers,1,1,0,25,0,25,0
2026-10-05T08:30:52Z,2026-10-05T18:30:52+10:00,Brisbane City,1000,au.qld.energex,Energex,1,1,0,25,0,25,0
2026-10-05T08:30:52Z,2026-10-05T18:30:52+10:00,Bundaberg Regional,1820,all,All providers,1,1,0,77,0,77,0
2026-10-05T08:30:52Z,2026-10-05T18:30:52+10:00,Bundaberg Regional,1820,au.qld.ergon,Ergon Energy,1,1,0,77,0,77,0
2026-10-05T08:30:52Z,2026-10-05T18:30:52+10:00,Gympie Regional,3620,all,All providers,1,1,0,5,0,5,0
2026-10-05T08:30:52Z,2026-10-05T18:30:52+10:00,Gympie Regional,3620,au.qld.energex,Energex,1,1,0,5,0,5,0
2026-10-05T08:30:52Z,2026-10-05T18:30:52+10:00,Isaac Regional,3980,all,All providers,2,2,0,117,0,117,0
2026-10-05T08:30:52Z,2026-10-05T18:30:52+10:00,Isaac Regional,3980,au.qld.ergon,Ergon Energy,2,2,0,117,0,117,0
2026-10-05T08:30:52Z,2026-10-05T18:30:52+10:00,Mount Isa City,5300,all,All providers,1,1,0,115,0,115,0
2026-10-05T08:30:52Z,2026-10-05T18:30:52+10:00,Mount Isa City,5300,au.qld.ergon,Ergon Energy,1,1,0,115,0,115,0
2026-10-05T08:30:52Z,2026-10-05T18:30:52+10:00,Redland City,6250,all,All providers,1,1,0,688,0,688,0
2026-10-05T08:30:52Z,2026-10-05T18:30:52+10:00,Redland City,6250,au.qld.energex,Energex,1,1,0,688,0,688,0
2026-10-05T08:45:42Z,2026-10-05T18:45:42+10:00,Brisbane City,1000,all,All providers,1,1,0,25,0,25,0
2026-10-05T08:45:42Z,2026-10-05T18:45:42+10:00,Brisbane City,1000,au.qld.energex,Energex,1,1,0,25,0,25,0
2026-10-05T08:45:42Z,2026-10-05T18:45:42+10:00,Bundaberg Regional,1820,all,All providers,1,1,0,77,0,77,0
2026-10-05T08:45:42Z,2026-10-05T18:45:42+10:00,Bundaberg Regional,1820,au.qld.ergon,Ergon Energy,1,1,0,77,0,77,0
2026-10-05T08:45:42Z,2026-10-05T18:45:42+10:00,Gympie Regional,3620,all,All providers,1,1,0,5,0,5,0
2026-10-05T08:45:42Z,2026-10-05T18:45:42+10:00,Gympie Regional,3620,au.qld.energex,Energex,1,1,0,5,0,5,0
2026-10-05T08:45:42Z,2026-10-05T18:45:42+10:00,Isaac Regional,3980,all,All providers,2,2,0,117,0,117,0
2026-10-05T08:45:42Z,2026-10-05T18:45:42+10:00,Isaac Regional,3980,au.qld.ergon,Ergon Energy,2,2,0,117,0,117,0
2026-10-05T08:45:42Z,2026-10-05T18:45:42+10:00,Mount Isa City,5300,all,All providers,1,1,0,115,0,115,0
2026-10-05T08:45:42Z,2026-10-05T18:45:42+10:00,Mount Isa City,5300,au.qld.ergon,Ergon Energy,1,1,0,115,0,115,0
2026-10-05T08:45:42Z,2026-10-05T18:45:42+10:00,Redland City,6250,all,All providers,1,1,0,688,0,688,0
2026-10-05T08:45:42Z,2026-10-05T18:45:42+10:00,Redland City,6250,au.qld.energex,Energex,1,1,0,688,0,688,0
2026-10-05T09:01:02Z,2026-10-05T19:01:02+10:00,Brisbane City,1000,all,All providers,1,1,0,7,0,7,0
2026-10-05T09:01:02Z,2026-10-05T19:01:02+10:00,Brisbane City,1000,au.qld.energex,Energex,1,1,0,7,0,7,0
2026-10-05T09:01:02Z,2026-10-05T19:01:02+10:00,Bundaberg Regional,1820,all,All providers,1,1,0,77,0,77,0
2026-10-05T09:01:02Z,2026-10-05T19:01:02+10:00,Bundaberg Regional,1820,au.qld.ergon,Ergon Energy,1,1,0,77,0,77,0
2026-10-05T09:01:02Z,2026-10-05T19:01:02+10:00,Isaac Regional,3980,all,All providers,1,1,0,22,0,22,0
2026-10-05T09:01:02Z,2026-10-05T19:01:02+10:00,Isaac Regional,3980,au.qld.ergon,Ergon Energy,1,1,0,22,0,22,0
2026-10-05T09:01:02Z,2026-10-05T19:01:02+10:00,Mount Isa City,5300,all,All providers,1,1,0,115,0,115,0
2026-10-05T09:01:02Z,2026-10-05T19:01:02+10:00,Mount Isa City,5300,au.qld.ergon,Ergon Energy,1,1,0,115,0,115,0
2026-10-05T09:01:02Z,2026-10-05T19:01:02+10:00,Redland City,6250,all,All providers,1,1,0,688,0,688,0
2026-10-05T09:01:02Z,2026-10-05T19:01:02+10:00,Redland City,6250,au.qld.energex,Energex,1,1,0,688,0,688,0
2026-10-05T09:15:42Z,2026-10-05T19:15:42+10:00,Brisbane City,1000,all,All providers,1,1,0,7,0,7,0
2026-10-05T09:15:42Z,2026-10-05T19:15:42+10:00,Brisbane City,1000,au.qld.energex,Energex,1,1,0,7,0,7,0
2026-10-05T09:15:42Z,2026-10-05T19:15:42+10:00,Isaac Regional,3980,all,All providers,1,1,0,22,0,22,0
2026-10-05T09:15:42Z,2026-10-05T19:15:42+10:00,Isaac Regional,3980,au.qld.ergon,Ergon Energy,1,1,0,22,0,22,0
2026-10-05T09:15:42Z,2026-10-05T19:15:42+10:00,Mount Isa City,5300,all,All providers,1,1,0,115,0,115,0
2026-10-05T09:15:42Z,2026-10-05T19:15:42+10:00,Mount Isa City,5300,au.qld.ergon,Ergon Energy,1,1,0,115,0,115,0
2026-10-05T09:15:42Z,2026-10-05T19:15:42+10:00,Redland City,6250,all,All providers,1,1,0,688,0,688,0
2026-10-05T09:15:42Z,2026-10-05T19:15:42+10:00,Redland City,6250,au.qld.energex,Energex,1,1,0,688,0,688,0
2026-10-05T09:30:46Z,2026-10-05T19:30:46+10:00,Brisbane City,1000,all,All providers,1,1,0,7,0,7,0
2026-10-05T09:30:46Z,2026-10-05T19:30:46+10:00,Brisbane City,1000,au.qld.energex,Energex,1,1,0,7,0,7,0
2026-10-05T09:30:46Z,2026-10-05T19:30:46+10:00,Isaac Regional,3980,all,All providers,1,1,0,22,0,22,0
2026-10-05T09:30:46Z,2026-10-05T19:30:46+10:00,Isaac Regional,3980,au.qld.ergon,Ergon Energy,1,1,0,22,0,22,0
2026-10-05T09:30:46Z,2026-10-05T19:30:46+10:00,Mount Isa City,5300,all,All providers,1,1,0,115,0,115,0
2026-10-05T09:30:46Z,2026-10-05T19:30:46+10:00,Mount Isa City,5300,au.qld.ergon,Ergon Energy,1,1,0,115,0,115,0
2026-10-05T09:30:46Z,2026-10-05T19:30:46+10:00,Redland City,6250,all,All providers,1,1,0,688,0,688,0
2026-10-05T09:30:46Z,2026-10-05T19:30:46+10:00,Redland City,6250,au.qld.energex,Energex,1,1,0,688,0,688,0
2026-10-05T09:45:42Z,2026-10-05T19:45:42+10:00,Brisbane City,1000,all,All providers,1,1,0,7,0,7,0
2026-10-05T09:45:42Z,2026-10-05T19:45:42+10:00,Brisbane City,1000,au.qld.energex,Energex,1,1,0,7,0,7,0
2026-10-05T09:45:42Z,2026-10-05T19:45:42+10:00,Isaac Regional,3980,all,All providers,1,1,0,22,0,22,0
2026-10-05T09:45:42Z,2026-10-05T19:45:42+10:00,Isaac Regional,3980,au.qld.ergon,Ergon Energy,1,1,0,22,0,22,0
2026-10-05T09:45:42Z,2026-10-05T19:45:42+10:00,Mount Isa City,5300,all,All providers,1,1,0,115,0,115,0
2026-10-05T09:45:42Z,2026-10-05T19:45:42+10:00,Mount Isa City,5300,au.qld.ergon,Ergon Energy,1,1,0,115,0,115,0
2026-10-05T09:45:42Z,2026-10-05T19:45:42+10:00,Redland City,6250,all,All providers,1,1,0,688,0,688,0
2026-10-05T09:45:42Z,2026-10-05T19:45:42+10:00,Redland City,6250,au.qld.energex,Energex,1,1,0,688,0,688,0
2026-10-05T10:01:02Z,2026-10-05T20:01:02+10:00,Brisbane City,1000,all,All providers,1,1,0,7,0,7,0
2026-10-05T10:01:02Z,2026-10-05T20:01:02+10:00,Brisbane City,1000,au.qld.energex,Energex,1,1,0,7,0,7,0
2026-10-05T10:01:02Z,2026-10-05T20:01:02+10:00,Isaac Regional,3980,all,All providers,1,1,0,22,0,22,0
2026-10-05T10:01:02Z,2026-10-05T20:01:02+10:00,Isaac Regional,3980,au.qld.ergon,Ergon Energy,1,1,0,22,0,22,0
2026-10-05T10:01:02Z,2026-10-05T20:01:02+10:00,Mount Isa City,5300,all,All providers,1,1,0,115,0,115,0
2026-10-05T10:01:02Z,2026-10-05T20:01:02+10:00,Mount Isa City,5300,au.qld.ergon,Ergon Energy,1,1,0,115,0,115,0
2026-10-05T10:01:02Z,2026-10-05T20:01:02+10:00,Redland City,6250,all,All providers,1,1,0,688,0,688,0
2026-10-05T10:01:02Z,2026-10-05T20:01:02+10:00,Redland City,6250,au.qld.energex,Energex,1,1,0,688,0,688,0
2026-10-05T10:01:02Z,2026-10-05T20:01:02+10:00,Townsville City,7010,all,All providers,1,1,0,2,0,2,0
2026-10-05T10:01:02Z,2026-10-05T20:01:02+10:00,Townsville City,7010,au.qld.ergon,Ergon Energy,1,1,0,2,0,2,0
2026-10-05T10:15:42Z,2026-10-05T20:15:42+10:00,Brisbane City,1000,all,All providers,1,1,0,7,0,7,0
2026-10-05T10:15:42Z,2026-10-05T20:15:42+10:00,Brisbane City,1000,au.qld.energex,Energex,1,1,0,7,0,7,0
2026-10-05T10:15:42Z,2026-10-05T20:15:42+10:00,Isaac Regional,3980,all,All providers,1,1,0,22,0,22,0
2026-10-05T10:15:42Z,2026-10-05T20:15:42+10:00,Isaac Regional,3980,au.qld.ergon,Ergon Energy,1,1,0,22,0,22,0
2026-10-05T10:15:42Z,2026-10-05T20:15:42+10:00,Mount Isa City,5300,all,All providers,1,1,0,115,0,115,0
2026-10-05T10:15:42Z,2026-10-05T20:15:42+10:00,Mount Isa City,5300,au.qld.ergon,Ergon Energy,1,1,0,115,0,115,0
2026-10-05T10:15:42Z,2026-10-05T20:15:42+10:00,Redland City,6250,all,All providers,1,1,0,688,0,688,0
2026-10-05T10:15:42Z,2026-10-05T20:15:42+10:00,Redland City,6250,au.qld.energex,Energex,1,1,0,688,0,688,0
2026-10-05T10:15:42Z,2026-10-05T20:15:42+10:00,Townsville City,7010,all,All providers,1,1,0,2,0,2,0
2026-10-05T10:15:42Z,2026-10-05T20:15:42+10:00,Townsville City,7010,au.qld.ergon,Ergon Energy,1,1,0,2,0,2,0
2026-10-05T10:30:49Z,2026-10-05T20:30:49+10:00,Brisbane City,1000,all,All providers,1,1,0,7,0,7,0
2026-10-05T10:30:49Z,2026-10-05T20:30:49+10:00,Brisbane City,1000,au.qld.energex,Energex,1,1,0,7,0,7,0
2026-10-05T10:30:49Z,2026-10-05T20:30:49+10:00,Redland City,6250,all,All providers,1,1,0,688,0,688,0
2026-10-05T10:30:49Z,2026-10-05T20:30:49+10:00,Redland City,6250,au.qld.energex,Energex,1,1,0,688,0,688,0
2026-10-05T10:30:49Z,2026-10-05T20:30:49+10:00,Townsville City,7010,all,All providers,1,1,0,2,0,2,0
2026-10-05T10:30:49Z,2026-10-05T20:30:49+10:00,Townsville City,7010,au.qld.ergon,Ergon Energy,1,1,0,2,0,2,0
2026-10-05T10:45:38Z,2026-10-05T20:45:38+10:00,Livingstone Shire,4530,all,All providers,1,1,0,73,0,73,0
2026-10-05T10:45:38Z,2026-10-05T20:45:38+10:00,Livingstone Shire,4530,au.qld.ergon,Ergon Energy,1,1,0,73,0,73,0
2026-10-05T10:45:38Z,2026-10-05T20:45:38+10:00,Redland City,6250,all,All providers,1,1,0,226,0,226,0
2026-10-05T10:45:38Z,2026-10-05T20:45:38+10:00,Redland City,6250,au.qld.energex,Energex,1,1,0,226,0,226,0
2026-10-05T10:45:38Z,2026-10-05T20:45:38+10:00,Townsville City,7010,all,All providers,1,1,0,2,0,2,0
2026-10-05T10:45:38Z,2026-10-05T20:45:38+10:00,Townsville City,7010,au.qld.ergon,Ergon Energy,1,1,0,2,0,2,0
2026-10-05T11:01:01Z,2026-10-05T21:01:01+10:00,Redland City,6250,all,All providers,1,1,0,688,0,688,0
2026-10-05T11:01:01Z,2026-10-05T21:01:01+10:00,Redland City,6250,au.qld.energex,Energex,1,1,0,688,0,688,0
2026-10-05T11:01:01Z,2026-10-05T21:01:01+10:00,Western Downs Regional,7310,all,All providers,1,1,0,59,0,59,0
2026-10-05T11:01:01Z,2026-10-05T21:01:01+10:00,Western Downs Regional,7310,au.qld.ergon,Ergon Energy,1,1,0,59,0,59,0
2026-10-05T11:15:35Z,2026-10-05T21:15:35+10:00,Central Highlands Regional,2270,all,All providers,1,1,0,5,0,5,0
2026-10-05T11:15:35Z,2026-10-05T21:15:35+10:00,Central Highlands Regional,2270,au.qld.ergon,Ergon Energy,1,1,0,5,0,5,0
2026-10-05T11:15:35Z,2026-10-05T21:15:35+10:00,Redland City,6250,all,All providers,1,1,0,688,0,688,0
2026-10-05T11:15:35Z,2026-10-05T21:15:35+10:00,Redland City,6250,au.qld.energex,Energex,1,1,0,688,0,688,0
2026-10-05T11:15:35Z,2026-10-05T21:15:35+10:00,Western Downs Regional,7310,all,All providers,1,1,0,59,0,59,0
2026-10-05T11:15:35Z,2026-10-05T21:15:35+10:00,Western Downs Regional,7310,au.qld.ergon,Ergon Energy,1,1,0,59,0,59,0
2026-10-05T11:30:54Z,2026-10-05T21:30:54+10:00,Redland City,6250,all,All providers,1,1,0,688,0,688,0
2026-10-05T11:30:54Z,2026-10-05T21:30:54+10:00,Redland City,6250,au.qld.energex,Energex,1,1,0,688,0,688,0
2026-10-05T11:30:54Z,2026-10-05T21:30:54+10:00,Western Downs Regional,7310,all,All providers,1,1,0,59,0,59,0
2026-10-05T11:30:54Z,2026-10-05T21:30:54+10:00,Western Downs Regional,7310,au.qld.ergon,Ergon Energy,1,1,0,59,0,59,0
2026-10-05T11:45:49Z,2026-10-05T21:45:49+10:00,Redland City,6250,all,All providers,1,1,0,688,0,688,0
2026-10-05T11:45:49Z,2026-10-05T21:45:49+10:00,Redland City,6250,au.qld.energex,Energex,1,1,0,688,0,688,0
2026-10-05T11:45:49Z,2026-10-05T21:45:49+10:00,Western Downs Regional,7310,all,All providers,1,1,0,59,0,59,0
2026-10-05T11:45:49Z,2026-10-05T21:45:49+10:00,Western Downs Regional,7310,au.qld.ergon,Ergon Energy,1,1,0,59,0,59,0
2026-10-05T12:01:04Z,2026-10-05T22:01:04+10:00,Redland City,6250,all,All providers,1,1,0,688,0,688,0
2026-10-05T12:01:04Z,2026-10-05T22:01:04+10:00,Redland City,6250,au.qld.energex,Energex,1,1,0,688,0,688,0
2026-10-05T12:01:04Z,2026-10-05T22:01:04+10:00,Western Downs Regional,7310,all,All providers,1,1,0,59,0,59,0
2026-10-05T12:01:04Z,2026-10-05T22:01:04+10:00,Western Downs Regional,7310,au.qld.ergon,Ergon Energy,1,1,0,59,0,59,0
2026-10-05T12:15:41Z,2026-10-05T22:15:41+10:00,Redland City,6250,all,All providers,1,1,0,688,0,688,0
2026-10-05T12:15:41Z,2026-10-05T22:15:41+10:00,Redland City,6250,au.qld.energex,Energex,1,1,0,688,0,688,0
2026-10-05T12:15:41Z,2026-10-05T22:15:41+10:00,Western Downs Regional,7310,all,All providers,1,1,0,59,0,59,0
2026-10-05T12:15:41Z,2026-10-05T22:15:41+10:00,Western Downs Regional,7310,au.qld.ergon,Ergon Energy,1,1,0,59,0,59,0
2026-10-05T12:30:50Z,2026-10-05T22:30:50+10:00,Redland City,6250,all,All providers,1,1,0,77,0,77,0
2026-10-05T12:30:50Z,2026-10-05T22:30:50+10:00,Redland City,6250,au.qld.energex,Energex,1,1,0,77,0,77,0
2026-10-05T12:30:50Z,2026-10-05T22:30:50+10:00,Western Downs Regional,7310,all,All providers,1,1,0,59,0,59,0
2026-10-05T12:30:50Z,2026-10-05T22:30:50+10:00,Western Downs Regional,7310,au.qld.ergon,Ergon Energy,1,1,0,59,0,59,0
2026-10-05T12:45:40Z,2026-10-05T22:45:40+10:00,Western Downs Regional,7310,all,All providers,1,1,0,36,0,36,0
2026-10-05T12:45:40Z,2026-10-05T22:45:40+10:00,Western Downs Regional,7310,au.qld.ergon,Ergon Energy,1,1,0,36,0,36,0
2026-10-05T13:01:04Z,2026-10-05T23:01:04+10:00,Western Downs Regional,7310,all,All providers,1,1,0,36,0,36,0
2026-10-05T13:01:04Z,2026-10-05T23:01:04+10:00,Western Downs Regional,7310,au.qld.ergon,Ergon Energy,1,1,0,36,0,36,0
2026-10-05T13:15:42Z,2026-10-05T23:15:42+10:00,Western Downs Regional,7310,all,All providers,1,1,0,36,0,36,0
2026-10-05T13:15:42Z,2026-10-05T23:15:42+10:00,Western Downs Regional,7310,au.qld.ergon,Ergon Energy,1,1,0,36,0,36,0
2026-10-05T13:30:52Z,2026-10-05T23:30:52+10:00,Brisbane City,1000,all,All providers,2,2,0,95,0,95,0
2026-10-05T13:30:52Z,2026-10-05T23:30:52+10:00,Brisbane City,1000,au.qld.energex,Energex,2,2,0,95,0,95,0
2026-10-05T13:30:52Z,2026-10-05T23:30:52+10:00,Western Downs Regional,7310,all,All providers,1,1,0,59,0,59,0
2026-10-05T13:30:52Z,2026-10-05T23:30:52+10:00,Western Downs Regional,7310,au.qld.ergon,Ergon Energy,1,1,0,59,0,59,0
2026-10-05T13:45:45Z,2026-10-05T23:45:45+10:00,Brisbane City,1000,all,All providers,2,2,0,95,0,95,0
2026-10-05T13:45:45Z,2026-10-05T23:45:45+10:00,Brisbane City,1000,au.qld.energex,Energex,2,2,0,95,0,95,0
2026-10-05T13:45:45Z,2026-10-05T23:45:45+10:00,Western Downs Regional,7310,all,All providers,1,1,0,59,0,59,0
2026-10-05T13:45:45Z,2026-10-05T23:45:45+10:00,Western Downs Regional,7310,au.qld.ergon,Ergon Energy,1,1,0,59,0,59,0
2026-10-05T14:00:57Z,2026-10-06T00:00:57+10:00,Brisbane City,1000,all,All providers,2,2,0,95,0,95,0
2026-10-05T14:00:57Z,2026-10-06T00:00:57+10:00,Brisbane City,1000,au.qld.energex,Energex,2,2,0,95,0,95,0
2026-10-05T14:00:57Z,2026-10-06T00:00:57+10:00,Western Downs Regional,7310,all,All providers,1,1,0,59,0,59,0
2026-10-05T14:00:57Z,2026-10-06T00:00:57+10:00,Western Downs Regional,7310,au.qld.ergon,Ergon Energy,1,1,0,59,0,59,0
2026-10-05T14:15:50Z,2026-10-06T00:15:50+10:00,Brisbane City,1000,all,All providers,2,2,0,95,0,95,0
2026-10-05T14:15:50Z,2026-10-06T00:15:50+10:00,Brisbane City,1000,au.qld.energex,Energex,2,2,0,95,0,95,0
2026-10-05T14:15:50Z,2026-10-06T00:15:50+10:00,Western Downs Regional,7310,all,All providers,1,1,0,59,0,59,0
2026-10-05T14:15:50Z,2026-10-06T00:15:50+10:00,Western Downs Regional,7310,au.qld.ergon,Ergon Energy,1,1,0,59,0,59,0
2026-10-05T14:30:46Z,2026-10-06T00:30:46+10:00,Brisbane City,1000,all,All providers,2,2,0,95,0,95,0
2026-10-05T14:30:46Z,2026-10-06T00:30:46+10:00,Brisbane City,1000,au.qld.energex,Energex,2,2,0,95,0,95,0
2026-10-05T14:30:46Z,2026-10-06T00:30:46+10:00,Western Downs Regional,7310,all,All providers,1,1,0,59,0,59,0
2026-10-05T14:30:46Z,2026-10-06T00:30:46+10:00,Western Downs Regional,7310,au.qld.ergon,Ergon Energy,1,1,0,59,0,59,0
2026-10-05T14:45:47Z,2026-10-06T00:45:47+10:00,Brisbane City,1000,all,All providers,2,2,0,95,0,95,0
2026-10-05T14:45:47Z,2026-10-06T00:45:47+10:00,Brisbane City,1000,au.qld.energex,Energex,2,2,0,95,0,95,0
2026-10-05T14:45:47Z,2026-10-06T00:45:47+10:00,Western Downs Regional,7310,all,All providers,1,1,0,59,0,59,0
2026-10-05T14:45:47Z,2026-10-06T00:45:47+10:00,Western Downs Regional,7310,au.qld.ergon,Ergon Energy,1,1,0,59,0,59,0
2026-10-05T15:00:54Z,2026-10-06T01:00:54+10:00,Brisbane City,1000,all,All providers,2,2,0,95,0,95,0
2026-10-05T15:00:54Z,2026-10-06T01:00:54+10:00,Brisbane City,1000,au.qld.energex,Energex,2,2,0,95,0,95,0
2026-10-05T15:00:54Z,2026-10-06T01:00:54+10:00,Western Downs Regional,7310,all,All providers,1,1,0,59,0,59,0
2026-10-05T15:00:54Z,2026-10-06T01:00:54+10:00,Western Downs Regional,7310,au.qld.ergon,Ergon Energy,1,1,0,59,0,59,0
2026-10-05T15:15:39Z,2026-10-06T01:15:39+10:00,Brisbane City,1000,all,All providers,2,2,0,95,0,95,0
2026-10-05T15:15:39Z,2026-10-06T01:15:39+10:00,Brisbane City,1000,au.qld.energex,Energex,2,2,0,95,0,95,0
2026-10-05T15:15:39Z,2026-10-06T01:15:39+10:00,Western Downs Regional,7310,all,All providers,1,1,0,59,0,59,0
2026-10-05T15:15:39Z,2026-10-06T01:15:39+10:00,Western Downs Regional,7310,au.qld.ergon,Ergon Energy,1,1,0,59,0,59,0
2026-10-05T15:30:57Z,2026-10-06T01:30:57+10:00,Brisbane City,1000,all,All providers,2,2,0,95,0,95,0
2026-10-05T15:30:57Z,2026-10-06T01:30:57+10:00,Brisbane City,1000,au.qld.energex,Energex,2,2,0,95,0,95,0
2026-10-05T15:30:57Z,2026-10-06T01:30:57+10:00,Western Downs Regional,7310,all,All providers,1,1,0,59,0,59,0
2026-10-05T15:30:57Z,2026-10-06T01:30:57+10:00,Western Downs Regional,7310,au.qld.ergon,Ergon Energy,1,1,0,59,0,59,0
2026-10-05T15:45:34Z,2026-10-06T01:45:34+10:00,Brisbane City,1000,all,All providers,2,2,0,95,0,95,0
2026-10-05T15:45:34Z,2026-10-06T01:45:34+10:00,Brisbane City,1000,au.qld.energex,Energex,2,2,0,95,0,95,0
2026-10-05T16:01:11Z,2026-10-06T02:01:11+10:00,Brisbane City,1000,all,All providers,2,2,0,95,0,95,0
2026-10-05T16:01:11Z,2026-10-06T02:01:11+10:00,Brisbane City,1000,au.qld.energex,Energex,2,2,0,95,0,95,0
2026-10-05T16:15:46Z,2026-10-06T02:15:46+10:00,Brisbane City,1000,all,All providers,1,1,0,89,0,89,0
2026-10-05T16:15:46Z,2026-10-06T02:15:46+10:00,Brisbane City,1000,au.qld.energex,Energex,1,1,0,89,0,89,0
2026-10-05T18:30:52Z,2026-10-06T04:30:52+10:00,Southern Downs Regional,6660,all,All providers,1,1,0,3598,0,3598,0
2026-10-05T18:30:52Z,2026-10-06T04:30:52+10:00,Southern Downs Regional,6660,au.qld.ergon,Ergon Energy,1,1,0,3598,0,3598,0
2026-10-05T18:45:43Z,2026-10-06T04:45:43+10:00,Burdekin Shire,1900,all,All providers,2,2,0,5177,0,5177,0
2026-10-05T18:45:43Z,2026-10-06T04:45:43+10:00,Burdekin Shire,1900,au.qld.ergon,Ergon Energy,2,2,0,5177,0,5177,0
2026-10-05T18:45:43Z,2026-10-06T04:45:43+10:00,Southern Downs Regional,6660,all,All providers,1,1,0,3598,0,3598,0
2026-10-05T18:45:43Z,2026-10-06T04:45:43+10:00,Southern Downs Regional,6660,au.qld.ergon,Ergon Energy,1,1,0,3598,0,3598,0
2026-10-05T19:05:27Z,2026-10-06T05:05:27+10:00,Southern Downs Regional,6660,all,All providers,1,1,0,3598,0,3598,0
2026-10-05T19:05:27Z,2026-10-06T05:05:27+10:00,Southern Downs Regional,6660,au.qld.ergon,Ergon Energy,1,1,0,3598,0,3598,0
2026-10-05T19:16:09Z,2026-10-06T05:16:09+10:00,Southern Downs Regional,6660,all,All providers,1,1,0,3598,0,3598,0
2026-10-05T19:16:09Z,2026-10-06T05:16:09+10:00,Southern Downs Regional,6660,au.qld.ergon,Ergon Energy,1,1,0,3598,0,3598,0
2026-10-05T19:46:36Z,2026-10-06T05:46:36+10:00,Southern Downs Regional,6660,all,All providers,2,2,0,3607,0,3607,0
2026-10-05T19:46:36Z,2026-10-06T05:46:36+10:00,Southern Downs Regional,6660,au.qld.ergon,Ergon Energy,2,2,0,3607,0,3607,0
2026-10-05T20:21:42Z,2026-10-06T06:21:42+10:00,Southern Downs Regional,6660,all,All providers,1,1,0,9,0,9,0
2026-10-05T20:21:42Z,2026-10-06T06:21:42+10:00,Southern Downs Regional,6660,au.qld.ergon,Ergon Energy,1,1,0,9,0,9,0
2026-10-05T20:31:02Z,2026-10-06T06:31:02+10:00,Southern Downs Regional,6660,all,All providers,3,3,0,47,0,47,0
2026-10-05T20:31:02Z,2026-10-06T06:31:02+10:00,Southern Downs Regional,6660,au.qld.ergon,Ergon Energy,3,3,0,47,0,47,0
2026-10-05T20:31:02Z,2026-10-06T06:31:02+10:00,Toowoomba Regional,6910,all,All providers,1,1,0,66,0,66,0
2026-10-05T20:31:02Z,2026-10-06T06:31:02+10:00,Toowoomba Regional,6910,au.qld.ergon,Ergon Energy,1,1,0,66,0,66,0
2026-10-05T20:46:23Z,2026-10-06T06:46:23+10:00,Gold Coast City,3430,all,All providers,1,1,0,1234,0,1234,0
2026-10-05T20:46:23Z,2026-10-06T06:46:23+10:00,Gold Coast City,3430,au.qld.energex,Energex,1,1,0,1234,0,1234,0
2026-10-05T20:46:23Z,2026-10-06T06:46:23+10:00,Southern Downs Regional,6660,all,All providers,3,3,0,47,0,47,0
2026-10-05T20:46:23Z,2026-10-06T06:46:23+10:00,Southern Downs Regional,6660,au.qld.ergon,Ergon Energy,3,3,0,47,0,47,0
2026-10-05T20:46:23Z,2026-10-06T06:46:23+10:00,Toowoomba Regional,6910,all,All providers,1,1,0,66,0,66,0
2026-10-05T20:46:23Z,2026-10-06T06:46:23+10:00,Toowoomba Regional,6910,au.qld.ergon,Ergon Energy,1,1,0,66,0,66,0
2026-10-05T21:16:44Z,2026-10-06T07:16:44+10:00,Gold Coast City,3430,all,All providers,1,1,0,1234,0,1234,0
2026-10-05T21:16:44Z,2026-10-06T07:16:44+10:00,Gold Coast City,3430,au.qld.energex,Energex,1,1,0,1234,0,1234,0
2026-10-05T21:16:44Z,2026-10-06T07:16:44+10:00,Southern Downs Regional,6660,all,All providers,2,2,0,38,0,38,0
2026-10-05T21:16:44Z,2026-10-06T07:16:44+10:00,Southern Downs Regional,6660,au.qld.ergon,Ergon Energy,2,2,0,38,0,38,0
2026-10-05T21:16:44Z,2026-10-06T07:16:44+10:00,Toowoomba Regional,6910,all,All providers,1,1,0,66,0,66,0
2026-10-05T21:16:44Z,2026-10-06T07:16:44+10:00,Toowoomba Regional,6910,au.qld.ergon,Ergon Energy,1,1,0,66,0,66,0
2026-10-05T21:30:50Z,2026-10-06T07:30:50+10:00,Gold Coast City,3430,all,All providers,1,1,0,1234,0,1234,0
2026-10-05T21:30:50Z,2026-10-06T07:30:50+10:00,Gold Coast City,3430,au.qld.energex,Energex,1,1,0,1234,0,1234,0
2026-10-05T21:30:50Z,2026-10-06T07:30:50+10:00,Southern Downs Regional,6660,all,All providers,2,2,0,38,0,38,0
2026-10-05T21:30:50Z,2026-10-06T07:30:50+10:00,Southern Downs Regional,6660,au.qld.ergon,Ergon Energy,2,2,0,38,0,38,0
2026-10-05T21:30:50Z,2026-10-06T07:30:50+10:00,Toowoomba Regional,6910,all,All providers,1,1,0,66,0,66,0
2026-10-05T21:30:50Z,2026-10-06T07:30:50+10:00,Toowoomba Regional,6910,au.qld.ergon,Ergon Energy,1,1,0,66,0,66,0
2026-10-05T21:45:52Z,2026-10-06T07:45:52+10:00,Cassowary Coast Regional,2260,all,All providers,1,1,0,639,0,639,0
2026-10-05T21:45:52Z,2026-10-06T07:45:52+10:00,Cassowary Coast Regional,2260,au.qld.ergon,Ergon Energy,1,1,0,639,0,639,0
2026-10-05T21:45:52Z,2026-10-06T07:45:52+10:00,Gold Coast City,3430,all,All providers,1,1,0,1234,0,1234,0
2026-10-05T21:45:52Z,2026-10-06T07:45:52+10:00,Gold Coast City,3430,au.qld.energex,Energex,1,1,0,1234,0,1234,0
2026-10-05T21:45:52Z,2026-10-06T07:45:52+10:00,Mackay Regional,4770,all,All providers,1,1,0,87,0,87,0
2026-10-05T21:45:52Z,2026-10-06T07:45:52+10:00,Mackay Regional,4770,au.qld.ergon,Ergon Energy,1,1,0,87,0,87,0
2026-10-05T21:45:52Z,2026-10-06T07:45:52+10:00,Southern Downs Regional,6660,all,All providers,2,2,0,38,0,38,0
2026-10-05T21:45:52Z,2026-10-06T07:45:52+10:00,Southern Downs Regional,6660,au.qld.ergon,Ergon Energy,2,2,0,38,0,38,0
2026-10-05T21:45:52Z,2026-10-06T07:45:52+10:00,Toowoomba Regional,6910,all,All providers,1,1,0,66,0,66,0
2026-10-05T21:45:52Z,2026-10-06T07:45:52+10:00,Toowoomba Regional,6910,au.qld.ergon,Ergon Energy,1,1,0,66,0,66,0
2026-10-05T22:00:58Z,2026-10-06T08:00:58+10:00,Cassowary Coast Regional,2260,all,All providers,1,1,0,639,0,639,0
2026-10-05T22:00:58Z,2026-10-06T08:00:58+10:00,Cassowary Coast Regional,2260,au.qld.ergon,Ergon Energy,1,1,0,639,0,639,0
2026-10-05T22:00:58Z,2026-10-06T08:00:58+10:00,Gold Coast City,3430,all,All providers,1,1,0,1234,0,1234,0
2026-10-05T22:00:58Z,2026-10-06T08:00:58+10:00,Gold Coast City,3430,au.qld.energex,Energex,1,1,0,1234,0,1234,0
2026-10-05T22:00:58Z,2026-10-06T08:00:58+10:00,Mackay Regional,4770,all,All providers,2,2,0,113,0,113,0
2026-10-05T22:00:58Z,2026-10-06T08:00:58+10:00,Mackay Regional,4770,au.qld.ergon,Ergon Energy,2,2,0,113,0,113,0
2026-10-05T22:00:58Z,2026-10-06T08:00:58+10:00,Southern Downs Regional,6660,all,All providers,2,2,0,41,0,41,0
2026-10-05T22:00:58Z,2026-10-06T08:00:58+10:00,Southern Downs Regional,6660,au.qld.ergon,Ergon Energy,2,2,0,41,0,41,0
2026-10-05T22:00:58Z,2026-10-06T08:00:58+10:00,Toowoomba Regional,6910,all,All providers,1,1,0,66,0,66,0
2026-10-05T22:00:58Z,2026-10-06T08:00:58+10:00,Toowoomba Regional,6910,au.qld.ergon,Ergon Energy,1,1,0,66,0,66,0
2026-10-05T22:15:43Z,2026-10-06T08:15:43+10:00,Cassowary Coast Regional,2260,all,All providers,1,1,0,639,0,639,0
2026-10-05T22:15:43Z,2026-10-06T08:15:43+10:00,Cassowary Coast Regional,2260,au.qld.ergon,Ergon Energy,1,1,0,639,0,639,0
2026-10-05T22:15:43Z,2026-10-06T08:15:43+10:00,Mackay Regional,4770,all,All providers,2,2,0,113,0,113,0
2026-10-05T22:15:43Z,2026-10-06T08:15:43+10:00,Mackay Regional,4770,au.qld.ergon,Ergon Energy,2,2,0,113,0,113,0
2026-10-05T22:15:43Z,2026-10-06T08:15:43+10:00,Southern Downs Regional,6660,all,All providers,2,2,0,41,0,41,0
2026-10-05T22:15:43Z,2026-10-06T08:15:43+10:00,Southern Downs Regional,6660,au.qld.ergon,Ergon Energy,2,2,0,41,0,41,0
2026-10-05T22:15:43Z,2026-10-06T08:15:43+10:00,Toowoomba Regional,6910,all,All providers,3,3,0,151,0,151,0
2026-10-05T22:15:43Z,2026-10-06T08:15:43+10:00,Toowoomba Regional,6910,au.qld.ergon,Ergon Energy,3,3,0,151,0,151,0
2026-10-05T22:30:47Z,2026-10-06T08:30:47+10:00,Cassowary Coast Regional,2260,all,All providers,1,1,0,639,0,639,0
2026-10-05T22:30:47Z,2026-10-06T08:30:47+10:00,Cassowary Coast Regional,2260,au.qld.ergon,Ergon Energy,1,1,0,639,0,639,0
2026-10-05T22:30:47Z,2026-10-06T08:30:47+10:00,Mackay Regional,4770,all,All providers,2,2,0,113,0,113,0
2026-10-05T22:30:47Z,2026-10-06T08:30:47+10:00,Mackay Regional,4770,au.qld.ergon,Ergon Energy,2,2,0,113,0,113,0
2026-10-05T22:30:47Z,2026-10-06T08:30:47+10:00,Southern Downs Regional,6660,all,All providers,3,3,0,270,0,270,0
2026-10-05T22:30:47Z,2026-10-06T08:30:47+10:00,Southern Downs Regional,6660,au.qld.ergon,Ergon Energy,3,3,0,270,0,270,0
2026-10-05T22:30:47Z,2026-10-06T08:30:47+10:00,Toowoomba Regional,6910,all,All providers,2,2,0,297,0,297,0
2026-10-05T22:30:47Z,2026-10-06T08:30:47+10:00,Toowoomba Regional,6910,au.qld.ergon,Ergon Energy,2,2,0,297,0,297,0
2026-10-05T22:45:42Z,2026-10-06T08:45:42+10:00,Cassowary Coast Regional,2260,all,All providers,1,1,0,18,0,18,0
2026-10-05T22:45:42Z,2026-10-06T08:45:42+10:00,Cassowary Coast Regional,2260,au.qld.ergon,Ergon Energy,1,1,0,18,0,18,0
2026-10-05T22:45:42Z,2026-10-06T08:45:42+10:00,Mackay Regional,4770,all,All providers,2,2,0,113,0,113,0
2026-10-05T22:45:42Z,2026-10-06T08:45:42+10:00,Mackay Regional,4770,au.qld.ergon,Ergon Energy,2,2,0,113,0,113,0
2026-10-05T22:45:42Z,2026-10-06T08:45:42+10:00,Southern Downs Regional,6660,all,All providers,3,3,0,270,0,270,0
2026-10-05T22:45:42Z,2026-10-06T08:45:42+10:00,Southern Downs Regional,6660,au.qld.ergon,Ergon Energy,3,3,0,270,0,270,0
2026-10-05T22:45:42Z,2026-10-06T08:45:42+10:00,Toowoomba Regional,6910,all,All providers,2,2,0,297,0,297,0
2026-10-05T22:45:42Z,2026-10-06T08:45:42+10:00,Toowoomba Regional,6910,au.qld.ergon,Ergon Energy,2,2,0,297,0,297,0
2026-10-05T23:00:56Z,2026-10-06T09:00:56+10:00,Cassowary Coast Regional,2260,all,All providers,1,1,0,18,0,18,0
2026-10-05T23:00:56Z,2026-10-06T09:00:56+10:00,Cassowary Coast Regional,2260,au.qld.ergon,Ergon Energy,1,1,0,18,0,18,0
2026-10-05T23:00:56Z,2026-10-06T09:00:56+10:00,Mackay Regional,4770,all,All providers,1,1,0,17,0,17,0
2026-10-05T23:00:56Z,2026-10-06T09:00:56+10:00,Mackay Regional,4770,au.qld.ergon,Ergon Energy,1,1,0,17,0,17,0
2026-10-05T23:00:56Z,2026-10-06T09:00:56+10:00,Southern Downs Regional,6660,all,All providers,2,2,0,261,0,261,0
2026-10-05T23:00:56Z,2026-10-06T09:00:56+10:00,Southern Downs Regional,6660,au.qld.ergon,Ergon Energy,2,2,0,261,0,261,0
2026-10-05T23:00:56Z,2026-10-06T09:00:56+10:00,Toowoomba Regional,6910,all,All providers,2,2,0,297,0,297,0
2026-10-05T23:00:56Z,2026-10-06T09:00:56+10:00,Toowoomba Regional,6910,au.qld.ergon,Ergon Energy,2,2,0,297,0,297,0
2026-10-05T23:15:38Z,2026-10-06T09:15:38+10:00,Cassowary Coast Regional,2260,all,All providers,1,1,0,18,0,18,0
2026-10-05T23:15:38Z,2026-10-06T09:15:38+10:00,Cassowary Coast Regional,2260,au.qld.ergon,Ergon Energy,1,1,0,18,0,18,0
2026-10-05T23:15:38Z,2026-10-06T09:15:38+10:00,Mackay Regional,4770,all,All providers,1,1,0,17,0,17,0
2026-10-05T23:15:38Z,2026-10-06T09:15:38+10:00,Mackay Regional,4770,au.qld.ergon,Ergon Energy,1,1,0,17,0,17,0
2026-10-05T23:15:38Z,2026-10-06T09:15:38+10:00,Southern Downs Regional,6660,all,All providers,2,2,0,261,0,261,0
2026-10-05T23:15:38Z,2026-10-06T09:15:38+10:00,Southern Downs Regional,6660,au.qld.ergon,Ergon Energy,2,2,0,261,0,261,0
2026-10-05T23:15:38Z,2026-10-06T09:15:38+10:00,Toowoomba Regional,6910,all,All providers,2,2,0,297,0,297,0
2026-10-05T23:15:38Z,2026-10-06T09:15:38+10:00,Toowoomba Regional,6910,au.qld.ergon,Ergon Energy,2,2,0,297,0,297,0
2026-10-05T23:30:51Z,2026-10-06T09:30:51+10:00,Mackay Regional,4770,all,All providers,1,1,0,17,0,17,0
2026-10-05T23:30:51Z,2026-10-06T09:30:51+10:00,Mackay Regional,4770,au.qld.ergon,Ergon Energy,1,1,0,17,0,17,0
2026-10-05T23:30:51Z,2026-10-06T09:30:51+10:00,Rockhampton Regional,6370,all,All providers,1,1,0,5,0,5,0
2026-10-05T23:30:51Z,2026-10-06T09:30:51+10:00,Rockhampton Regional,6370,au.qld.ergon,Ergon Energy,1,1,0,5,0,5,0
2026-10-05T23:30:51Z,2026-10-06T09:30:51+10:00,Southern Downs Regional,6660,all,All providers,1,1,0,229,0,229,0
2026-10-05T23:30:51Z,2026-10-06T09:30:51+10:00,Southern Downs Regional,6660,au.qld.ergon,Ergon Energy,1,1,0,229,0,229,0
2026-10-05T23:30:51Z,2026-10-06T09:30:51+10:00,Toowoomba Regional,6910,all,All providers,4,4,0,2471,0,2471,0
2026-10-05T23:30:51Z,2026-10-06T09:30:51+10:00,Toowoomba Regional,6910,au.qld.ergon,Ergon Energy,4,4,0,2471,0,2471,0
2026-10-05T23:45:33Z,2026-10-06T09:45:33+10:00,Mackay Regional,4770,all,All providers,1,1,0,17,0,17,0
2026-10-05T23:45:33Z,2026-10-06T09:45:33+10:00,Mackay Regional,4770,au.qld.ergon,Ergon Energy,1,1,0,17,0,17,0
2026-10-05T23:45:33Z,2026-10-06T09:45:33+10:00,Mount Isa City,5300,all,All providers,1,1,0,4,0,4,0
2026-10-05T23:45:33Z,2026-10-06T09:45:33+10:00,Mount Isa City,5300,au.qld.ergon,Ergon Energy,1,1,0,4,0,4,0
2026-10-05T23:45:33Z,2026-10-06T09:45:33+10:00,Rockhampton Regional,6370,all,All providers,1,1,0,5,0,5,0
2026-10-05T23:45:33Z,2026-10-06T09:45:33+10:00,Rockhampton Regional,6370,au.qld.ergon,Ergon Energy,1,1,0,5,0,5,0
2026-10-05T23:45:33Z,2026-10-06T09:45:33+10:00,Southern Downs Regional,6660,all,All providers,1,1,0,229,0,229,0
2026-10-05T23:45:33Z,2026-10-06T09:45:33+10:00,Southern Downs Regional,6660,au.qld.ergon,Ergon Energy,1,1,0,229,0,229,0
2026-10-05T23:45:33Z,2026-10-06T09:45:33+10:00,Toowoomba Regional,6910,all,All providers,3,3,0,2116,0,2116,0
2026-10-05T23:45:33Z,2026-10-06T09:45:33+10:00,Toowoomba Regional,6910,au.qld.ergon,Ergon Energy,3,3,0,2116,0,2116,0
2026-10-06T00:01:04Z,2026-10-06T10:01:04+10:00,Mackay Regional,4770,all,All providers,1,1,0,17,0,17,0
2026-10-06T00:01:04Z,2026-10-06T10:01:04+10:00,Mackay Regional,4770,au.qld.ergon,Ergon Energy,1,1,0,17,0,17,0
2026-10-06T00:01:04Z,2026-10-06T10:01:04+10:00,Mount Isa City,5300,all,All providers,1,1,0,4,0,4,0
2026-10-06T00:01:04Z,2026-10-06T10:01:04+10:00,Mount Isa City,5300,au.qld.ergon,Ergon Energy,1,1,0,4,0,4,0
2026-10-06T00:01:04Z,2026-10-06T10:01:04+10:00,Redland City,6250,all,All providers,1,1,0,2433,0,2433,0
2026-10-06T00:01:04Z,2026-10-06T10:01:04+10:00,Redland City,6250,au.qld.energex,Energex,1,1,0,2433,0,2433,0
2026-10-06T00:01:04Z,2026-10-06T10:01:04+10:00,Rockhampton Regional,6370,all,All providers,1,1,0,5,0,5,0
2026-10-06T00:01:04Z,2026-10-06T10:01:04+10:00,Rockhampton Regional,6370,au.qld.ergon,Ergon Energy,1,1,0,5,0,5,0
2026-10-06T00:01:04Z,2026-10-06T10:01:04+10:00,Somerset Regional,6580,all,All providers,2,2,0,232,0,232,0
2026-10-06T00:01:04Z,2026-10-06T10:01:04+10:00,Somerset Regional,6580,au.qld.energex,Energex,2,2,0,232,0,232,0
2026-10-06T00:01:04Z,2026-10-06T10:01:04+10:00,Southern Downs Regional,6660,all,All providers,1,1,0,229,0,229,0
2026-10-06T00:01:04Z,2026-10-06T10:01:04+10:00,Southern Downs Regional,6660,au.qld.ergon,Ergon Energy,1,1,0,229,0,229,0
2026-10-06T00:01:04Z,2026-10-06T10:01:04+10:00,Toowoomba Regional,6910,all,All providers,3,3,0,2116,0,2116,0
2026-10-06T00:01:04Z,2026-10-06T10:01:04+10:00,Toowoomba Regional,6910,au.qld.ergon,Ergon Energy,3,3,0,2116,0,2116,0
2026-10-06T00:15:45Z,2026-10-06T10:15:45+10:00,Lockyer Valley Regional,4580,all,All providers,1,1,0,549,0,549,0
2026-10-06T00:15:45Z,2026-10-06T10:15:45+10:00,Lockyer Valley Regional,4580,au.qld.energex,Energex,1,1,0,549,0,549,0
2026-10-06T00:15:45Z,2026-10-06T10:15:45+10:00,Mackay Regional,4770,all,All providers,1,1,0,17,0,17,0
2026-10-06T00:15:45Z,2026-10-06T10:15:45+10:00,Mackay Regional,4770,au.qld.ergon,Ergon Energy,1,1,0,17,0,17,0
2026-10-06T00:15:45Z,2026-10-06T10:15:45+10:00,Mount Isa City,5300,all,All providers,1,1,0,4,0,4,0
2026-10-06T00:15:45Z,2026-10-06T10:15:45+10:00,Mount Isa City,5300,au.qld.ergon,Ergon Energy,1,1,0,4,0,4,0
2026-10-06T00:15:45Z,2026-10-06T10:15:45+10:00,Redland City,6250,all,All providers,1,1,0,2433,0,2433,0
2026-10-06T00:15:45Z,2026-10-06T10:15:45+10:00,Redland City,6250,au.qld.energex,Energex,1,1,0,2433,0,2433,0
2026-10-06T00:15:45Z,2026-10-06T10:15:45+10:00,Rockhampton Regional,6370,all,All providers,1,1,0,5,0,5,0
2026-10-06T00:15:45Z,2026-10-06T10:15:45+10:00,Rockhampton Regional,6370,au.qld.ergon,Ergon Energy,1,1,0,5,0,5,0
2026-10-06T00:15:45Z,2026-10-06T10:15:45+10:00,Somerset Regional,6580,all,All providers,1,1,0,2760,0,2760,0
2026-10-06T00:15:45Z,2026-10-06T10:15:45+10:00,Somerset Regional,6580,au.qld.energex,Energex,1,1,0,2760,0,2760,0
2026-10-06T00:15:45Z,2026-10-06T10:15:45+10:00,Southern Downs Regional,6660,all,All providers,1,1,0,229,0,229,0
2026-10-06T00:15:45Z,2026-10-06T10:15:45+10:00,Southern Downs Regional,6660,au.qld.ergon,Ergon Energy,1,1,0,229,0,229,0
2026-10-06T00:15:45Z,2026-10-06T10:15:45+10:00,Toowoomba Regional,6910,all,All providers,3,3,0,2116,0,2116,0
2026-10-06T00:15:45Z,2026-10-06T10:15:45+10:00,Toowoomba Regional,6910,au.qld.ergon,Ergon Energy,3,3,0,2116,0,2116,0
2026-10-06T00:30:56Z,2026-10-06T10:30:56+10:00,Fraser Coast Regional,3220,all,All providers,1,1,0,9,0,9,0
2026-10-06T00:30:56Z,2026-10-06T10:30:56+10:00,Fraser Coast Regional,3220,au.qld.ergon,Ergon Energy,1,1,0,9,0,9,0
2026-10-06T00:30:56Z,2026-10-06T10:30:56+10:00,Mackay Regional,4770,all,All providers,1,1,0,17,0,17,0
2026-10-06T00:30:56Z,2026-10-06T10:30:56+10:00,Mackay Regional,4770,au.qld.ergon,Ergon Energy,1,1,0,17,0,17,0
2026-10-06T00:30:56Z,2026-10-06T10:30:56+10:00,Mount Isa City,5300,all,All providers,1,1,0,4,0,4,0
2026-10-06T00:30:56Z,2026-10-06T10:30:56+10:00,Mount Isa City,5300,au.qld.ergon,Ergon Energy,1,1,0,4,0,4,0
2026-10-06T00:30:56Z,2026-10-06T10:30:56+10:00,Redland City,6250,all,All providers,1,1,0,2433,0,2433,0
2026-10-06T00:30:56Z,2026-10-06T10:30:56+10:00,Redland City,6250,au.qld.energex,Energex,1,1,0,2433,0,2433,0
2026-10-06T00:30:56Z,2026-10-06T10:30:56+10:00,Southern Downs Regional,6660,all,All providers,1,1,0,229,0,229,0
2026-10-06T00:30:56Z,2026-10-06T10:30:56+10:00,Southern Downs Regional,6660,au.qld.ergon,Ergon Energy,1,1,0,229,0,229,0
2026-10-06T00:30:56Z,2026-10-06T10:30:56+10:00,Toowoomba Regional,6910,all,All providers,3,3,0,2116,0,2116,0
2026-10-06T00:30:56Z,2026-10-06T10:30:56+10:00,Toowoomba Regional,6910,au.qld.ergon,Ergon Energy,3,3,0,2116,0,2116,0
2026-10-06T00:45:34Z,2026-10-06T10:45:34+10:00,Fraser Coast Regional,3220,all,All providers,1,1,0,9,0,9,0
2026-10-06T00:45:34Z,2026-10-06T10:45:34+10:00,Fraser Coast Regional,3220,au.qld.ergon,Ergon Energy,1,1,0,9,0,9,0
2026-10-06T00:45:34Z,2026-10-06T10:45:34+10:00,Lockyer Valley Regional,4580,all,All providers,1,1,0,2,0,2,0
2026-10-06T00:45:34Z,2026-10-06T10:45:34+10:00,Lockyer Valley Regional,4580,au.qld.energex,Energex,1,1,0,2,0,2,0
2026-10-06T00:45:34Z,2026-10-06T10:45:34+10:00,Mackay Regional,4770,all,All providers,1,1,0,17,0,17,0
2026-10-06T00:45:34Z,2026-10-06T10:45:34+10:00,Mackay Regional,4770,au.qld.ergon,Ergon Energy,1,1,0,17,0,17,0
2026-10-06T00:45:34Z,2026-10-06T10:45:34+10:00,Mount Isa City,5300,all,All providers,1,1,0,4,0,4,0
2026-10-06T00:45:34Z,2026-10-06T10:45:34+10:00,Mount Isa City,5300,au.qld.ergon,Ergon Energy,1,1,0,4,0,4,0
2026-10-06T00:45:34Z,2026-10-06T10:45:34+10:00,Redland City,6250,all,All providers,1,1,0,2433,0,2433,0
2026-10-06T00:45:34Z,2026-10-06T10:45:34+10:00,Redland City,6250,au.qld.energex,Energex,1,1,0,2433,0,2433,0
2026-10-06T00:45:34Z,2026-10-06T10:45:34+10:00,Somerset Regional,6580,all,All providers,1,1,0,10,0,10,0
2026-10-06T00:45:34Z,2026-10-06T10:45:34+10:00,Somerset Regional,6580,au.qld.energex,Energex,1,1,0,10,0,10,0
2026-10-06T00:45:34Z,2026-10-06T10:45:34+10:00,Southern Downs Regional,6660,all,All providers,1,1,0,229,0,229,0
2026-10-06T00:45:34Z,2026-10-06T10:45:34+10:00,Southern Downs Regional,6660,au.qld.ergon,Ergon Energy,1,1,0,229,0,229,0
2026-10-06T00:45:34Z,2026-10-06T10:45:34+10:00,Toowoomba Regional,6910,all,All providers,3,3,0,2116,0,2116,0
2026-10-06T00:45:34Z,2026-10-06T10:45:34+10:00,Toowoomba Regional,6910,au.qld.ergon,Ergon Energy,3,3,0,2116,0,2116,0
2026-10-06T01:01:07Z,2026-10-06T11:01:07+10:00,Fraser Coast Regional,3220,all,All providers,1,1,0,9,0,9,0
2026-10-06T01:01:07Z,2026-10-06T11:01:07+10:00,Fraser Coast Regional,3220,au.qld.ergon,Ergon Energy,1,1,0,9,0,9,0
2026-10-06T01:01:07Z,2026-10-06T11:01:07+10:00,Lockyer Valley Regional,4580,all,All providers,2,2,0,58,0,58,0
2026-10-06T01:01:07Z,2026-10-06T11:01:07+10:00,Lockyer Valley Regional,4580,au.qld.energex,Energex,2,2,0,58,0,58,0
2026-10-06T01:01:07Z,2026-10-06T11:01:07+10:00,Mareeba Shire,4880,all,All providers,1,1,0,200,0,200,0
2026-10-06T01:01:07Z,2026-10-06T11:01:07+10:00,Mareeba Shire,4880,au.qld.ergon,Ergon Energy,1,1,0,200,0,200,0
2026-10-06T01:01:07Z,2026-10-06T11:01:07+10:00,Mount Isa City,5300,all,All providers,1,1,0,4,0,4,0
2026-10-06T01:01:07Z,2026-10-06T11:01:07+10:00,Mount Isa City,5300,au.qld.ergon,Ergon Energy,1,1,0,4,0,4,0
2026-10-06T01:01:07Z,2026-10-06T11:01:07+10:00,Redland City,6250,all,All providers,1,1,0,2050,0,2050,0
2026-10-06T01:01:07Z,2026-10-06T11:01:07+10:00,Redland City,6250,au.qld.energex,Energex,1,1,0,2050,0,2050,0
2026-10-06T01:01:07Z,2026-10-06T11:01:07+10:00,Somerset Regional,6580,all,All providers,1,1,0,10,0,10,0
2026-10-06T01:01:07Z,2026-10-06T11:01:07+10:00,Somerset Regional,6580,au.qld.energex,Energex,1,1,0,10,0,10,0
2026-10-06T01:01:07Z,2026-10-06T11:01:07+10:00,Southern Downs Regional,6660,all,All providers,1,1,0,122,0,122,0
2026-10-06T01:01:07Z,2026-10-06T11:01:07+10:00,Southern Downs Regional,6660,au.qld.ergon,Ergon Energy,1,1,0,122,0,122,0
2026-10-06T01:01:07Z,2026-10-06T11:01:07+10:00,Toowoomba Regional,6910,all,All providers,4,4,0,2210,0,2210,0
2026-10-06T01:01:07Z,2026-10-06T11:01:07+10:00,Toowoomba Regional,6910,au.qld.ergon,Ergon Energy,4,4,0,2210,0,2210,0
2026-10-06T01:15:42Z,2026-10-06T11:15:42+10:00,Fraser Coast Regional,3220,all,All providers,1,1,0,9,0,9,0
2026-10-06T01:15:42Z,2026-10-06T11:15:42+10:00,Fraser Coast Regional,3220,au.qld.ergon,Ergon Energy,1,1,0,9,0,9,0
2026-10-06T01:15:42Z,2026-10-06T11:15:42+10:00,Lockyer Valley Regional,4580,all,All providers,2,2,0,58,0,58,0
2026-10-06T01:15:42Z,2026-10-06T11:15:42+10:00,Lockyer Valley Regional,4580,au.qld.energex,Energex,2,2,0,58,0,58,0
2026-10-06T01:15:42Z,2026-10-06T11:15:42+10:00,Mareeba Shire,4880,all,All providers,1,1,0,200,0,200,0
2026-10-06T01:15:42Z,2026-10-06T11:15:42+10:00,Mareeba Shire,4880,au.qld.ergon,Ergon Energy,1,1,0,200,0,200,0
2026-10-06T01:15:42Z,2026-10-06T11:15:42+10:00,Mount Isa City,5300,all,All providers,1,1,0,4,0,4,0
2026-10-06T01:15:42Z,2026-10-06T11:15:42+10:00,Mount Isa City,5300,au.qld.ergon,Ergon Energy,1,1,0,4,0,4,0
2026-10-06T01:15:42Z,2026-10-06T11:15:42+10:00,Redland City,6250,all,All providers,1,1,0,2050,0,2050,0
2026-10-06T01:15:42Z,2026-10-06T11:15:42+10:00,Redland City,6250,au.qld.energex,Energex,1,1,0,2050,0,2050,0
2026-10-06T01:15:42Z,2026-10-06T11:15:42+10:00,Somerset Regional,6580,all,All providers,1,1,0,10,0,10,0
2026-10-06T01:15:42Z,2026-10-06T11:15:42+10:00,Somerset Regional,6580,au.qld.energex,Energex,1,1,0,10,0,10,0
2026-10-06T01:15:42Z,2026-10-06T11:15:42+10:00,Southern Downs Regional,6660,all,All providers,1,1,0,122,0,122,0
2026-10-06T01:15:42Z,2026-10-06T11:15:42+10:00,Southern Downs Regional,6660,au.qld.ergon,Ergon Energy,1,1,0,122,0,122,0
2026-10-06T01:15:42Z,2026-10-06T11:15:42+10:00,Toowoomba Regional,6910,all,All providers,4,4,0,2210,0,2210,0
2026-10-06T01:15:42Z,2026-10-06T11:15:42+10:00,Toowoomba Regional,6910,au.qld.ergon,Ergon Energy,4,4,0,2210,0,2210,0
2026-10-06T01:30:49Z,2026-10-06T11:30:49+10:00,Fraser Coast Regional,3220,all,All providers,1,1,0,9,0,9,0
2026-10-06T01:30:49Z,2026-10-06T11:30:49+10:00,Fraser Coast Regional,3220,au.qld.ergon,Ergon Energy,1,1,0,9,0,9,0
2026-10-06T01:30:49Z,2026-10-06T11:30:49+10:00,Lockyer Valley Regional,4580,all,All providers,2,2,0,58,0,58,0
2026-10-06T01:30:49Z,2026-10-06T11:30:49+10:00,Lockyer Valley Regional,4580,au.qld.energex,Energex,2,2,0,58,0,58,0
2026-10-06T01:30:49Z,2026-10-06T11:30:49+10:00,Mareeba Shire,4880,all,All providers,2,2,0,400,0,400,0
2026-10-06T01:30:49Z,2026-10-06T11:30:49+10:00,Mareeba Shire,4880,au.qld.ergon,Ergon Energy,2,2,0,400,0,400,0
2026-10-06T01:30:49Z,2026-10-06T11:30:49+10:00,Mount Isa City,5300,all,All providers,1,1,0,4,0,4,0
2026-10-06T01:30:49Z,2026-10-06T11:30:49+10:00,Mount Isa City,5300,au.qld.ergon,Ergon Energy,1,1,0,4,0,4,0
2026-10-06T01:30:49Z,2026-10-06T11:30:49+10:00,Redland City,6250,all,All providers,1,1,0,121,0,121,0
2026-10-06T01:30:49Z,2026-10-06T11:30:49+10:00,Redland City,6250,au.qld.energex,Energex,1,1,0,121,0,121,0
2026-10-06T01:30:49Z,2026-10-06T11:30:49+10:00,Somerset Regional,6580,all,All providers,1,1,0,10,0,10,0
2026-10-06T01:30:49Z,2026-10-06T11:30:49+10:00,Somerset Regional,6580,au.qld.energex,Energex,1,1,0,10,0,10,0
2026-10-06T01:30:49Z,2026-10-06T11:30:49+10:00,Southern Downs Regional,6660,all,All providers,1,1,0,122,0,122,0
2026-10-06T01:30:49Z,2026-10-06T11:30:49+10:00,Southern Downs Regional,6660,au.qld.ergon,Ergon Energy,1,1,0,122,0,122,0
2026-10-06T01:30:49Z,2026-10-06T11:30:49+10:00,Toowoomba Regional,6910,all,All providers,5,5,0,34772,0,34772,0
2026-10-06T01:30:49Z,2026-10-06T11:30:49+10:00,Toowoomba Regional,6910,au.qld.ergon,Ergon Energy,5,5,0,34772,0,34772,0
2026-10-06T01:30:49Z,2026-10-06T11:30:49+10:00,Townsville City,7010,all,All providers,1,1,0,19,0,19,0
2026-10-06T01:30:49Z,2026-10-06T11:30:49+10:00,Townsville City,7010,au.qld.ergon,Ergon Energy,1,1,0,19,0,19,0
2026-10-06T01:45:41Z,2026-10-06T11:45:41+10:00,Fraser Coast Regional,3220,all,All providers,1,1,0,9,0,9,0
2026-10-06T01:45:41Z,2026-10-06T11:45:41+10:00,Fraser Coast Regional,3220,au.qld.ergon,Ergon Energy,1,1,0,9,0,9,0
2026-10-06T01:45:41Z,2026-10-06T11:45:41+10:00,Lockyer Valley Regional,4580,all,All providers,2,2,0,58,0,58,0
2026-10-06T01:45:41Z,2026-10-06T11:45:41+10:00,Lockyer Valley Regional,4580,au.qld.energex,Energex,2,2,0,58,0,58,0
2026-10-06T01:45:41Z,2026-10-06T11:45:41+10:00,Mareeba Shire,4880,all,All providers,2,2,0,400,0,400,0
2026-10-06T01:45:41Z,2026-10-06T11:45:41+10:00,Mareeba Shire,4880,au.qld.ergon,Ergon Energy,2,2,0,400,0,400,0
2026-10-06T01:45:41Z,2026-10-06T11:45:41+10:00,Mount Isa City,5300,all,All providers,1,1,0,4,0,4,0
2026-10-06T01:45:41Z,2026-10-06T11:45:41+10:00,Mount Isa City,5300,au.qld.ergon,Ergon Energy,1,1,0,4,0,4,0
2026-10-06T01:45:41Z,2026-10-06T11:45:41+10:00,Redland City,6250,all,All providers,1,1,0,121,0,121,0
2026-10-06T01:45:41Z,2026-10-06T11:45:41+10:00,Redland City,6250,au.qld.energex,Energex,1,1,0,121,0,121,0
2026-10-06T01:45:41Z,2026-10-06T11:45:41+10:00,Somerset Regional,6580,all,All providers,1,1,0,10,0,10,0
2026-10-06T01:45:41Z,2026-10-06T11:45:41+10:00,Somerset Regional,6580,au.qld.energex,Energex,1,1,0,10,0,10,0
2026-10-06T01:45:41Z,2026-10-06T11:45:41+10:00,Southern Downs Regional,6660,all,All providers,1,1,0,122,0,122,0
2026-10-06T01:45:41Z,2026-10-06T11:45:41+10:00,Southern Downs Regional,6660,au.qld.ergon,Ergon Energy,1,1,0,122,0,122,0
2026-10-06T01:45:41Z,2026-10-06T11:45:41+10:00,Toowoomba Regional,6910,all,All providers,5,5,0,34772,0,34772,0
2026-10-06T01:45:41Z,2026-10-06T11:45:41+10:00,Toowoomba Regional,6910,au.qld.ergon,Ergon Energy,5,5,0,34772,0,34772,0
2026-10-06T01:45:41Z,2026-10-06T11:45:41+10:00,Townsville City,7010,all,All providers,1,1,0,19,0,19,0
2026-10-06T01:45:41Z,2026-10-06T11:45:41+10:00,Townsville City,7010,au.qld.ergon,Ergon Energy,1,1,0,19,0,19,0
2026-10-06T02:00:59Z,2026-10-06T12:00:59+10:00,Fraser Coast Regional,3220,all,All providers,2,2,0,100,0,100,0
2026-10-06T02:00:59Z,2026-10-06T12:00:59+10:00,Fraser Coast Regional,3220,au.qld.ergon,Ergon Energy,2,2,0,100,0,100,0
2026-10-06T02:00:59Z,2026-10-06T12:00:59+10:00,Gold Coast City,3430,all,All providers,1,1,0,31,0,31,0
2026-10-06T02:00:59Z,2026-10-06T12:00:59+10:00,Gold Coast City,3430,au.qld.energex,Energex,1,1,0,31,0,31,0
2026-10-06T02:00:59Z,2026-10-06T12:00:59+10:00,Lockyer Valley Regional,4580,all,All providers,1,1,0,56,0,56,0
2026-10-06T02:00:59Z,2026-10-06T12:00:59+10:00,Lockyer Valley Regional,4580,au.qld.energex,Energex,1,1,0,56,0,56,0
2026-10-06T02:00:59Z,2026-10-06T12:00:59+10:00,Mareeba Shire,4880,all,All providers,2,2,0,400,0,400,0
2026-10-06T02:00:59Z,2026-10-06T12:00:59+10:00,Mareeba Shire,4880,au.qld.ergon,Ergon Energy,2,2,0,400,0,400,0
2026-10-06T02:00:59Z,2026-10-06T12:00:59+10:00,Moreton Bay City,5010,all,All providers,1,1,0,488,0,488,0
2026-10-06T02:00:59Z,2026-10-06T12:00:59+10:00,Moreton Bay City,5010,au.qld.energex,Energex,1,1,0,488,0,488,0
2026-10-06T02:00:59Z,2026-10-06T12:00:59+10:00,Noosa Shire,5740,all,All providers,1,1,0,269,0,269,0
2026-10-06T02:00:59Z,2026-10-06T12:00:59+10:00,Noosa Shire,5740,au.qld.energex,Energex,1,1,0,269,0,269,0
2026-10-06T02:00:59Z,2026-10-06T12:00:59+10:00,Redland City,6250,all,All providers,1,1,0,121,0,121,0
2026-10-06T02:00:59Z,2026-10-06T12:00:59+10:00,Redland City,6250,au.qld.energex,Energex,1,1,0,121,0,121,0
2026-10-06T02:00:59Z,2026-10-06T12:00:59+10:00,Somerset Regional,6580,all,All providers,1,1,0,10,0,10,0
2026-10-06T02:00:59Z,2026-10-06T12:00:59+10:00,Somerset Regional,6580,au.qld.energex,Energex,1,1,0,10,0,10,0
2026-10-06T02:00:59Z,2026-10-06T12:00:59+10:00,Southern Downs Regional,6660,all,All providers,1,1,0,122,0,122,0
2026-10-06T02:00:59Z,2026-10-06T12:00:59+10:00,Southern Downs Regional,6660,au.qld.ergon,Ergon Energy,1,1,0,122,0,122,0
2026-10-06T02:00:59Z,2026-10-06T12:00:59+10:00,Toowoomba Regional,6910,all,All providers,4,4,0,2210,0,2210,0
2026-10-06T02:00:59Z,2026-10-06T12:00:59+10:00,Toowoomba Regional,6910,au.qld.ergon,Ergon Energy,4,4,0,2210,0,2210,0
2026-10-06T02:00:59Z,2026-10-06T12:00:59+10:00,Townsville City,7010,all,All providers,1,1,0,19,0,19,0
2026-10-06T02:00:59Z,2026-10-06T12:00:59+10:00,Townsville City,7010,au.qld.ergon,Ergon Energy,1,1,0,19,0,19,0
2026-10-06T02:15:39Z,2026-10-06T12:15:39+10:00,Fraser Coast Regional,3220,all,All providers,2,2,0,100,0,100,0
2026-10-06T02:15:39Z,2026-10-06T12:15:39+10:00,Fraser Coast Regional,3220,au.qld.ergon,Ergon Energy,2,2,0,100,0,100,0
2026-10-06T02:15:39Z,2026-10-06T12:15:39+10:00,Gold Coast City,3430,all,All providers,1,1,0,31,0,31,0
2026-10-06T02:15:39Z,2026-10-06T12:15:39+10:00,Gold Coast City,3430,au.qld.energex,Energex,1,1,0,31,0,31,0
2026-10-06T02:15:39Z,2026-10-06T12:15:39+10:00,Lockyer Valley Regional,4580,all,All providers,1,1,0,56,0,56,0
2026-10-06T02:15:39Z,2026-10-06T12:15:39+10:00,Lockyer Valley Regional,4580,au.qld.energex,Energex,1,1,0,56,0,56,0
2026-10-06T02:15:39Z,2026-10-06T12:15:39+10:00,Logan City,4590,all,All providers,1,1,0,7,0,7,0
2026-10-06T02:15:39Z,2026-10-06T12:15:39+10:00,Logan City,4590,au.qld.energex,Energex,1,1,0,7,0,7,0
2026-10-06T02:15:39Z,2026-10-06T12:15:39+10:00,Mareeba Shire,4880,all,All providers,2,2,0,400,0,400,0
2026-10-06T02:15:39Z,2026-10-06T12:15:39+10:00,Mareeba Shire,4880,au.qld.ergon,Ergon Energy,2,2,0,400,0,400,0
2026-10-06T02:15:39Z,2026-10-06T12:15:39+10:00,Moreton Bay City,5010,all,All providers,1,1,0,488,0,488,0
2026-10-06T02:15:39Z,2026-10-06T12:15:39+10:00,Moreton Bay City,5010,au.qld.energex,Energex,1,1,0,488,0,488,0
2026-10-06T02:15:39Z,2026-10-06T12:15:39+10:00,Mount Isa City,5300,all,All providers,1,1,0,49,0,49,0
2026-10-06T02:15:39Z,2026-10-06T12:15:39+10:00,Mount Isa City,5300,au.qld.ergon,Ergon Energy,1,1,0,49,0,49,0
2026-10-06T02:15:39Z,2026-10-06T12:15:39+10:00,Noosa Shire,5740,all,All providers,1,1,0,269,0,269,0
2026-10-06T02:15:39Z,2026-10-06T12:15:39+10:00,Noosa Shire,5740,au.qld.energex,Energex,1,1,0,269,0,269,0
2026-10-06T02:15:39Z,2026-10-06T12:15:39+10:00,Redland City,6250,all,All providers,1,1,0,121,0,121,0
2026-10-06T02:15:39Z,2026-10-06T12:15:39+10:00,Redland City,6250,au.qld.energex,Energex,1,1,0,121,0,121,0
2026-10-06T02:15:39Z,2026-10-06T12:15:39+10:00,Somerset Regional,6580,all,All providers,1,1,0,10,0,10,0
2026-10-06T02:15:39Z,2026-10-06T12:15:39+10:00,Somerset Regional,6580,au.qld.energex,Energex,1,1,0,10,0,10,0
2026-10-06T02:15:39Z,2026-10-06T12:15:39+10:00,Southern Downs Regional,6660,all,All providers,1,1,0,122,0,122,0
2026-10-06T02:15:39Z,2026-10-06T12:15:39+10:00,Southern Downs Regional,6660,au.qld.ergon,Ergon Energy,1,1,0,122,0,122,0
2026-10-06T02:15:39Z,2026-10-06T12:15:39+10:00,Toowoomba Regional,6910,all,All providers,3,3,0,2116,0,2116,0
2026-10-06T02:15:39Z,2026-10-06T12:15:39+10:00,Toowoomba Regional,6910,au.qld.ergon,Ergon Energy,3,3,0,2116,0,2116,0
2026-10-06T02:15:39Z,2026-10-06T12:15:39+10:00,Townsville City,7010,all,All providers,1,1,0,19,0,19,0
2026-10-06T02:15:39Z,2026-10-06T12:15:39+10:00,Townsville City,7010,au.qld.ergon,Ergon Energy,1,1,0,19,0,19,0
2026-10-06T02:30:52Z,2026-10-06T12:30:52+10:00,Fraser Coast Regional,3220,all,All providers,2,2,0,100,0,100,0
2026-10-06T02:30:52Z,2026-10-06T12:30:52+10:00,Fraser Coast Regional,3220,au.qld.ergon,Ergon Energy,2,2,0,100,0,100,0
2026-10-06T02:30:52Z,2026-10-06T12:30:52+10:00,Gold Coast City,3430,all,All providers,1,1,0,31,0,31,0
2026-10-06T02:30:52Z,2026-10-06T12:30:52+10:00,Gold Coast City,3430,au.qld.energex,Energex,1,1,0,31,0,31,0
2026-10-06T02:30:52Z,2026-10-06T12:30:52+10:00,Lockyer Valley Regional,4580,all,All providers,1,1,0,56,0,56,0
2026-10-06T02:30:52Z,2026-10-06T12:30:52+10:00,Lockyer Valley Regional,4580,au.qld.energex,Energex,1,1,0,56,0,56,0
2026-10-06T02:30:52Z,2026-10-06T12:30:52+10:00,Logan City,4590,all,All providers,1,1,0,7,0,7,0
2026-10-06T02:30:52Z,2026-10-06T12:30:52+10:00,Logan City,4590,au.qld.energex,Energex,1,1,0,7,0,7,0
2026-10-06T02:30:52Z,2026-10-06T12:30:52+10:00,Mareeba Shire,4880,all,All providers,2,2,0,400,0,400,0
2026-10-06T02:30:52Z,2026-10-06T12:30:52+10:00,Mareeba Shire,4880,au.qld.ergon,Ergon Energy,2,2,0,400,0,400,0
2026-10-06T02:30:52Z,2026-10-06T12:30:52+10:00,Moreton Bay City,5010,all,All providers,1,1,0,240,0,240,0
2026-10-06T02:30:52Z,2026-10-06T12:30:52+10:00,Moreton Bay City,5010,au.qld.energex,Energex,1,1,0,240,0,240,0
2026-10-06T02:30:52Z,2026-10-06T12:30:52+10:00,Mount Isa City,5300,all,All providers,1,1,0,49,0,49,0
2026-10-06T02:30:52Z,2026-10-06T12:30:52+10:00,Mount Isa City,5300,au.qld.ergon,Ergon Energy,1,1,0,49,0,49,0
2026-10-06T02:30:52Z,2026-10-06T12:30:52+10:00,Noosa Shire,5740,all,All providers,1,1,0,269,0,269,0
2026-10-06T02:30:52Z,2026-10-06T12:30:52+10:00,Noosa Shire,5740,au.qld.energex,Energex,1,1,0,269,0,269,0
2026-10-06T02:30:52Z,2026-10-06T12:30:52+10:00,Redland City,6250,all,All providers,1,1,0,121,0,121,0
2026-10-06T02:30:52Z,2026-10-06T12:30:52+10:00,Redland City,6250,au.qld.energex,Energex,1,1,0,121,0,121,0
2026-10-06T02:30:52Z,2026-10-06T12:30:52+10:00,Somerset Regional,6580,all,All providers,1,1,0,73,0,73,0
2026-10-06T02:30:52Z,2026-10-06T12:30:52+10:00,Somerset Regional,6580,au.qld.energex,Energex,1,1,0,73,0,73,0
2026-10-06T02:30:52Z,2026-10-06T12:30:52+10:00,Southern Downs Regional,6660,all,All providers,1,1,0,122,0,122,0
2026-10-06T02:30:52Z,2026-10-06T12:30:52+10:00,Southern Downs Regional,6660,au.qld.ergon,Ergon Energy,1,1,0,122,0,122,0
2026-10-06T02:30:52Z,2026-10-06T12:30:52+10:00,Toowoomba Regional,6910,all,All providers,2,2,0,681,0,681,0
2026-10-06T02:30:52Z,2026-10-06T12:30:52+10:00,Toowoomba Regional,6910,au.qld.ergon,Ergon Energy,2,2,0,681,0,681,0
2026-10-06T02:30:52Z,2026-10-06T12:30:52+10:00,Townsville City,7010,all,All providers,1,1,0,19,0,19,0
2026-10-06T02:30:52Z,2026-10-06T12:30:52+10:00,Townsville City,7010,au.qld.ergon,Ergon Energy,1,1,0,19,0,19,0
2026-10-06T02:45:38Z,2026-10-06T12:45:38+10:00,Fraser Coast Regional,3220,all,All providers,1,1,0,91,0,91,0
2026-10-06T02:45:38Z,2026-10-06T12:45:38+10:00,Fraser Coast Regional,3220,au.qld.ergon,Ergon Energy,1,1,0,91,0,91,0
2026-10-06T02:45:38Z,2026-10-06T12:45:38+10:00,Gold Coast City,3430,all,All providers,1,1,0,31,0,31,0
2026-10-06T02:45:38Z,2026-10-06T12:45:38+10:00,Gold Coast City,3430,au.qld.energex,Energex,1,1,0,31,0,31,0
2026-10-06T02:45:38Z,2026-10-06T12:45:38+10:00,Lockyer Valley Regional,4580,all,All providers,1,1,0,56,0,56,0
2026-10-06T02:45:38Z,2026-10-06T12:45:38+10:00,Lockyer Valley Regional,4580,au.qld.energex,Energex,1,1,0,56,0,56,0
2026-10-06T02:45:38Z,2026-10-06T12:45:38+10:00,Logan City,4590,all,All providers,1,1,0,7,0,7,0
2026-10-06T02:45:38Z,2026-10-06T12:45:38+10:00,Logan City,4590,au.qld.energex,Energex,1,1,0,7,0,7,0
2026-10-06T02:45:38Z,2026-10-06T12:45:38+10:00,Mareeba Shire,4880,all,All providers,2,2,0,400,0,400,0
2026-10-06T02:45:38Z,2026-10-06T12:45:38+10:00,Mareeba Shire,4880,au.qld.ergon,Ergon Energy,2,2,0,400,0,400,0
2026-10-06T02:45:38Z,2026-10-06T12:45:38+10:00,Moreton Bay City,5010,all,All providers,1,1,0,240,0,240,0
2026-10-06T02:45:38Z,2026-10-06T12:45:38+10:00,Moreton Bay City,5010,au.qld.energex,Energex,1,1,0,240,0,240,0
2026-10-06T02:45:38Z,2026-10-06T12:45:38+10:00,Mount Isa City,5300,all,All providers,1,1,0,49,0,49,0
2026-10-06T02:45:38Z,2026-10-06T12:45:38+10:00,Mount Isa City,5300,au.qld.ergon,Ergon Energy,1,1,0,49,0,49,0
2026-10-06T02:45:38Z,2026-10-06T12:45:38+10:00,Noosa Shire,5740,all,All providers,1,1,0,269,0,269,0
2026-10-06T02:45:38Z,2026-10-06T12:45:38+10:00,Noosa Shire,5740,au.qld.energex,Energex,1,1,0,269,0,269,0
2026-10-06T02:45:38Z,2026-10-06T12:45:38+10:00,Redland City,6250,all,All providers,1,1,0,121,0,121,0
2026-10-06T02:45:38Z,2026-10-06T12:45:38+10:00,Redland City,6250,au.qld.energex,Energex,1,1,0,121,0,121,0
2026-10-06T02:45:38Z,2026-10-06T12:45:38+10:00,Southern Downs Regional,6660,all,All providers,1,1,0,122,0,122,0
2026-10-06T02:45:38Z,2026-10-06T12:45:38+10:00,Southern Downs Regional,6660,au.qld.ergon,Ergon Energy,1,1,0,122,0,122,0
2026-10-06T02:45:38Z,2026-10-06T12:45:38+10:00,Toowoomba Regional,6910,all,All providers,2,2,0,681,0,681,0
2026-10-06T02:45:38Z,2026-10-06T12:45:38+10:00,Toowoomba Regional,6910,au.qld.ergon,Ergon Energy,2,2,0,681,0,681,0
2026-10-06T02:45:38Z,2026-10-06T12:45:38+10:00,Townsville City,7010,all,All providers,1,1,0,19,0,19,0
2026-10-06T02:45:38Z,2026-10-06T12:45:38+10:00,Townsville City,7010,au.qld.ergon,Ergon Energy,1,1,0,19,0,19,0
2026-10-06T03:01:05Z,2026-10-06T13:01:05+10:00,Fraser Coast Regional,3220,all,All providers,1,1,0,91,0,91,0
2026-10-06T03:01:05Z,2026-10-06T13:01:05+10:00,Fraser Coast Regional,3220,au.qld.ergon,Ergon Energy,1,1,0,91,0,91,0
2026-10-06T03:01:05Z,2026-10-06T13:01:05+10:00,Gold Coast City,3430,all,All providers,1,1,0,31,0,31,0
2026-10-06T03:01:05Z,2026-10-06T13:01:05+10:00,Gold Coast City,3430,au.qld.energex,Energex,1,1,0,31,0,31,0
2026-10-06T03:01:05Z,2026-10-06T13:01:05+10:00,Lockyer Valley Regional,4580,all,All providers,2,2,0,61,0,61,0
2026-10-06T03:01:05Z,2026-10-06T13:01:05+10:00,Lockyer Valley Regional,4580,au.qld.energex,Energex,2,2,0,61,0,61,0
2026-10-06T03:01:05Z,2026-10-06T13:01:05+10:00,Logan City,4590,all,All providers,1,1,0,7,0,7,0
2026-10-06T03:01:05Z,2026-10-06T13:01:05+10:00,Logan City,4590,au.qld.energex,Energex,1,1,0,7,0,7,0
2026-10-06T03:01:05Z,2026-10-06T13:01:05+10:00,Mareeba Shire,4880,all,All providers,2,2,0,400,0,400,0
2026-10-06T03:01:05Z,2026-10-06T13:01:05+10:00,Mareeba Shire,4880,au.qld.ergon,Ergon Energy,2,2,0,400,0,400,0
2026-10-06T03:01:05Z,2026-10-06T13:01:05+10:00,Moreton Bay City,5010,all,All providers,1,1,0,240,0,240,0
2026-10-06T03:01:05Z,2026-10-06T13:01:05+10:00,Moreton Bay City,5010,au.qld.energex,Energex,1,1,0,240,0,240,0
2026-10-06T03:01:05Z,2026-10-06T13:01:05+10:00,Mount Isa City,5300,all,All providers,1,1,0,49,0,49,0
2026-10-06T03:01:05Z,2026-10-06T13:01:05+10:00,Mount Isa City,5300,au.qld.ergon,Ergon Energy,1,1,0,49,0,49,0
2026-10-06T03:01:05Z,2026-10-06T13:01:05+10:00,Redland City,6250,all,All providers,1,1,0,121,0,121,0
2026-10-06T03:01:05Z,2026-10-06T13:01:05+10:00,Redland City,6250,au.qld.energex,Energex,1,1,0,121,0,121,0
2026-10-06T03:01:05Z,2026-10-06T13:01:05+10:00,Somerset Regional,6580,all,All providers,1,1,0,73,0,73,0
2026-10-06T03:01:05Z,2026-10-06T13:01:05+10:00,Somerset Regional,6580,au.qld.energex,Energex,1,1,0,73,0,73,0
2026-10-06T03:01:05Z,2026-10-06T13:01:05+10:00,Southern Downs Regional,6660,all,All providers,1,1,0,122,0,122,0
2026-10-06T03:01:05Z,2026-10-06T13:01:05+10:00,Southern Downs Regional,6660,au.qld.ergon,Ergon Energy,1,1,0,122,0,122,0
2026-10-06T03:01:05Z,2026-10-06T13:01:05+10:00,Toowoomba Regional,6910,all,All providers,3,3,0,728,0,728,0
2026-10-06T03:01:05Z,2026-10-06T13:01:05+10:00,Toowoomba Regional,6910,au.qld.ergon,Ergon Energy,3,3,0,728,0,728,0
2026-10-06T03:01:05Z,2026-10-06T13:01:05+10:00,Townsville City,7010,all,All providers,1,1,0,19,0,19,0
2026-10-06T03:01:05Z,2026-10-06T13:01:05+10:00,Townsville City,7010,au.qld.ergon,Ergon Energy,1,1,0,19,0,19,0
2026-10-06T03:15:31Z,2026-10-06T13:15:31+10:00,Fraser Coast Regional,3220,all,All providers,1,1,0,91,0,91,0
2026-10-06T03:15:31Z,2026-10-06T13:15:31+10:00,Fraser Coast Regional,3220,au.qld.ergon,Ergon Energy,1,1,0,91,0,91,0
2026-10-06T03:15:31Z,2026-10-06T13:15:31+10:00,Gold Coast City,3430,all,All providers,1,1,0,31,0,31,0
2026-10-06T03:15:31Z,2026-10-06T13:15:31+10:00,Gold Coast City,3430,au.qld.energex,Energex,1,1,0,31,0,31,0
2026-10-06T03:15:31Z,2026-10-06T13:15:31+10:00,Lockyer Valley Regional,4580,all,All providers,2,2,0,61,0,61,0
2026-10-06T03:15:31Z,2026-10-06T13:15:31+10:00,Lockyer Valley Regional,4580,au.qld.energex,Energex,2,2,0,61,0,61,0
2026-10-06T03:15:31Z,2026-10-06T13:15:31+10:00,Logan City,4590,all,All providers,1,1,0,7,0,7,0
2026-10-06T03:15:31Z,2026-10-06T13:15:31+10:00,Logan City,4590,au.qld.energex,Energex,1,1,0,7,0,7,0
2026-10-06T03:15:31Z,2026-10-06T13:15:31+10:00,Mareeba Shire,4880,all,All providers,2,2,0,400,0,400,0
2026-10-06T03:15:31Z,2026-10-06T13:15:31+10:00,Mareeba Shire,4880,au.qld.ergon,Ergon Energy,2,2,0,400,0,400,0
2026-10-06T03:15:31Z,2026-10-06T13:15:31+10:00,Moreton Bay City,5010,all,All providers,1,1,0,240,0,240,0
2026-10-06T03:15:31Z,2026-10-06T13:15:31+10:00,Moreton Bay City,5010,au.qld.energex,Energex,1,1,0,240,0,240,0
2026-10-06T03:15:31Z,2026-10-06T13:15:31+10:00,Mount Isa City,5300,all,All providers,2,2,0,165,0,165,0
2026-10-06T03:15:31Z,2026-10-06T13:15:31+10:00,Mount Isa City,5300,au.qld.ergon,Ergon Energy,2,2,0,165,0,165,0
2026-10-06T03:15:31Z,2026-10-06T13:15:31+10:00,Redland City,6250,all,All providers,1,1,0,121,0,121,0
2026-10-06T03:15:31Z,2026-10-06T13:15:31+10:00,Redland City,6250,au.qld.energex,Energex,1,1,0,121,0,121,0
2026-10-06T03:15:31Z,2026-10-06T13:15:31+10:00,Somerset Regional,6580,all,All providers,1,1,0,73,0,73,0
2026-10-06T03:15:31Z,2026-10-06T13:15:31+10:00,Somerset Regional,6580,au.qld.energex,Energex,1,1,0,73,0,73,0
2026-10-06T03:15:31Z,2026-10-06T13:15:31+10:00,Southern Downs Regional,6660,all,All providers,1,1,0,122,0,122,0
2026-10-06T03:15:31Z,2026-10-06T13:15:31+10:00,Southern Downs Regional,6660,au.qld.ergon,Ergon Energy,1,1,0,122,0,122,0
2026-10-06T03:15:31Z,2026-10-06T13:15:31+10:00,Toowoomba Regional,6910,all,All providers,2,2,0,692,0,692,0
2026-10-06T03:15:31Z,2026-10-06T13:15:31+10:00,Toowoomba Regional,6910,au.qld.ergon,Ergon Energy,2,2,0,692,0,692,0
2026-10-06T03:15:31Z,2026-10-06T13:15:31+10:00,Torres Shire,6950,all,All providers,1,1,0,126,0,126,0
2026-10-06T03:15:31Z,2026-10-06T13:15:31+10:00,Torres Shire,6950,au.qld.ergon,Ergon Energy,1,1,0,126,0,126,0
2026-10-06T03:15:31Z,2026-10-06T13:15:31+10:00,Townsville City,7010,all,All providers,1,1,0,19,0,19,0
2026-10-06T03:15:31Z,2026-10-06T13:15:31+10:00,Townsville City,7010,au.qld.ergon,Ergon Energy,1,1,0,19,0,19,0
2026-10-06T03:30:51Z,2026-10-06T13:30:51+10:00,Fraser Coast Regional,3220,all,All providers,1,1,0,91,0,91,0
2026-10-06T03:30:51Z,2026-10-06T13:30:51+10:00,Fraser Coast Regional,3220,au.qld.ergon,Ergon Energy,1,1,0,91,0,91,0
2026-10-06T03:30:51Z,2026-10-06T13:30:51+10:00,Gold Coast City,3430,all,All providers,1,1,0,31,0,31,0
2026-10-06T03:30:51Z,2026-10-06T13:30:51+10:00,Gold Coast City,3430,au.qld.energex,Energex,1,1,0,31,0,31,0
2026-10-06T03:30:51Z,2026-10-06T13:30:51+10:00,Lockyer Valley Regional,4580,all,All providers,2,2,0,61,0,61,0
2026-10-06T03:30:51Z,2026-10-06T13:30:51+10:00,Lockyer Valley Regional,4580,au.qld.energex,Energex,2,2,0,61,0,61,0
2026-10-06T03:30:51Z,2026-10-06T13:30:51+10:00,Logan City,4590,all,All providers,1,1,0,7,0,7,0
2026-10-06T03:30:51Z,2026-10-06T13:30:51+10:00,Logan City,4590,au.qld.energex,Energex,1,1,0,7,0,7,0
2026-10-06T03:30:51Z,2026-10-06T13:30:51+10:00,Mareeba Shire,4880,all,All providers,2,2,0,400,0,400,0
2026-10-06T03:30:51Z,2026-10-06T13:30:51+10:00,Mareeba Shire,4880,au.qld.ergon,Ergon Energy,2,2,0,400,0,400,0
2026-10-06T03:30:51Z,2026-10-06T13:30:51+10:00,Moreton Bay City,5010,all,All providers,1,1,0,240,0,240,0
2026-10-06T03:30:51Z,2026-10-06T13:30:51+10:00,Moreton Bay City,5010,au.qld.energex,Energex,1,1,0,240,0,240,0
2026-10-06T03:30:51Z,2026-10-06T13:30:51+10:00,Mount Isa City,5300,all,All providers,2,2,0,165,0,165,0
2026-10-06T03:30:51Z,2026-10-06T13:30:51+10:00,Mount Isa City,5300,au.qld.ergon,Ergon Energy,2,2,0,165,0,165,0
2026-10-06T03:30:51Z,2026-10-06T13:30:51+10:00,Redland City,6250,all,All providers,1,1,0,121,0,121,0
2026-10-06T03:30:51Z,2026-10-06T13:30:51+10:00,Redland City,6250,au.qld.energex,Energex,1,1,0,121,0,121,0
2026-10-06T03:30:51Z,2026-10-06T13:30:51+10:00,Somerset Regional,6580,all,All providers,1,1,0,73,0,73,0
2026-10-06T03:30:51Z,2026-10-06T13:30:51+10:00,Somerset Regional,6580,au.qld.energex,Energex,1,1,0,73,0,73,0
2026-10-06T03:30:51Z,2026-10-06T13:30:51+10:00,Southern Downs Regional,6660,all,All providers,1,1,0,122,0,122,0
2026-10-06T03:30:51Z,2026-10-06T13:30:51+10:00,Southern Downs Regional,6660,au.qld.ergon,Ergon Energy,1,1,0,122,0,122,0
2026-10-06T03:30:51Z,2026-10-06T13:30:51+10:00,Toowoomba Regional,6910,all,All providers,2,2,0,692,0,692,0
2026-10-06T03:30:51Z,2026-10-06T13:30:51+10:00,Toowoomba Regional,6910,au.qld.ergon,Ergon Energy,2,2,0,692,0,692,0
2026-10-06T03:30:51Z,2026-10-06T13:30:51+10:00,Torres Shire,6950,all,All providers,1,1,0,126,0,126,0
2026-10-06T03:30:51Z,2026-10-06T13:30:51+10:00,Torres Shire,6950,au.qld.ergon,Ergon Energy,1,1,0,126,0,126,0
2026-10-06T03:30:51Z,2026-10-06T13:30:51+10:00,Townsville City,7010,all,All providers,1,1,0,19,0,19,0
2026-10-06T03:30:51Z,2026-10-06T13:30:51+10:00,Townsville City,7010,au.qld.ergon,Ergon Energy,1,1,0,19,0,19,0
2026-10-06T03:45:53Z,2026-10-06T13:45:53+10:00,Fraser Coast Regional,3220,all,All providers,1,1,0,91,0,91,0
2026-10-06T03:45:53Z,2026-10-06T13:45:53+10:00,Fraser Coast Regional,3220,au.qld.ergon,Ergon Energy,1,1,0,91,0,91,0
2026-10-06T03:45:53Z,2026-10-06T13:45:53+10:00,Gold Coast City,3430,all,All providers,1,1,0,31,0,31,0
2026-10-06T03:45:53Z,2026-10-06T13:45:53+10:00,Gold Coast City,3430,au.qld.energex,Energex,1,1,0,31,0,31,0
2026-10-06T03:45:53Z,2026-10-06T13:45:53+10:00,Lockyer Valley Regional,4580,all,All providers,2,2,0,10,0,10,0
2026-10-06T03:45:53Z,2026-10-06T13:45:53+10:00,Lockyer Valley Regional,4580,au.qld.energex,Energex,2,2,0,10,0,10,0
2026-10-06T03:45:53Z,2026-10-06T13:45:53+10:00,Logan City,4590,all,All providers,1,1,0,7,0,7,0
2026-10-06T03:45:53Z,2026-10-06T13:45:53+10:00,Logan City,4590,au.qld.energex,Energex,1,1,0,7,0,7,0
2026-10-06T03:45:53Z,2026-10-06T13:45:53+10:00,Mareeba Shire,4880,all,All providers,2,2,0,400,0,400,0
2026-10-06T03:45:53Z,2026-10-06T13:45:53+10:00,Mareeba Shire,4880,au.qld.ergon,Ergon Energy,2,2,0,400,0,400,0
2026-10-06T03:45:53Z,2026-10-06T13:45:53+10:00,Moreton Bay City,5010,all,All providers,1,1,0,240,0,240,0
2026-10-06T03:45:53Z,2026-10-06T13:45:53+10:00,Moreton Bay City,5010,au.qld.energex,Energex,1,1,0,240,0,240,0
2026-10-06T03:45:53Z,2026-10-06T13:45:53+10:00,Mount Isa City,5300,all,All providers,2,2,0,165,0,165,0
2026-10-06T03:45:53Z,2026-10-06T13:45:53+10:00,Mount Isa City,5300,au.qld.ergon,Ergon Energy,2,2,0,165,0,165,0
2026-10-06T03:45:53Z,2026-10-06T13:45:53+10:00,Somerset Regional,6580,all,All providers,1,1,0,73,0,73,0
2026-10-06T03:45:53Z,2026-10-06T13:45:53+10:00,Somerset Regional,6580,au.qld.energex,Energex,1,1,0,73,0,73,0
2026-10-06T03:45:53Z,2026-10-06T13:45:53+10:00,Southern Downs Regional,6660,all,All providers,1,1,0,122,0,122,0
2026-10-06T03:45:53Z,2026-10-06T13:45:53+10:00,Southern Downs Regional,6660,au.qld.ergon,Ergon Energy,1,1,0,122,0,122,0
2026-10-06T03:45:53Z,2026-10-06T13:45:53+10:00,Toowoomba Regional,6910,all,All providers,1,1,0,47,0,47,0
2026-10-06T03:45:53Z,2026-10-06T13:45:53+10:00,Toowoomba Regional,6910,au.qld.ergon,Ergon Energy,1,1,0,47,0,47,0
2026-10-06T03:45:53Z,2026-10-06T13:45:53+10:00,Torres Shire,6950,all,All providers,1,1,0,126,0,126,0
2026-10-06T03:45:53Z,2026-10-06T13:45:53+10:00,Torres Shire,6950,au.qld.ergon,Ergon Energy,1,1,0,126,0,126,0
2026-10-06T03:45:53Z,2026-10-06T13:45:53+10:00,Townsville City,7010,all,All providers,1,1,0,19,0,19,0
2026-10-06T03:45:53Z,2026-10-06T13:45:53+10:00,Townsville City,7010,au.qld.ergon,Ergon Energy,1,1,0,19,0,19,0
2026-10-06T04:00:52Z,2026-10-06T14:00:52+10:00,Bundaberg Regional,1820,all,All providers,1,1,0,2,0,2,0
2026-10-06T04:00:52Z,2026-10-06T14:00:52+10:00,Bundaberg Regional,1820,au.qld.ergon,Ergon Energy,1,1,0,2,0,2,0
2026-10-06T04:00:52Z,2026-10-06T14:00:52+10:00,Gold Coast City,3430,all,All providers,1,1,0,31,0,31,0
2026-10-06T04:00:52Z,2026-10-06T14:00:52+10:00,Gold Coast City,3430,au.qld.energex,Energex,1,1,0,31,0,31,0
2026-10-06T04:00:52Z,2026-10-06T14:00:52+10:00,Lockyer Valley Regional,4580,all,All providers,2,2,0,10,0,10,0
2026-10-06T04:00:52Z,2026-10-06T14:00:52+10:00,Lockyer Valley Regional,4580,au.qld.energex,Energex,2,2,0,10,0,10,0
2026-10-06T04:00:52Z,2026-10-06T14:00:52+10:00,Logan City,4590,all,All providers,1,1,0,7,0,7,0
2026-10-06T04:00:52Z,2026-10-06T14:00:52+10:00,Logan City,4590,au.qld.energex,Energex,1,1,0,7,0,7,0
2026-10-06T04:00:52Z,2026-10-06T14:00:52+10:00,Mareeba Shire,4880,all,All providers,2,2,0,400,0,400,0
2026-10-06T04:00:52Z,2026-10-06T14:00:52+10:00,Mareeba Shire,4880,au.qld.ergon,Ergon Energy,2,2,0,400,0,400,0
2026-10-06T04:00:52Z,2026-10-06T14:00:52+10:00,Moreton Bay City,5010,all,All providers,1,1,0,80,0,80,0
2026-10-06T04:00:52Z,2026-10-06T14:00:52+10:00,Moreton Bay City,5010,au.qld.energex,Energex,1,1,0,80,0,80,0
2026-10-06T04:00:52Z,2026-10-06T14:00:52+10:00,Mount Isa City,5300,all,All providers,2,2,0,165,0,165,0
2026-10-06T04:00:52Z,2026-10-06T14:00:52+10:00,Mount Isa City,5300,au.qld.ergon,Ergon Energy,2,2,0,165,0,165,0
2026-10-06T04:00:52Z,2026-10-06T14:00:52+10:00,Noosa Shire,5740,all,All providers,1,1,0,463,0,463,0
2026-10-06T04:00:52Z,2026-10-06T14:00:52+10:00,Noosa Shire,5740,au.qld.energex,Energex,1,1,0,463,0,463,0
2026-10-06T04:00:52Z,2026-10-06T14:00:52+10:00,Somerset Regional,6580,all,All providers,1,1,0,73,0,73,0
2026-10-06T04:00:52Z,2026-10-06T14:00:52+10:00,Somerset Regional,6580,au.qld.energex,Energex,1,1,0,73,0,73,0
2026-10-06T04:00:52Z,2026-10-06T14:00:52+10:00,Southern Downs Regional,6660,all,All providers,1,1,0,122,0,122,0
2026-10-06T04:00:52Z,2026-10-06T14:00:52+10:00,Southern Downs Regional,6660,au.qld.ergon,Ergon Energy,1,1,0,122,0,122,0
2026-10-06T04:00:52Z,2026-10-06T14:00:52+10:00,Toowoomba Regional,6910,all,All providers,1,1,0,47,0,47,0
2026-10-06T04:00:52Z,2026-10-06T14:00:52+10:00,Toowoomba Regional,6910,au.qld.ergon,Ergon Energy,1,1,0,47,0,47,0
2026-10-06T04:00:52Z,2026-10-06T14:00:52+10:00,Torres Shire,6950,all,All providers,1,1,0,126,0,126,0
2026-10-06T04:00:52Z,2026-10-06T14:00:52+10:00,Torres Shire,6950,au.qld.ergon,Ergon Energy,1,1,0,126,0,126,0
2026-10-06T04:15:44Z,2026-10-06T14:15:44+10:00,Bundaberg Regional,1820,all,All providers,1,1,0,2,0,2,0
2026-10-06T04:15:44Z,2026-10-06T14:15:44+10:00,Bundaberg Regional,1820,au.qld.ergon,Ergon Energy,1,1,0,2,0,2,0
2026-10-06T04:15:44Z,2026-10-06T14:15:44+10:00,Gold Coast City,3430,all,All providers,1,1,0,31,0,31,0
2026-10-06T04:15:44Z,2026-10-06T14:15:44+10:00,Gold Coast City,3430,au.qld.energex,Energex,1,1,0,31,0,31,0
2026-10-06T04:15:44Z,2026-10-06T14:15:44+10:00,Lockyer Valley Regional,4580,all,All providers,1,1,0,5,0,5,0
2026-10-06T04:15:44Z,2026-10-06T14:15:44+10:00,Lockyer Valley Regional,4580,au.qld.energex,Energex,1,1,0,5,0,5,0
2026-10-06T04:15:44Z,2026-10-06T14:15:44+10:00,Logan City,4590,all,All providers,1,1,0,7,0,7,0
2026-10-06T04:15:44Z,2026-10-06T14:15:44+10:00,Logan City,4590,au.qld.energex,Energex,1,1,0,7,0,7,0
2026-10-06T04:15:44Z,2026-10-06T14:15:44+10:00,Mareeba Shire,4880,all,All providers,2,2,0,400,0,400,0
2026-10-06T04:15:44Z,2026-10-06T14:15:44+10:00,Mareeba Shire,4880,au.qld.ergon,Ergon Energy,2,2,0,400,0,400,0
2026-10-06T04:15:44Z,2026-10-06T14:15:44+10:00,Moreton Bay City,5010,all,All providers,1,1,0,80,0,80,0
2026-10-06T04:15:44Z,2026-10-06T14:15:44+10:00,Moreton Bay City,5010,au.qld.energex,Energex,1,1,0,80,0,80,0
2026-10-06T04:15:44Z,2026-10-06T14:15:44+10:00,Mount Isa City,5300,all,All providers,1,1,0,49,0,49,0
2026-10-06T04:15:44Z,2026-10-06T14:15:44+10:00,Mount Isa City,5300,au.qld.ergon,Ergon Energy,1,1,0,49,0,49,0
2026-10-06T04:15:44Z,2026-10-06T14:15:44+10:00,Noosa Shire,5740,all,All providers,1,1,0,336,0,336,0
2026-10-06T04:15:44Z,2026-10-06T14:15:44+10:00,Noosa Shire,5740,au.qld.energex,Energex,1,1,0,336,0,336,0
2026-10-06T04:15:44Z,2026-10-06T14:15:44+10:00,Somerset Regional,6580,all,All providers,1,1,0,73,0,73,0
2026-10-06T04:15:44Z,2026-10-06T14:15:44+10:00,Somerset Regional,6580,au.qld.energex,Energex,1,1,0,73,0,73,0
2026-10-06T04:15:44Z,2026-10-06T14:15:44+10:00,Southern Downs Regional,6660,all,All providers,1,1,0,122,0,122,0
2026-10-06T04:15:44Z,2026-10-06T14:15:44+10:00,Southern Downs Regional,6660,au.qld.ergon,Ergon Energy,1,1,0,122,0,122,0
2026-10-06T04:15:44Z,2026-10-06T14:15:44+10:00,Toowoomba Regional,6910,all,All providers,1,1,0,47,0,47,0
2026-10-06T04:15:44Z,2026-10-06T14:15:44+10:00,Toowoomba Regional,6910,au.qld.ergon,Ergon Energy,1,1,0,47,0,47,0
2026-10-06T04:15:44Z,2026-10-06T14:15:44+10:00,Torres Shire,6950,all,All providers,1,1,0,126,0,126,0
2026-10-06T04:15:44Z,2026-10-06T14:15:44+10:00,Torres Shire,6950,au.qld.ergon,Ergon Energy,1,1,0,126,0,126,0
2026-10-06T04:30:54Z,2026-10-06T14:30:54+10:00,Bundaberg Regional,1820,all,All providers,1,1,0,2,0,2,0
2026-10-06T04:30:54Z,2026-10-06T14:30:54+10:00,Bundaberg Regional,1820,au.qld.ergon,Ergon Energy,1,1,0,2,0,2,0
2026-10-06T04:30:54Z,2026-10-06T14:30:54+10:00,Gold Coast City,3430,all,All providers,1,1,0,31,0,31,0
2026-10-06T04:30:54Z,2026-10-06T14:30:54+10:00,Gold Coast City,3430,au.qld.energex,Energex,1,1,0,31,0,31,0
2026-10-06T04:30:54Z,2026-10-06T14:30:54+10:00,Lockyer Valley Regional,4580,all,All providers,1,1,0,5,0,5,0
2026-10-06T04:30:54Z,2026-10-06T14:30:54+10:00,Lockyer Valley Regional,4580,au.qld.energex,Energex,1,1,0,5,0,5,0
2026-10-06T04:30:54Z,2026-10-06T14:30:54+10:00,Logan City,4590,all,All providers,1,1,0,7,0,7,0
2026-10-06T04:30:54Z,2026-10-06T14:30:54+10:00,Logan City,4590,au.qld.energex,Energex,1,1,0,7,0,7,0
2026-10-06T04:30:54Z,2026-10-06T14:30:54+10:00,Mareeba Shire,4880,all,All providers,2,2,0,400,0,400,0
2026-10-06T04:30:54Z,2026-10-06T14:30:54+10:00,Mareeba Shire,4880,au.qld.ergon,Ergon Energy,2,2,0,400,0,400,0
2026-10-06T04:30:54Z,2026-10-06T14:30:54+10:00,Moreton Bay City,5010,all,All providers,1,1,0,52,0,52,0
2026-10-06T04:30:54Z,2026-10-06T14:30:54+10:00,Moreton Bay City,5010,au.qld.energex,Energex,1,1,0,52,0,52,0
2026-10-06T04:30:54Z,2026-10-06T14:30:54+10:00,Mount Isa City,5300,all,All providers,1,1,0,49,0,49,0
2026-10-06T04:30:54Z,2026-10-06T14:30:54+10:00,Mount Isa City,5300,au.qld.ergon,Ergon Energy,1,1,0,49,0,49,0
2026-10-06T04:30:54Z,2026-10-06T14:30:54+10:00,Noosa Shire,5740,all,All providers,1,1,0,336,0,336,0
2026-10-06T04:30:54Z,2026-10-06T14:30:54+10:00,Noosa Shire,5740,au.qld.energex,Energex,1,1,0,336,0,336,0
2026-10-06T04:30:54Z,2026-10-06T14:30:54+10:00,Somerset Regional,6580,all,All providers,1,1,0,73,0,73,0
2026-10-06T04:30:54Z,2026-10-06T14:30:54+10:00,Somerset Regional,6580,au.qld.energex,Energex,1,1,0,73,0,73,0
2026-10-06T04:30:54Z,2026-10-06T14:30:54+10:00,Southern Downs Regional,6660,all,All providers,1,1,0,122,0,122,0
2026-10-06T04:30:54Z,2026-10-06T14:30:54+10:00,Southern Downs Regional,6660,au.qld.ergon,Ergon Energy,1,1,0,122,0,122,0
2026-10-06T04:30:54Z,2026-10-06T14:30:54+10:00,Toowoomba Regional,6910,all,All providers,2,2,0,59,0,59,0
2026-10-06T04:30:54Z,2026-10-06T14:30:54+10:00,Toowoomba Regional,6910,au.qld.ergon,Ergon Energy,2,2,0,59,0,59,0
2026-10-06T04:30:54Z,2026-10-06T14:30:54+10:00,Torres Shire,6950,all,All providers,1,1,0,126,0,126,0
2026-10-06T04:30:54Z,2026-10-06T14:30:54+10:00,Torres Shire,6950,au.qld.ergon,Ergon Energy,1,1,0,126,0,126,0
2026-10-06T04:30:54Z,2026-10-06T14:30:54+10:00,Western Downs Regional,7310,all,All providers,1,1,0,103,0,103,0
2026-10-06T04:30:54Z,2026-10-06T14:30:54+10:00,Western Downs Regional,7310,au.qld.ergon,Ergon Energy,1,1,0,103,0,103,0
2026-10-06T04:45:43Z,2026-10-06T14:45:43+10:00,Bundaberg Regional,1820,all,All providers,1,1,0,2,0,2,0
2026-10-06T04:45:43Z,2026-10-06T14:45:43+10:00,Bundaberg Regional,1820,au.qld.ergon,Ergon Energy,1,1,0,2,0,2,0
2026-10-06T04:45:43Z,2026-10-06T14:45:43+10:00,Gold Coast City,3430,all,All providers,1,1,0,31,0,31,0
2026-10-06T04:45:43Z,2026-10-06T14:45:43+10:00,Gold Coast City,3430,au.qld.energex,Energex,1,1,0,31,0,31,0
2026-10-06T04:45:43Z,2026-10-06T14:45:43+10:00,Lockyer Valley Regional,4580,all,All providers,1,1,0,5,0,5,0
2026-10-06T04:45:43Z,2026-10-06T14:45:43+10:00,Lockyer Valley Regional,4580,au.qld.energex,Energex,1,1,0,5,0,5,0
2026-10-06T04:45:43Z,2026-10-06T14:45:43+10:00,Logan City,4590,all,All providers,1,1,0,7,0,7,0
2026-10-06T04:45:43Z,2026-10-06T14:45:43+10:00,Logan City,4590,au.qld.energex,Energex,1,1,0,7,0,7,0
2026-10-06T04:45:43Z,2026-10-06T14:45:43+10:00,Mareeba Shire,4880,all,All providers,2,2,0,400,0,400,0
2026-10-06T04:45:43Z,2026-10-06T14:45:43+10:00,Mareeba Shire,4880,au.qld.ergon,Ergon Energy,2,2,0,400,0,400,0
2026-10-06T04:45:43Z,2026-10-06T14:45:43+10:00,Moreton Bay City,5010,all,All providers,1,1,0,52,0,52,0
2026-10-06T04:45:43Z,2026-10-06T14:45:43+10:00,Moreton Bay City,5010,au.qld.energex,Energex,1,1,0,52,0,52,0
2026-10-06T04:45:43Z,2026-10-06T14:45:43+10:00,Mount Isa City,5300,all,All providers,1,1,0,49,0,49,0
2026-10-06T04:45:43Z,2026-10-06T14:45:43+10:00,Mount Isa City,5300,au.qld.ergon,Ergon Energy,1,1,0,49,0,49,0
2026-10-06T04:45:43Z,2026-10-06T14:45:43+10:00,Noosa Shire,5740,all,All providers,1,1,0,336,0,336,0
2026-10-06T04:45:43Z,2026-10-06T14:45:43+10:00,Noosa Shire,5740,au.qld.energex,Energex,1,1,0,336,0,336,0
2026-10-06T04:45:43Z,2026-10-06T14:45:43+10:00,Somerset Regional,6580,all,All providers,1,1,0,73,0,73,0
2026-10-06T04:45:43Z,2026-10-06T14:45:43+10:00,Somerset Regional,6580,au.qld.energex,Energex,1,1,0,73,0,73,0
2026-10-06T04:45:43Z,2026-10-06T14:45:43+10:00,Southern Downs Regional,6660,all,All providers,1,1,0,122,0,122,0
2026-10-06T04:45:43Z,2026-10-06T14:45:43+10:00,Southern Downs Regional,6660,au.qld.ergon,Ergon Energy,1,1,0,122,0,122,0
2026-10-06T04:45:43Z,2026-10-06T14:45:43+10:00,Toowoomba Regional,6910,all,All providers,2,2,0,59,0,59,0
2026-10-06T04:45:43Z,2026-10-06T14:45:43+10:00,Toowoomba Regional,6910,au.qld.ergon,Ergon Energy,2,2,0,59,0,59,0
2026-10-06T04:45:43Z,2026-10-06T14:45:43+10:00,Torres Shire,6950,all,All providers,1,1,0,126,0,126,0
2026-10-06T04:45:43Z,2026-10-06T14:45:43+10:00,Torres Shire,6950,au.qld.ergon,Ergon Energy,1,1,0,126,0,126,0
2026-10-06T04:45:43Z,2026-10-06T14:45:43+10:00,Western Downs Regional,7310,all,All providers,1,1,0,103,0,103,0
2026-10-06T04:45:43Z,2026-10-06T14:45:43+10:00,Western Downs Regional,7310,au.qld.ergon,Ergon Energy,1,1,0,103,0,103,0
2026-10-06T05:01:01Z,2026-10-06T15:01:01+10:00,Gold Coast City,3430,all,All providers,1,1,0,31,0,31,0
2026-10-06T05:01:01Z,2026-10-06T15:01:01+10:00,Gold Coast City,3430,au.qld.energex,Energex,1,1,0,31,0,31,0
2026-10-06T05:01:01Z,2026-10-06T15:01:01+10:00,Ipswich City,3960,all,All providers,1,1,0,5,0,5,0
2026-10-06T05:01:01Z,2026-10-06T15:01:01+10:00,Ipswich City,3960,au.qld.energex,Energex,1,1,0,5,0,5,0
2026-10-06T05:01:01Z,2026-10-06T15:01:01+10:00,Lockyer Valley Regional,4580,all,All providers,1,1,0,5,0,5,0
2026-10-06T05:01:01Z,2026-10-06T15:01:01+10:00,Lockyer Valley Regional,4580,au.qld.energex,Energex,1,1,0,5,0,5,0
2026-10-06T05:01:01Z,2026-10-06T15:01:01+10:00,Logan City,4590,all,All providers,1,1,0,7,0,7,0
2026-10-06T05:01:01Z,2026-10-06T15:01:01+10:00,Logan City,4590,au.qld.energex,Energex,1,1,0,7,0,7,0
2026-10-06T05:01:01Z,2026-10-06T15:01:01+10:00,Mareeba Shire,4880,all,All providers,2,2,0,400,0,400,0
2026-10-06T05:01:01Z,2026-10-06T15:01:01+10:00,Mareeba Shire,4880,au.qld.ergon,Ergon Energy,2,2,0,400,0,400,0
2026-10-06T05:01:01Z,2026-10-06T15:01:01+10:00,Moreton Bay City,5010,all,All providers,1,1,0,3,0,3,0
2026-10-06T05:01:01Z,2026-10-06T15:01:01+10:00,Moreton Bay City,5010,au.qld.energex,Energex,1,1,0,3,0,3,0
2026-10-06T05:01:01Z,2026-10-06T15:01:01+10:00,Mount Isa City,5300,all,All providers,1,1,0,49,0,49,0
2026-10-06T05:01:01Z,2026-10-06T15:01:01+10:00,Mount Isa City,5300,au.qld.ergon,Ergon Energy,1,1,0,49,0,49,0
2026-10-06T05:01:01Z,2026-10-06T15:01:01+10:00,Noosa Shire,5740,all,All providers,1,1,0,336,0,336,0
2026-10-06T05:01:01Z,2026-10-06T15:01:01+10:00,Noosa Shire,5740,au.qld.energex,Energex,1,1,0,336,0,336,0
2026-10-06T05:01:01Z,2026-10-06T15:01:01+10:00,Northern Peninsula Area Regional,5780,all,All providers,1,1,0,97,0,97,0
2026-10-06T05:01:01Z,2026-10-06T15:01:01+10:00,Northern Peninsula Area Regional,5780,au.qld.ergon,Ergon Energy,1,1,0,97,0,97,0
2026-10-06T05:01:01Z,2026-10-06T15:01:01+10:00,Somerset Regional,6580,all,All providers,1,1,0,31,0,31,0
2026-10-06T05:01:01Z,2026-10-06T15:01:01+10:00,Somerset Regional,6580,au.qld.energex,Energex,1,1,0,31,0,31,0
2026-10-06T05:01:01Z,2026-10-06T15:01:01+10:00,Southern Downs Regional,6660,all,All providers,1,1,0,122,0,122,0
2026-10-06T05:01:01Z,2026-10-06T15:01:01+10:00,Southern Downs Regional,6660,au.qld.ergon,Ergon Energy,1,1,0,122,0,122,0
2026-10-06T05:01:01Z,2026-10-06T15:01:01+10:00,Toowoomba Regional,6910,all,All providers,2,2,0,59,0,59,0
2026-10-06T05:01:01Z,2026-10-06T15:01:01+10:00,Toowoomba Regional,6910,au.qld.ergon,Ergon Energy,2,2,0,59,0,59,0
2026-10-06T05:01:01Z,2026-10-06T15:01:01+10:00,Torres Shire,6950,all,All providers,1,1,0,126,0,126,0
2026-10-06T05:01:01Z,2026-10-06T15:01:01+10:00,Torres Shire,6950,au.qld.ergon,Ergon Energy,1,1,0,126,0,126,0
2026-10-06T05:01:01Z,2026-10-06T15:01:01+10:00,Western Downs Regional,7310,all,All providers,1,1,0,103,0,103,0
2026-10-06T05:01:01Z,2026-10-06T15:01:01+10:00,Western Downs Regional,7310,au.qld.ergon,Ergon Energy,1,1,0,103,0,103,0
2026-10-06T05:15:47Z,2026-10-06T15:15:47+10:00,Gold Coast City,3430,all,All providers,1,1,0,31,0,31,0
2026-10-06T05:15:47Z,2026-10-06T15:15:47+10:00,Gold Coast City,3430,au.qld.energex,Energex,1,1,0,31,0,31,0
2026-10-06T05:15:47Z,2026-10-06T15:15:47+10:00,Ipswich City,3960,all,All providers,1,1,0,5,0,5,0
2026-10-06T05:15:47Z,2026-10-06T15:15:47+10:00,Ipswich City,3960,au.qld.energex,Energex,1,1,0,5,0,5,0
2026-10-06T05:15:47Z,2026-10-06T15:15:47+10:00,Lockyer Valley Regional,4580,all,All providers,1,1,0,5,0,5,0
2026-10-06T05:15:47Z,2026-10-06T15:15:47+10:00,Lockyer Valley Regional,4580,au.qld.energex,Energex,1,1,0,5,0,5,0
2026-10-06T05:15:47Z,2026-10-06T15:15:47+10:00,Logan City,4590,all,All providers,1,1,0,7,0,7,0
2026-10-06T05:15:47Z,2026-10-06T15:15:47+10:00,Logan City,4590,au.qld.energex,Energex,1,1,0,7,0,7,0
2026-10-06T05:15:47Z,2026-10-06T15:15:47+10:00,Mareeba Shire,4880,all,All providers,2,2,0,400,0,400,0
2026-10-06T05:15:47Z,2026-10-06T15:15:47+10:00,Mareeba Shire,4880,au.qld.ergon,Ergon Energy,2,2,0,400,0,400,0
2026-10-06T05:15:47Z,2026-10-06T15:15:47+10:00,Moreton Bay City,5010,all,All providers,1,1,0,3,0,3,0
2026-10-06T05:15:47Z,2026-10-06T15:15:47+10:00,Moreton Bay City,5010,au.qld.energex,Energex,1,1,0,3,0,3,0
2026-10-06T05:15:47Z,2026-10-06T15:15:47+10:00,Mount Isa City,5300,all,All providers,1,1,0,49,0,49,0
2026-10-06T05:15:47Z,2026-10-06T15:15:47+10:00,Mount Isa City,5300,au.qld.ergon,Ergon Energy,1,1,0,49,0,49,0
2026-10-06T05:15:47Z,2026-10-06T15:15:47+10:00,Noosa Shire,5740,all,All providers,1,1,0,336,0,336,0
2026-10-06T05:15:47Z,2026-10-06T15:15:47+10:00,Noosa Shire,5740,au.qld.energex,Energex,1,1,0,336,0,336,0
2026-10-06T05:15:47Z,2026-10-06T15:15:47+10:00,Northern Peninsula Area Regional,5780,all,All providers,1,1,0,97,0,97,0
2026-10-06T05:15:47Z,2026-10-06T15:15:47+10:00,Northern Peninsula Area Regional,5780,au.qld.ergon,Ergon Energy,1,1,0,97,0,97,0
2026-10-06T05:15:47Z,2026-10-06T15:15:47+10:00,Somerset Regional,6580,all,All providers,1,1,0,28,0,28,0
2026-10-06T05:15:47Z,2026-10-06T15:15:47+10:00,Somerset Regional,6580,au.qld.energex,Energex,1,1,0,28,0,28,0
2026-10-06T05:15:47Z,2026-10-06T15:15:47+10:00,Southern Downs Regional,6660,all,All providers,1,1,0,122,0,122,0
2026-10-06T05:15:47Z,2026-10-06T15:15:47+10:00,Southern Downs Regional,6660,au.qld.ergon,Ergon Energy,1,1,0,122,0,122,0
2026-10-06T05:15:47Z,2026-10-06T15:15:47+10:00,Toowoomba Regional,6910,all,All providers,2,2,0,59,0,59,0
2026-10-06T05:15:47Z,2026-10-06T15:15:47+10:00,Toowoomba Regional,6910,au.qld.ergon,Ergon Energy,2,2,0,59,0,59,0
2026-10-06T05:15:47Z,2026-10-06T15:15:47+10:00,Torres Shire,6950,all,All providers,1,1,0,126,0,126,0
2026-10-06T05:15:47Z,2026-10-06T15:15:47+10:00,Torres Shire,6950,au.qld.ergon,Ergon Energy,1,1,0,126,0,126,0
2026-10-06T05:15:47Z,2026-10-06T15:15:47+10:00,Western Downs Regional,7310,all,All providers,1,1,0,103,0,103,0
2026-10-06T05:15:47Z,2026-10-06T15:15:47+10:00,Western Downs Regional,7310,au.qld.ergon,Ergon Energy,1,1,0,103,0,103,0
2026-10-06T05:30:50Z,2026-10-06T15:30:50+10:00,Gold Coast City,3430,all,All providers,1,1,0,31,0,31,0
2026-10-06T05:30:50Z,2026-10-06T15:30:50+10:00,Gold Coast City,3430,au.qld.energex,Energex,1,1,0,31,0,31,0
2026-10-06T05:30:50Z,2026-10-06T15:30:50+10:00,Ipswich City,3960,all,All providers,1,1,0,5,0,5,0
2026-10-06T05:30:50Z,2026-10-06T15:30:50+10:00,Ipswich City,3960,au.qld.energex,Energex,1,1,0,5,0,5,0
2026-10-06T05:30:50Z,2026-10-06T15:30:50+10:00,Lockyer Valley Regional,4580,all,All providers,1,1,0,5,0,5,0
2026-10-06T05:30:50Z,2026-10-06T15:30:50+10:00,Lockyer Valley Regional,4580,au.qld.energex,Energex,1,1,0,5,0,5,0
2026-10-06T05:30:50Z,2026-10-06T15:30:50+10:00,Logan City,4590,all,All providers,1,1,0,7,0,7,0
2026-10-06T05:30:50Z,2026-10-06T15:30:50+10:00,Logan City,4590,au.qld.energex,Energex,1,1,0,7,0,7,0
2026-10-06T05:30:50Z,2026-10-06T15:30:50+10:00,Mareeba Shire,4880,all,All providers,2,2,0,400,0,400,0
2026-10-06T05:30:50Z,2026-10-06T15:30:50+10:00,Mareeba Shire,4880,au.qld.ergon,Ergon Energy,2,2,0,400,0,400,0
2026-10-06T05:30:50Z,2026-10-06T15:30:50+10:00,Moreton Bay City,5010,all,All providers,1,1,0,3,0,3,0
2026-10-06T05:30:50Z,2026-10-06T15:30:50+10:00,Moreton Bay City,5010,au.qld.energex,Energex,1,1,0,3,0,3,0
2026-10-06T05:30:50Z,2026-10-06T15:30:50+10:00,Noosa Shire,5740,all,All providers,1,1,0,336,0,336,0
2026-10-06T05:30:50Z,2026-10-06T15:30:50+10:00,Noosa Shire,5740,au.qld.energex,Energex,1,1,0,336,0,336,0
2026-10-06T05:30:50Z,2026-10-06T15:30:50+10:00,Northern Peninsula Area Regional,5780,all,All providers,1,1,0,97,0,97,0
2026-10-06T05:30:50Z,2026-10-06T15:30:50+10:00,Northern Peninsula Area Regional,5780,au.qld.ergon,Ergon Energy,1,1,0,97,0,97,0
2026-10-06T05:30:50Z,2026-10-06T15:30:50+10:00,Somerset Regional,6580,all,All providers,1,1,0,28,0,28,0
2026-10-06T05:30:50Z,2026-10-06T15:30:50+10:00,Somerset Regional,6580,au.qld.energex,Energex,1,1,0,28,0,28,0
2026-10-06T05:30:50Z,2026-10-06T15:30:50+10:00,Southern Downs Regional,6660,all,All providers,1,1,0,122,0,122,0
2026-10-06T05:30:50Z,2026-10-06T15:30:50+10:00,Southern Downs Regional,6660,au.qld.ergon,Ergon Energy,1,1,0,122,0,122,0
2026-10-06T05:30:50Z,2026-10-06T15:30:50+10:00,Toowoomba Regional,6910,all,All providers,2,2,0,59,0,59,0
2026-10-06T05:30:50Z,2026-10-06T15:30:50+10:00,Toowoomba Regional,6910,au.qld.ergon,Ergon Energy,2,2,0,59,0,59,0
2026-10-06T05:30:50Z,2026-10-06T15:30:50+10:00,Torres Shire,6950,all,All providers,1,1,0,126,0,126,0
2026-10-06T05:30:50Z,2026-10-06T15:30:50+10:00,Torres Shire,6950,au.qld.ergon,Ergon Energy,1,1,0,126,0,126,0
2026-10-06T05:30:50Z,2026-10-06T15:30:50+10:00,Western Downs Regional,7310,all,All providers,1,1,0,103,0,103,0
2026-10-06T05:30:50Z,2026-10-06T15:30:50+10:00,Western Downs Regional,7310,au.qld.ergon,Ergon Energy,1,1,0,103,0,103,0
2026-10-06T05:45:42Z,2026-10-06T15:45:42+10:00,Gold Coast City,3430,all,All providers,1,1,0,31,0,31,0
2026-10-06T05:45:42Z,2026-10-06T15:45:42+10:00,Gold Coast City,3430,au.qld.energex,Energex,1,1,0,31,0,31,0
2026-10-06T05:45:42Z,2026-10-06T15:45:42+10:00,Ipswich City,3960,all,All providers,1,1,0,5,0,5,0
2026-10-06T05:45:42Z,2026-10-06T15:45:42+10:00,Ipswich City,3960,au.qld.energex,Energex,1,1,0,5,0,5,0
2026-10-06T05:45:42Z,2026-10-06T15:45:42+10:00,Lockyer Valley Regional,4580,all,All providers,1,1,0,5,0,5,0
2026-10-06T05:45:42Z,2026-10-06T15:45:42+10:00,Lockyer Valley Regional,4580,au.qld.energex,Energex,1,1,0,5,0,5,0
2026-10-06T05:45:42Z,2026-10-06T15:45:42+10:00,Logan City,4590,all,All providers,1,1,0,7,0,7,0
2026-10-06T05:45:42Z,2026-10-06T15:45:42+10:00,Logan City,4590,au.qld.energex,Energex,1,1,0,7,0,7,0
2026-10-06T05:45:42Z,2026-10-06T15:45:42+10:00,Mareeba Shire,4880,all,All providers,2,2,0,400,0,400,0
2026-10-06T05:45:42Z,2026-10-06T15:45:42+10:00,Mareeba Shire,4880,au.qld.ergon,Ergon Energy,2,2,0,400,0,400,0
2026-10-06T05:45:42Z,2026-10-06T15:45:42+10:00,Moreton Bay City,5010,all,All providers,1,1,0,3,0,3,0
2026-10-06T05:45:42Z,2026-10-06T15:45:42+10:00,Moreton Bay City,5010,au.qld.energex,Energex,1,1,0,3,0,3,0
2026-10-06T05:45:42Z,2026-10-06T15:45:42+10:00,Noosa Shire,5740,all,All providers,1,1,0,336,0,336,0
2026-10-06T05:45:42Z,2026-10-06T15:45:42+10:00,Noosa Shire,5740,au.qld.energex,Energex,1,1,0,336,0,336,0
2026-10-06T05:45:42Z,2026-10-06T15:45:42+10:00,Northern Peninsula Area Regional,5780,all,All providers,1,1,0,97,0,97,0
2026-10-06T05:45:42Z,2026-10-06T15:45:42+10:00,Northern Peninsula Area Regional,5780,au.qld.ergon,Ergon Energy,1,1,0,97,0,97,0
2026-10-06T05:45:42Z,2026-10-06T15:45:42+10:00,Somerset Regional,6580,all,All providers,1,1,0,28,0,28,0
2026-10-06T05:45:42Z,2026-10-06T15:45:42+10:00,Somerset Regional,6580,au.qld.energex,Energex,1,1,0,28,0,28,0
2026-10-06T05:45:42Z,2026-10-06T15:45:42+10:00,Southern Downs Regional,6660,all,All providers,1,1,0,122,0,122,0
2026-10-06T05:45:42Z,2026-10-06T15:45:42+10:00,Southern Downs Regional,6660,au.qld.ergon,Ergon Energy,1,1,0,122,0,122,0
2026-10-06T05:45:42Z,2026-10-06T15:45:42+10:00,Toowoomba Regional,6910,all,All providers,2,2,0,59,0,59,0
2026-10-06T05:45:42Z,2026-10-06T15:45:42+10:00,Toowoomba Regional,6910,au.qld.ergon,Ergon Energy,2,2,0,59,0,59,0
2026-10-06T05:45:42Z,2026-10-06T15:45:42+10:00,Torres Shire,6950,all,All providers,1,1,0,126,0,126,0
2026-10-06T05:45:42Z,2026-10-06T15:45:42+10:00,Torres Shire,6950,au.qld.ergon,Ergon Energy,1,1,0,126,0,126,0
2026-10-06T05:45:42Z,2026-10-06T15:45:42+10:00,Western Downs Regional,7310,all,All providers,1,1,0,103,0,103,0
2026-10-06T05:45:42Z,2026-10-06T15:45:42+10:00,Western Downs Regional,7310,au.qld.ergon,Ergon Energy,1,1,0,103,0,103,0
2026-10-06T06:00:53Z,2026-10-06T16:00:53+10:00,Brisbane City,1000,all,All providers,1,1,0,53,0,53,0
2026-10-06T06:00:53Z,2026-10-06T16:00:53+10:00,Brisbane City,1000,au.qld.energex,Energex,1,1,0,53,0,53,0
2026-10-06T06:00:53Z,2026-10-06T16:00:53+10:00,Gold Coast City,3430,all,All providers,1,1,0,31,0,31,0
2026-10-06T06:00:53Z,2026-10-06T16:00:53+10:00,Gold Coast City,3430,au.qld.energex,Energex,1,1,0,31,0,31,0
2026-10-06T06:00:53Z,2026-10-06T16:00:53+10:00,Ipswich City,3960,all,All providers,1,1,0,5,0,5,0
2026-10-06T06:00:53Z,2026-10-06T16:00:53+10:00,Ipswich City,3960,au.qld.energex,Energex,1,1,0,5,0,5,0
2026-10-06T06:00:53Z,2026-10-06T16:00:53+10:00,Lockyer Valley Regional,4580,all,All providers,1,1,0,5,0,5,0
2026-10-06T06:00:53Z,2026-10-06T16:00:53+10:00,Lockyer Valley Regional,4580,au.qld.energex,Energex,1,1,0,5,0,5,0
2026-10-06T06:00:53Z,2026-10-06T16:00:53+10:00,Logan City,4590,all,All providers,1,1,0,7,0,7,0
2026-10-06T06:00:53Z,2026-10-06T16:00:53+10:00,Logan City,4590,au.qld.energex,Energex,1,1,0,7,0,7,0
2026-10-06T06:00:53Z,2026-10-06T16:00:53+10:00,Mareeba Shire,4880,all,All providers,1,1,0,200,0,200,0
2026-10-06T06:00:53Z,2026-10-06T16:00:53+10:00,Mareeba Shire,4880,au.qld.ergon,Ergon Energy,1,1,0,200,0,200,0
2026-10-06T06:00:53Z,2026-10-06T16:00:53+10:00,Moreton Bay City,5010,all,All providers,1,1,0,3,0,3,0
2026-10-06T06:00:53Z,2026-10-06T16:00:53+10:00,Moreton Bay City,5010,au.qld.energex,Energex,1,1,0,3,0,3,0
2026-10-06T06:00:53Z,2026-10-06T16:00:53+10:00,Noosa Shire,5740,all,All providers,1,1,0,336,0,336,0
2026-10-06T06:00:53Z,2026-10-06T16:00:53+10:00,Noosa Shire,5740,au.qld.energex,Energex,1,1,0,336,0,336,0
2026-10-06T06:00:53Z,2026-10-06T16:00:53+10:00,Northern Peninsula Area Regional,5780,all,All providers,1,1,0,97,0,97,0
2026-10-06T06:00:53Z,2026-10-06T16:00:53+10:00,Northern Peninsula Area Regional,5780,au.qld.ergon,Ergon Energy,1,1,0,97,0,97,0
2026-10-06T06:00:53Z,2026-10-06T16:00:53+10:00,Somerset Regional,6580,all,All providers,1,1,0,28,0,28,0
2026-10-06T06:00:53Z,2026-10-06T16:00:53+10:00,Somerset Regional,6580,au.qld.energex,Energex,1,1,0,28,0,28,0
2026-10-06T06:00:53Z,2026-10-06T16:00:53+10:00,Southern Downs Regional,6660,all,All providers,1,1,0,122,0,122,0
2026-10-06T06:00:53Z,2026-10-06T16:00:53+10:00,Southern Downs Regional,6660,au.qld.ergon,Ergon Energy,1,1,0,122,0,122,0
2026-10-06T06:00:53Z,2026-10-06T16:00:53+10:00,Toowoomba Regional,6910,all,All providers,3,3,0,61,0,61,0
2026-10-06T06:00:53Z,2026-10-06T16:00:53+10:00,Toowoomba Regional,6910,au.qld.ergon,Ergon Energy,3,3,0,61,0,61,0
2026-10-06T06:00:53Z,2026-10-06T16:00:53+10:00,Western Downs Regional,7310,all,All providers,1,1,0,103,0,103,0
2026-10-06T06:00:53Z,2026-10-06T16:00:53+10:00,Western Downs Regional,7310,au.qld.ergon,Ergon Energy,1,1,0,103,0,103,0
2026-10-06T06:15:43Z,2026-10-06T16:15:43+10:00,Brisbane City,1000,all,All providers,1,1,0,53,0,53,0
2026-10-06T06:15:43Z,2026-10-06T16:15:43+10:00,Brisbane City,1000,au.qld.energex,Energex,1,1,0,53,0,53,0
2026-10-06T06:15:43Z,2026-10-06T16:15:43+10:00,Gold Coast City,3430,all,All providers,1,1,0,31,0,31,0
2026-10-06T06:15:43Z,2026-10-06T16:15:43+10:00,Gold Coast City,3430,au.qld.energex,Energex,1,1,0,31,0,31,0
2026-10-06T06:15:43Z,2026-10-06T16:15:43+10:00,Ipswich City,3960,all,All providers,1,1,0,5,0,5,0
2026-10-06T06:15:43Z,2026-10-06T16:15:43+10:00,Ipswich City,3960,au.qld.energex,Energex,1,1,0,5,0,5,0
2026-10-06T06:15:43Z,2026-10-06T16:15:43+10:00,Lockyer Valley Regional,4580,all,All providers,1,1,0,5,0,5,0
2026-10-06T06:15:43Z,2026-10-06T16:15:43+10:00,Lockyer Valley Regional,4580,au.qld.energex,Energex,1,1,0,5,0,5,0
2026-10-06T06:15:43Z,2026-10-06T16:15:43+10:00,Logan City,4590,all,All providers,1,1,0,7,0,7,0
2026-10-06T06:15:43Z,2026-10-06T16:15:43+10:00,Logan City,4590,au.qld.energex,Energex,1,1,0,7,0,7,0
2026-10-06T06:15:43Z,2026-10-06T16:15:43+10:00,Mareeba Shire,4880,all,All providers,1,1,0,200,0,200,0
2026-10-06T06:15:43Z,2026-10-06T16:15:43+10:00,Mareeba Shire,4880,au.qld.ergon,Ergon Energy,1,1,0,200,0,200,0
2026-10-06T06:15:43Z,2026-10-06T16:15:43+10:00,Moreton Bay City,5010,all,All providers,1,1,0,3,0,3,0
2026-10-06T06:15:43Z,2026-10-06T16:15:43+10:00,Moreton Bay City,5010,au.qld.energex,Energex,1,1,0,3,0,3,0
2026-10-06T06:15:43Z,2026-10-06T16:15:43+10:00,Northern Peninsula Area Regional,5780,all,All providers,1,1,0,97,0,97,0
2026-10-06T06:15:43Z,2026-10-06T16:15:43+10:00,Northern Peninsula Area Regional,5780,au.qld.ergon,Ergon Energy,1,1,0,97,0,97,0
2026-10-06T06:15:43Z,2026-10-06T16:15:43+10:00,Somerset Regional,6580,all,All providers,1,1,0,28,0,28,0
2026-10-06T06:15:43Z,2026-10-06T16:15:43+10:00,Somerset Regional,6580,au.qld.energex,Energex,1,1,0,28,0,28,0
2026-10-06T06:15:43Z,2026-10-06T16:15:43+10:00,Southern Downs Regional,6660,all,All providers,1,1,0,122,0,122,0
2026-10-06T06:15:43Z,2026-10-06T16:15:43+10:00,Southern Downs Regional,6660,au.qld.ergon,Ergon Energy,1,1,0,122,0,122,0
2026-10-06T06:15:43Z,2026-10-06T16:15:43+10:00,Toowoomba Regional,6910,all,All providers,3,3,0,61,0,61,0
2026-10-06T06:15:43Z,2026-10-06T16:15:43+10:00,Toowoomba Regional,6910,au.qld.ergon,Ergon Energy,3,3,0,61,0,61,0
2026-10-06T06:15:43Z,2026-10-06T16:15:43+10:00,Western Downs Regional,7310,all,All providers,1,1,0,103,0,103,0
2026-10-06T06:15:43Z,2026-10-06T16:15:43+10:00,Western Downs Regional,7310,au.qld.ergon,Ergon Energy,1,1,0,103,0,103,0
2026-10-06T06:30:50Z,2026-10-06T16:30:50+10:00,Brisbane City,1000,all,All providers,1,1,0,53,0,53,0
2026-10-06T06:30:50Z,2026-10-06T16:30:50+10:00,Brisbane City,1000,au.qld.energex,Energex,1,1,0,53,0,53,0
2026-10-06T06:30:50Z,2026-10-06T16:30:50+10:00,Gold Coast City,3430,all,All providers,1,1,0,31,0,31,0
2026-10-06T06:30:50Z,2026-10-06T16:30:50+10:00,Gold Coast City,3430,au.qld.energex,Energex,1,1,0,31,0,31,0
2026-10-06T06:30:50Z,2026-10-06T16:30:50+10:00,Ipswich City,3960,all,All providers,2,2,0,1660,0,1660,0
2026-10-06T06:30:50Z,2026-10-06T16:30:50+10:00,Ipswich City,3960,au.qld.energex,Energex,2,2,0,1660,0,1660,0
2026-10-06T06:30:50Z,2026-10-06T16:30:50+10:00,Lockyer Valley Regional,4580,all,All providers,1,1,0,5,0,5,0
2026-10-06T06:30:50Z,2026-10-06T16:30:50+10:00,Lockyer Valley Regional,4580,au.qld.energex,Energex,1,1,0,5,0,5,0
2026-10-06T06:30:50Z,2026-10-06T16:30:50+10:00,Logan City,4590,all,All providers,1,1,0,7,0,7,0
2026-10-06T06:30:50Z,2026-10-06T16:30:50+10:00,Logan City,4590,au.qld.energex,Energex,1,1,0,7,0,7,0
2026-10-06T06:30:50Z,2026-10-06T16:30:50+10:00,Mareeba Shire,4880,all,All providers,1,1,0,200,0,200,0
2026-10-06T06:30:50Z,2026-10-06T16:30:50+10:00,Mareeba Shire,4880,au.qld.ergon,Ergon Energy,1,1,0,200,0,200,0
2026-10-06T06:30:50Z,2026-10-06T16:30:50+10:00,Moreton Bay City,5010,all,All providers,1,1,0,3,0,3,0
2026-10-06T06:30:50Z,2026-10-06T16:30:50+10:00,Moreton Bay City,5010,au.qld.energex,Energex,1,1,0,3,0,3,0
2026-10-06T06:30:50Z,2026-10-06T16:30:50+10:00,Northern Peninsula Area Regional,5780,all,All providers,1,1,0,97,0,97,0
2026-10-06T06:30:50Z,2026-10-06T16:30:50+10:00,Northern Peninsula Area Regional,5780,au.qld.ergon,Ergon Energy,1,1,0,97,0,97,0
2026-10-06T06:30:50Z,2026-10-06T16:30:50+10:00,Somerset Regional,6580,all,All providers,1,1,0,28,0,28,0
2026-10-06T06:30:50Z,2026-10-06T16:30:50+10:00,Somerset Regional,6580,au.qld.energex,Energex,1,1,0,28,0,28,0
2026-10-06T06:30:50Z,2026-10-06T16:30:50+10:00,Southern Downs Regional,6660,all,All providers,1,1,0,122,0,122,0
2026-10-06T06:30:50Z,2026-10-06T16:30:50+10:00,Southern Downs Regional,6660,au.qld.ergon,Ergon Energy,1,1,0,122,0,122,0
2026-10-06T06:30:50Z,2026-10-06T16:30:50+10:00,Toowoomba Regional,6910,all,All providers,3,3,0,61,0,61,0
2026-10-06T06:30:50Z,2026-10-06T16:30:50+10:00,Toowoomba Regional,6910,au.qld.ergon,Ergon Energy,3,3,0,61,0,61,0
2026-10-06T06:30:50Z,2026-10-06T16:30:50+10:00,Western Downs Regional,7310,all,All providers,1,1,0,103,0,103,0
2026-10-06T06:30:50Z,2026-10-06T16:30:50+10:00,Western Downs Regional,7310,au.qld.ergon,Ergon Energy,1,1,0,103,0,103,0
2026-10-06T06:45:38Z,2026-10-06T16:45:38+10:00,Gold Coast City,3430,all,All providers,1,1,0,31,0,31,0
2026-10-06T06:45:38Z,2026-10-06T16:45:38+10:00,Gold Coast City,3430,au.qld.energex,Energex,1,1,0,31,0,31,0
2026-10-06T06:45:38Z,2026-10-06T16:45:38+10:00,Ipswich City,3960,all,All providers,2,2,0,1660,0,1660,0
2026-10-06T06:45:38Z,2026-10-06T16:45:38+10:00,Ipswich City,3960,au.qld.energex,Energex,2,2,0,1660,0,1660,0
2026-10-06T06:45:38Z,2026-10-06T16:45:38+10:00,Lockyer Valley Regional,4580,all,All providers,1,1,0,5,0,5,0
2026-10-06T06:45:38Z,2026-10-06T16:45:38+10:00,Lockyer Valley Regional,4580,au.qld.energex,Energex,1,1,0,5,0,5,0
2026-10-06T06:45:38Z,2026-10-06T16:45:38+10:00,Logan City,4590,all,All providers,1,1,0,7,0,7,0
2026-10-06T06:45:38Z,2026-10-06T16:45:38+10:00,Logan City,4590,au.qld.energex,Energex,1,1,0,7,0,7,0
2026-10-06T06:45:38Z,2026-10-06T16:45:38+10:00,Mareeba Shire,4880,all,All providers,1,1,0,200,0,200,0
2026-10-06T06:45:38Z,2026-10-06T16:45:38+10:00,Mareeba Shire,4880,au.qld.ergon,Ergon Energy,1,1,0,200,0,200,0
2026-10-06T06:45:38Z,2026-10-06T16:45:38+10:00,Moreton Bay City,5010,all,All providers,1,1,0,3,0,3,0
2026-10-06T06:45:38Z,2026-10-06T16:45:38+10:00,Moreton Bay City,5010,au.qld.energex,Energex,1,1,0,3,0,3,0
2026-10-06T06:45:38Z,2026-10-06T16:45:38+10:00,Northern Peninsula Area Regional,5780,all,All providers,1,1,0,97,0,97,0
2026-10-06T06:45:38Z,2026-10-06T16:45:38+10:00,Northern Peninsula Area Regional,5780,au.qld.ergon,Ergon Energy,1,1,0,97,0,97,0
2026-10-06T06:45:38Z,2026-10-06T16:45:38+10:00,Somerset Regional,6580,all,All providers,1,1,0,28,0,28,0
2026-10-06T06:45:38Z,2026-10-06T16:45:38+10:00,Somerset Regional,6580,au.qld.energex,Energex,1,1,0,28,0,28,0
2026-10-06T06:45:38Z,2026-10-06T16:45:38+10:00,Southern Downs Regional,6660,all,All providers,1,1,0,122,0,122,0
2026-10-06T06:45:38Z,2026-10-06T16:45:38+10:00,Southern Downs Regional,6660,au.qld.ergon,Ergon Energy,1,1,0,122,0,122,0
2026-10-06T06:45:38Z,2026-10-06T16:45:38+10:00,Toowoomba Regional,6910,all,All providers,3,3,0,61,0,61,0
2026-10-06T06:45:38Z,2026-10-06T16:45:38+10:00,Toowoomba Regional,6910,au.qld.ergon,Ergon Energy,3,3,0,61,0,61,0
2026-10-06T06:45:38Z,2026-10-06T16:45:38+10:00,Western Downs Regional,7310,all,All providers,1,1,0,103,0,103,0
2026-10-06T06:45:38Z,2026-10-06T16:45:38+10:00,Western Downs Regional,7310,au.qld.ergon,Ergon Energy,1,1,0,103,0,103,0
2026-10-06T07:01:04Z,2026-10-06T17:01:04+10:00,Gold Coast City,3430,all,All providers,1,1,0,31,0,31,0
2026-10-06T07:01:04Z,2026-10-06T17:01:04+10:00,Gold Coast City,3430,au.qld.energex,Energex,1,1,0,31,0,31,0
2026-10-06T07:01:04Z,2026-10-06T17:01:04+10:00,Ipswich City,3960,all,All providers,2,2,0,1660,0,1660,0
2026-10-06T07:01:04Z,2026-10-06T17:01:04+10:00,Ipswich City,3960,au.qld.energex,Energex,2,2,0,1660,0,1660,0
2026-10-06T07:01:04Z,2026-10-06T17:01:04+10:00,Lockyer Valley Regional,4580,all,All providers,1,1,0,5,0,5,0
2026-10-06T07:01:04Z,2026-10-06T17:01:04+10:00,Lockyer Valley Regional,4580,au.qld.energex,Energex,1,1,0,5,0,5,0
2026-10-06T07:01:04Z,2026-10-06T17:01:04+10:00,Logan City,4590,all,All providers,1,1,0,7,0,7,0
2026-10-06T07:01:04Z,2026-10-06T17:01:04+10:00,Logan City,4590,au.qld.energex,Energex,1,1,0,7,0,7,0
2026-10-06T07:01:04Z,2026-10-06T17:01:04+10:00,Mareeba Shire,4880,all,All providers,1,1,0,200,0,200,0
2026-10-06T07:01:04Z,2026-10-06T17:01:04+10:00,Mareeba Shire,4880,au.qld.ergon,Ergon Energy,1,1,0,200,0,200,0
2026-10-06T07:01:04Z,2026-10-06T17:01:04+10:00,Moreton Bay City,5010,all,All providers,1,1,0,3,0,3,0
2026-10-06T07:01:04Z,2026-10-06T17:01:04+10:00,Moreton Bay City,5010,au.qld.energex,Energex,1,1,0,3,0,3,0
2026-10-06T07:01:04Z,2026-10-06T17:01:04+10:00,Northern Peninsula Area Regional,5780,all,All providers,1,1,0,97,0,97,0
2026-10-06T07:01:04Z,2026-10-06T17:01:04+10:00,Northern Peninsula Area Regional,5780,au.qld.ergon,Ergon Energy,1,1,0,97,0,97,0
2026-10-06T07:01:04Z,2026-10-06T17:01:04+10:00,Somerset Regional,6580,all,All providers,1,1,0,17,0,17,0
2026-10-06T07:01:04Z,2026-10-06T17:01:04+10:00,Somerset Regional,6580,au.qld.energex,Energex,1,1,0,17,0,17,0
2026-10-06T07:01:04Z,2026-10-06T17:01:04+10:00,Southern Downs Regional,6660,all,All providers,1,1,0,122,0,122,0
2026-10-06T07:01:04Z,2026-10-06T17:01:04+10:00,Southern Downs Regional,6660,au.qld.ergon,Ergon Energy,1,1,0,122,0,122,0
2026-10-06T07:01:04Z,2026-10-06T17:01:04+10:00,Toowoomba Regional,6910,all,All providers,2,2,0,59,0,59,0
2026-10-06T07:01:04Z,2026-10-06T17:01:04+10:00,Toowoomba Regional,6910,au.qld.ergon,Ergon Energy,2,2,0,59,0,59,0
2026-10-06T07:01:04Z,2026-10-06T17:01:04+10:00,Western Downs Regional,7310,all,All providers,1,1,0,103,0,103,0
2026-10-06T07:01:04Z,2026-10-06T17:01:04+10:00,Western Downs Regional,7310,au.qld.ergon,Ergon Energy,1,1,0,103,0,103,0
2026-10-06T07:15:42Z,2026-10-06T17:15:42+10:00,Gold Coast City,3430,all,All providers,1,1,0,31,0,31,0
2026-10-06T07:15:42Z,2026-10-06T17:15:42+10:00,Gold Coast City,3430,au.qld.energex,Energex,1,1,0,31,0,31,0
2026-10-06T07:15:42Z,2026-10-06T17:15:42+10:00,Ipswich City,3960,all,All providers,2,2,0,1660,0,1660,0
2026-10-06T07:15:42Z,2026-10-06T17:15:42+10:00,Ipswich City,3960,au.qld.energex,Energex,2,2,0,1660,0,1660,0
2026-10-06T07:15:42Z,2026-10-06T17:15:42+10:00,Lockyer Valley Regional,4580,all,All providers,1,1,0,5,0,5,0
2026-10-06T07:15:42Z,2026-10-06T17:15:42+10:00,Lockyer Valley Regional,4580,au.qld.energex,Energex,1,1,0,5,0,5,0
2026-10-06T07:15:42Z,2026-10-06T17:15:42+10:00,Logan City,4590,all,All providers,1,1,0,7,0,7,0
2026-10-06T07:15:42Z,2026-10-06T17:15:42+10:00,Logan City,4590,au.qld.energex,Energex,1,1,0,7,0,7,0
2026-10-06T07:15:42Z,2026-10-06T17:15:42+10:00,Mareeba Shire,4880,all,All providers,1,1,0,200,0,200,0
2026-10-06T07:15:42Z,2026-10-06T17:15:42+10:00,Mareeba Shire,4880,au.qld.ergon,Ergon Energy,1,1,0,200,0,200,0
2026-10-06T07:15:42Z,2026-10-06T17:15:42+10:00,Northern Peninsula Area Regional,5780,all,All providers,1,1,0,97,0,97,0
2026-10-06T07:15:42Z,2026-10-06T17:15:42+10:00,Northern Peninsula Area Regional,5780,au.qld.ergon,Ergon Energy,1,1,0,97,0,97,0
2026-10-06T07:15:42Z,2026-10-06T17:15:42+10:00,Somerset Regional,6580,all,All providers,1,1,0,17,0,17,0
2026-10-06T07:15:42Z,2026-10-06T17:15:42+10:00,Somerset Regional,6580,au.qld.energex,Energex,1,1,0,17,0,17,0
2026-10-06T07:15:42Z,2026-10-06T17:15:42+10:00,Southern Downs Regional,6660,all,All providers,1,1,0,122,0,122,0
2026-10-06T07:15:42Z,2026-10-06T17:15:42+10:00,Southern Downs Regional,6660,au.qld.ergon,Ergon Energy,1,1,0,122,0,122,0
2026-10-06T07:15:42Z,2026-10-06T17:15:42+10:00,Toowoomba Regional,6910,all,All providers,2,2,0,59,0,59,0
2026-10-06T07:15:42Z,2026-10-06T17:15:42+10:00,Toowoomba Regional,6910,au.qld.ergon,Ergon Energy,2,2,0,59,0,59,0
2026-10-06T07:15:42Z,2026-10-06T17:15:42+10:00,Western Downs Regional,7310,all,All providers,1,1,0,103,0,103,0
2026-10-06T07:15:42Z,2026-10-06T17:15:42+10:00,Western Downs Regional,7310,au.qld.ergon,Ergon Energy,1,1,0,103,0,103,0
2026-10-06T07:30:51Z,2026-10-06T17:30:51+10:00,Gold Coast City,3430,all,All providers,1,1,0,31,0,31,0
2026-10-06T07:30:51Z,2026-10-06T17:30:51+10:00,Gold Coast City,3430,au.qld.energex,Energex,1,1,0,31,0,31,0
2026-10-06T07:30:51Z,2026-10-06T17:30:51+10:00,Ipswich City,3960,all,All providers,2,2,0,1660,0,1660,0
2026-10-06T07:30:51Z,2026-10-06T17:30:51+10:00,Ipswich City,3960,au.qld.energex,Energex,2,2,0,1660,0,1660,0
2026-10-06T07:30:51Z,2026-10-06T17:30:51+10:00,Lockyer Valley Regional,4580,all,All providers,1,1,0,5,0,5,0
2026-10-06T07:30:51Z,2026-10-06T17:30:51+10:00,Lockyer Valley Regional,4580,au.qld.energex,Energex,1,1,0,5,0,5,0
2026-10-06T07:30:51Z,2026-10-06T17:30:51+10:00,Logan City,4590,all,All providers,1,1,0,7,0,7,0
2026-10-06T07:30:51Z,2026-10-06T17:30:51+10:00,Logan City,4590,au.qld.energex,Energex,1,1,0,7,0,7,0
2026-10-06T07:30:51Z,2026-10-06T17:30:51+10:00,Mareeba Shire,4880,all,All providers,1,1,0,200,0,200,0
2026-10-06T07:30:51Z,2026-10-06T17:30:51+10:00,Mareeba Shire,4880,au.qld.ergon,Ergon Energy,1,1,0,200,0,200,0
2026-10-06T07:30:51Z,2026-10-06T17:30:51+10:00,Northern Peninsula Area Regional,5780,all,All providers,1,1,0,97,0,97,0
2026-10-06T07:30:51Z,2026-10-06T17:30:51+10:00,Northern Peninsula Area Regional,5780,au.qld.ergon,Ergon Energy,1,1,0,97,0,97,0
2026-10-06T07:30:51Z,2026-10-06T17:30:51+10:00,Somerset Regional,6580,all,All providers,1,1,0,17,0,17,0
2026-10-06T07:30:51Z,2026-10-06T17:30:51+10:00,Somerset Regional,6580,au.qld.energex,Energex,1,1,0,17,0,17,0
2026-10-06T07:30:51Z,2026-10-06T17:30:51+10:00,Southern Downs Regional,6660,all,All providers,1,1,0,122,0,122,0
2026-10-06T07:30:51Z,2026-10-06T17:30:51+10:00,Southern Downs Regional,6660,au.qld.ergon,Ergon Energy,1,1,0,122,0,122,0
2026-10-06T07:30:51Z,2026-10-06T17:30:51+10:00,Tablelands Regional,6820,all,All providers,1,1,0,2,0,2,0
2026-10-06T07:30:51Z,2026-10-06T17:30:51+10:00,Tablelands Regional,6820,au.qld.ergon,Ergon Energy,1,1,0,2,0,2,0
2026-10-06T07:30:51Z,2026-10-06T17:30:51+10:00,Toowoomba Regional,6910,all,All providers,1,1,0,47,0,47,0
2026-10-06T07:30:51Z,2026-10-06T17:30:51+10:00,Toowoomba Regional,6910,au.qld.ergon,Ergon Energy,1,1,0,47,0,47,0
2026-10-06T07:30:51Z,2026-10-06T17:30:51+10:00,Western Downs Regional,7310,all,All providers,1,1,0,103,0,103,0
2026-10-06T07:30:51Z,2026-10-06T17:30:51+10:00,Western Downs Regional,7310,au.qld.ergon,Ergon Energy,1,1,0,103,0,103,0
2026-10-06T07:45:45Z,2026-10-06T17:45:45+10:00,Gold Coast City,3430,all,All providers,1,1,0,31,0,31,0
2026-10-06T07:45:45Z,2026-10-06T17:45:45+10:00,Gold Coast City,3430,au.qld.energex,Energex,1,1,0,31,0,31,0
2026-10-06T07:45:45Z,2026-10-06T17:45:45+10:00,Ipswich City,3960,all,All providers,2,2,0,39,0,39,0
2026-10-06T07:45:45Z,2026-10-06T17:45:45+10:00,Ipswich City,3960,au.qld.energex,Energex,2,2,0,39,0,39,0
2026-10-06T07:45:45Z,2026-10-06T17:45:45+10:00,Lockyer Valley Regional,4580,all,All providers,1,1,0,5,0,5,0
2026-10-06T07:45:45Z,2026-10-06T17:45:45+10:00,Lockyer Valley Regional,4580,au.qld.energex,Energex,1,1,0,5,0,5,0
2026-10-06T07:45:45Z,2026-10-06T17:45:45+10:00,Logan City,4590,all,All providers,1,1,0,7,0,7,0
2026-10-06T07:45:45Z,2026-10-06T17:45:45+10:00,Logan City,4590,au.qld.energex,Energex,1,1,0,7,0,7,0
2026-10-06T07:45:45Z,2026-10-06T17:45:45+10:00,Mareeba Shire,4880,all,All providers,1,1,0,200,0,200,0
2026-10-06T07:45:45Z,2026-10-06T17:45:45+10:00,Mareeba Shire,4880,au.qld.ergon,Ergon Energy,1,1,0,200,0,200,0
2026-10-06T07:45:45Z,2026-10-06T17:45:45+10:00,Northern Peninsula Area Regional,5780,all,All providers,1,1,0,97,0,97,0
2026-10-06T07:45:45Z,2026-10-06T17:45:45+10:00,Northern Peninsula Area Regional,5780,au.qld.ergon,Ergon Energy,1,1,0,97,0,97,0
2026-10-06T07:45:45Z,2026-10-06T17:45:45+10:00,Somerset Regional,6580,all,All providers,1,1,0,17,0,17,0
2026-10-06T07:45:45Z,2026-10-06T17:45:45+10:00,Somerset Regional,6580,au.qld.energex,Energex,1,1,0,17,0,17,0
2026-10-06T07:45:45Z,2026-10-06T17:45:45+10:00,Tablelands Regional,6820,all,All providers,1,1,0,2,0,2,0
2026-10-06T07:45:45Z,2026-10-06T17:45:45+10:00,Tablelands Regional,6820,au.qld.ergon,Ergon Energy,1,1,0,2,0,2,0
2026-10-06T07:45:45Z,2026-10-06T17:45:45+10:00,Toowoomba Regional,6910,all,All providers,1,1,0,47,0,47,0
2026-10-06T07:45:45Z,2026-10-06T17:45:45+10:00,Toowoomba Regional,6910,au.qld.ergon,Ergon Energy,1,1,0,47,0,47,0
2026-10-06T07:45:45Z,2026-10-06T17:45:45+10:00,Western Downs Regional,7310,all,All providers,1,1,0,103,0,103,0
2026-10-06T07:45:45Z,2026-10-06T17:45:45+10:00,Western Downs Regional,7310,au.qld.ergon,Ergon Energy,1,1,0,103,0,103,0
2026-10-06T08:01:00Z,2026-10-06T18:01:00+10:00,Ipswich City,3960,all,All providers,2,2,0,39,0,39,0
2026-10-06T08:01:00Z,2026-10-06T18:01:00+10:00,Ipswich City,3960,au.qld.energex,Energex,2,2,0,39,0,39,0
2026-10-06T08:01:00Z,2026-10-06T18:01:00+10:00,Lockyer Valley Regional,4580,all,All providers,1,1,0,5,0,5,0
2026-10-06T08:01:00Z,2026-10-06T18:01:00+10:00,Lockyer Valley Regional,4580,au.qld.energex,Energex,1,1,0,5,0,5,0
2026-10-06T08:01:00Z,2026-10-06T18:01:00+10:00,Logan City,4590,all,All providers,1,1,0,7,0,7,0
2026-10-06T08:01:00Z,2026-10-06T18:01:00+10:00,Logan City,4590,au.qld.energex,Energex,1,1,0,7,0,7,0
2026-10-06T08:01:00Z,2026-10-06T18:01:00+10:00,Mareeba Shire,4880,all,All providers,1,1,0,200,0,200,0
2026-10-06T08:01:00Z,2026-10-06T18:01:00+10:00,Mareeba Shire,4880,au.qld.ergon,Ergon Energy,1,1,0,200,0,200,0
2026-10-06T08:01:00Z,2026-10-06T18:01:00+10:00,Northern Peninsula Area Regional,5780,all,All providers,1,1,0,97,0,97,0
2026-10-06T08:01:00Z,2026-10-06T18:01:00+10:00,Northern Peninsula Area Regional,5780,au.qld.ergon,Ergon Energy,1,1,0,97,0,97,0
2026-10-06T08:01:00Z,2026-10-06T18:01:00+10:00,Somerset Regional,6580,all,All providers,1,1,0,17,0,17,0
2026-10-06T08:01:00Z,2026-10-06T18:01:00+10:00,Somerset Regional,6580,au.qld.energex,Energex,1,1,0,17,0,17,0
2026-10-06T08:01:00Z,2026-10-06T18:01:00+10:00,Tablelands Regional,6820,all,All providers,1,1,0,2,0,2,0
2026-10-06T08:01:00Z,2026-10-06T18:01:00+10:00,Tablelands Regional,6820,au.qld.ergon,Ergon Energy,1,1,0,2,0,2,0
2026-10-06T08:01:00Z,2026-10-06T18:01:00+10:00,Toowoomba Regional,6910,all,All providers,1,1,0,47,0,47,0
2026-10-06T08:01:00Z,2026-10-06T18:01:00+10:00,Toowoomba Regional,6910,au.qld.ergon,Ergon Energy,1,1,0,47,0,47,0
2026-10-06T08:01:00Z,2026-10-06T18:01:00+10:00,Western Downs Regional,7310,all,All providers,1,1,0,59,0,59,0
2026-10-06T08:01:00Z,2026-10-06T18:01:00+10:00,Western Downs Regional,7310,au.qld.ergon,Ergon Energy,1,1,0,59,0,59,0
2026-10-06T08:15:41Z,2026-10-06T18:15:41+10:00,Ipswich City,3960,all,All providers,2,2,0,39,0,39,0
2026-10-06T08:15:41Z,2026-10-06T18:15:41+10:00,Ipswich City,3960,au.qld.energex,Energex,2,2,0,39,0,39,0
2026-10-06T08:15:41Z,2026-10-06T18:15:41+10:00,Lockyer Valley Regional,4580,all,All providers,1,1,0,5,0,5,0
2026-10-06T08:15:41Z,2026-10-06T18:15:41+10:00,Lockyer Valley Regional,4580,au.qld.energex,Energex,1,1,0,5,0,5,0
2026-10-06T08:15:41Z,2026-10-06T18:15:41+10:00,Logan City,4590,all,All providers,1,1,0,7,0,7,0
2026-10-06T08:15:41Z,2026-10-06T18:15:41+10:00,Logan City,4590,au.qld.energex,Energex,1,1,0,7,0,7,0
2026-10-06T08:15:41Z,2026-10-06T18:15:41+10:00,Mareeba Shire,4880,all,All providers,1,1,0,200,0,200,0
2026-10-06T08:15:41Z,2026-10-06T18:15:41+10:00,Mareeba Shire,4880,au.qld.ergon,Ergon Energy,1,1,0,200,0,200,0
2026-10-06T08:15:41Z,2026-10-06T18:15:41+10:00,Northern Peninsula Area Regional,5780,all,All providers,1,1,0,97,0,97,0
2026-10-06T08:15:41Z,2026-10-06T18:15:41+10:00,Northern Peninsula Area Regional,5780,au.qld.ergon,Ergon Energy,1,1,0,97,0,97,0
2026-10-06T08:15:41Z,2026-10-06T18:15:41+10:00,Tablelands Regional,6820,all,All providers,1,1,0,2,0,2,0
2026-10-06T08:15:41Z,2026-10-06T18:15:41+10:00,Tablelands Regional,6820,au.qld.ergon,Ergon Energy,1,1,0,2,0,2,0
2026-10-06T08:15:41Z,2026-10-06T18:15:41+10:00,Toowoomba Regional,6910,all,All providers,1,1,0,47,0,47,0
2026-10-06T08:15:41Z,2026-10-06T18:15:41+10:00,Toowoomba Regional,6910,au.qld.ergon,Ergon Energy,1,1,0,47,0,47,0
2026-10-06T08:15:41Z,2026-10-06T18:15:41+10:00,Western Downs Regional,7310,all,All providers,1,1,0,59,0,59,0
2026-10-06T08:15:41Z,2026-10-06T18:15:41+10:00,Western Downs Regional,7310,au.qld.ergon,Ergon Energy,1,1,0,59,0,59,0
2026-10-06T08:30:54Z,2026-10-06T18:30:54+10:00,Ipswich City,3960,all,All providers,2,2,0,39,0,39,0
2026-10-06T08:30:54Z,2026-10-06T18:30:54+10:00,Ipswich City,3960,au.qld.energex,Energex,2,2,0,39,0,39,0
2026-10-06T08:30:54Z,2026-10-06T18:30:54+10:00,Lockyer Valley Regional,4580,all,All providers,1,1,0,5,0,5,0
2026-10-06T08:30:54Z,2026-10-06T18:30:54+10:00,Lockyer Valley Regional,4580,au.qld.energex,Energex,1,1,0,5,0,5,0
2026-10-06T08:30:54Z,2026-10-06T18:30:54+10:00,Mareeba Shire,4880,all,All providers,1,1,0,200,0,200,0
2026-10-06T08:30:54Z,2026-10-06T18:30:54+10:00,Mareeba Shire,4880,au.qld.ergon,Ergon Energy,1,1,0,200,0,200,0
2026-10-06T08:30:54Z,2026-10-06T18:30:54+10:00,Northern Peninsula Area Regional,5780,all,All providers,1,1,0,97,0,97,0
2026-10-06T08:30:54Z,2026-10-06T18:30:54+10:00,Northern Peninsula Area Regional,5780,au.qld.ergon,Ergon Energy,1,1,0,97,0,97,0
2026-10-06T08:30:54Z,2026-10-06T18:30:54+10:00,Tablelands Regional,6820,all,All providers,1,1,0,2,0,2,0
2026-10-06T08:30:54Z,2026-10-06T18:30:54+10:00,Tablelands Regional,6820,au.qld.ergon,Ergon Energy,1,1,0,2,0,2,0
2026-10-06T08:30:54Z,2026-10-06T18:30:54+10:00,Toowoomba Regional,6910,all,All providers,1,1,0,47,0,47,0
2026-10-06T08:30:54Z,2026-10-06T18:30:54+10:00,Toowoomba Regional,6910,au.qld.ergon,Ergon Energy,1,1,0,47,0,47,0
2026-10-06T08:30:54Z,2026-10-06T18:30:54+10:00,Western Downs Regional,7310,all,All providers,1,1,0,59,0,59,0
2026-10-06T08:30:54Z,2026-10-06T18:30:54+10:00,Western Downs Regional,7310,au.qld.ergon,Ergon Energy,1,1,0,59,0,59,0
2026-10-06T08:45:41Z,2026-10-06T18:45:41+10:00,Ipswich City,3960,all,All providers,2,2,0,39,0,39,0
2026-10-06T08:45:41Z,2026-10-06T18:45:41+10:00,Ipswich City,3960,au.qld.energex,Energex,2,2,0,39,0,39,0
2026-10-06T08:45:41Z,2026-10-06T18:45:41+10:00,Mareeba Shire,4880,all,All providers,1,1,0,200,0,200,0
2026-10-06T08:45:41Z,2026-10-06T18:45:41+10:00,Mareeba Shire,4880,au.qld.ergon,Ergon Energy,1,1,0,200,0,200,0
2026-10-06T08:45:41Z,2026-10-06T18:45:41+10:00,Northern Peninsula Area Regional,5780,all,All providers,1,1,0,97,0,97,0
2026-10-06T08:45:41Z,2026-10-06T18:45:41+10:00,Northern Peninsula Area Regional,5780,au.qld.ergon,Ergon Energy,1,1,0,97,0,97,0
2026-10-06T08:45:41Z,2026-10-06T18:45:41+10:00,Tablelands Regional,6820,all,All providers,1,1,0,2,0,2,0
2026-10-06T08:45:41Z,2026-10-06T18:45:41+10:00,Tablelands Regional,6820,au.qld.ergon,Ergon Energy,1,1,0,2,0,2,0
2026-10-06T08:45:41Z,2026-10-06T18:45:41+10:00,Toowoomba Regional,6910,all,All providers,1,1,0,47,0,47,0
2026-10-06T08:45:41Z,2026-10-06T18:45:41+10:00,Toowoomba Regional,6910,au.qld.ergon,Ergon Energy,1,1,0,47,0,47,0
2026-10-06T08:45:41Z,2026-10-06T18:45:41+10:00,Western Downs Regional,7310,all,All providers,1,1,0,59,0,59,0
2026-10-06T08:45:41Z,2026-10-06T18:45:41+10:00,Western Downs Regional,7310,au.qld.ergon,Ergon Energy,1,1,0,59,0,59,0
2026-10-06T09:00:59Z,2026-10-06T19:00:59+10:00,Ipswich City,3960,all,All providers,2,2,0,39,0,39,0
2026-10-06T09:00:59Z,2026-10-06T19:00:59+10:00,Ipswich City,3960,au.qld.energex,Energex,2,2,0,39,0,39,0
2026-10-06T09:00:59Z,2026-10-06T19:00:59+10:00,Mareeba Shire,4880,all,All providers,1,1,0,200,0,200,0
2026-10-06T09:00:59Z,2026-10-06T19:00:59+10:00,Mareeba Shire,4880,au.qld.ergon,Ergon Energy,1,1,0,200,0,200,0
2026-10-06T09:00:59Z,2026-10-06T19:00:59+10:00,Northern Peninsula Area Regional,5780,all,All providers,1,1,0,97,0,97,0
2026-10-06T09:00:59Z,2026-10-06T19:00:59+10:00,Northern Peninsula Area Regional,5780,au.qld.ergon,Ergon Energy,1,1,0,97,0,97,0
2026-10-06T09:00:59Z,2026-10-06T19:00:59+10:00,Tablelands Regional,6820,all,All providers,1,1,0,2,0,2,0
2026-10-06T09:00:59Z,2026-10-06T19:00:59+10:00,Tablelands Regional,6820,au.qld.ergon,Ergon Energy,1,1,0,2,0,2,0
2026-10-06T09:00:59Z,2026-10-06T19:00:59+10:00,Toowoomba Regional,6910,all,All providers,1,1,0,47,0,47,0
2026-10-06T09:00:59Z,2026-10-06T19:00:59+10:00,Toowoomba Regional,6910,au.qld.ergon,Ergon Energy,1,1,0,47,0,47,0
2026-10-06T09:00:59Z,2026-10-06T19:00:59+10:00,Western Downs Regional,7310,all,All providers,1,1,0,59,0,59,0
2026-10-06T09:00:59Z,2026-10-06T19:00:59+10:00,Western Downs Regional,7310,au.qld.ergon,Ergon Energy,1,1,0,59,0,59,0
2026-10-06T09:15:36Z,2026-10-06T19:15:36+10:00,Ipswich City,3960,all,All providers,2,2,0,39,0,39,0
2026-10-06T09:15:36Z,2026-10-06T19:15:36+10:00,Ipswich City,3960,au.qld.energex,Energex,2,2,0,39,0,39,0
2026-10-06T09:15:36Z,2026-10-06T19:15:36+10:00,Mareeba Shire,4880,all,All providers,1,1,0,200,0,200,0
2026-10-06T09:15:36Z,2026-10-06T19:15:36+10:00,Mareeba Shire,4880,au.qld.ergon,Ergon Energy,1,1,0,200,0,200,0
2026-10-06T09:15:36Z,2026-10-06T19:15:36+10:00,Northern Peninsula Area Regional,5780,all,All providers,1,1,0,97,0,97,0
2026-10-06T09:15:36Z,2026-10-06T19:15:36+10:00,Northern Peninsula Area Regional,5780,au.qld.ergon,Ergon Energy,1,1,0,97,0,97,0
2026-10-06T09:15:36Z,2026-10-06T19:15:36+10:00,Tablelands Regional,6820,all,All providers,1,1,0,2,0,2,0
2026-10-06T09:15:36Z,2026-10-06T19:15:36+10:00,Tablelands Regional,6820,au.qld.ergon,Ergon Energy,1,1,0,2,0,2,0
2026-10-06T09:15:36Z,2026-10-06T19:15:36+10:00,Toowoomba Regional,6910,all,All providers,1,1,0,47,0,47,0
2026-10-06T09:15:36Z,2026-10-06T19:15:36+10:00,Toowoomba Regional,6910,au.qld.ergon,Ergon Energy,1,1,0,47,0,47,0
2026-10-06T09:15:36Z,2026-10-06T19:15:36+10:00,Western Downs Regional,7310,all,All providers,1,1,0,59,0,59,0
2026-10-06T09:15:36Z,2026-10-06T19:15:36+10:00,Western Downs Regional,7310,au.qld.ergon,Ergon Energy,1,1,0,59,0,59,0
2026-10-06T09:30:51Z,2026-10-06T19:30:51+10:00,Ipswich City,3960,all,All providers,2,2,0,39,0,39,0
2026-10-06T09:30:51Z,2026-10-06T19:30:51+10:00,Ipswich City,3960,au.qld.energex,Energex,2,2,0,39,0,39,0
2026-10-06T09:30:51Z,2026-10-06T19:30:51+10:00,Mareeba Shire,4880,all,All providers,1,1,0,200,0,200,0
2026-10-06T09:30:51Z,2026-10-06T19:30:51+10:00,Mareeba Shire,4880,au.qld.ergon,Ergon Energy,1,1,0,200,0,200,0
2026-10-06T09:30:51Z,2026-10-06T19:30:51+10:00,Northern Peninsula Area Regional,5780,all,All providers,1,1,0,97,0,97,0
2026-10-06T09:30:51Z,2026-10-06T19:30:51+10:00,Northern Peninsula Area Regional,5780,au.qld.ergon,Ergon Energy,1,1,0,97,0,97,0
2026-10-06T09:30:51Z,2026-10-06T19:30:51+10:00,Toowoomba Regional,6910,all,All providers,1,1,0,47,0,47,0
2026-10-06T09:30:51Z,2026-10-06T19:30:51+10:00,Toowoomba Regional,6910,au.qld.ergon,Ergon Energy,1,1,0,47,0,47,0
2026-10-06T09:30:51Z,2026-10-06T19:30:51+10:00,Western Downs Regional,7310,all,All providers,1,1,0,59,0,59,0
2026-10-06T09:30:51Z,2026-10-06T19:30:51+10:00,Western Downs Regional,7310,au.qld.ergon,Ergon Energy,1,1,0,59,0,59,0
2026-10-06T09:45:44Z,2026-10-06T19:45:44+10:00,Brisbane City,1000,all,All providers,1,1,0,87,0,87,0
2026-10-06T09:45:44Z,2026-10-06T19:45:44+10:00,Brisbane City,1000,au.qld.energex,Energex,1,1,0,87,0,87,0
2026-10-06T09:45:44Z,2026-10-06T19:45:44+10:00,Ipswich City,3960,all,All providers,2,2,0,39,0,39,0
2026-10-06T09:45:44Z,2026-10-06T19:45:44+10:00,Ipswich City,3960,au.qld.energex,Energex,2,2,0,39,0,39,0
2026-10-06T09:45:44Z,2026-10-06T19:45:44+10:00,Maranoa Regional,4860,all,All providers,1,1,0,31,0,31,0
2026-10-06T09:45:44Z,2026-10-06T19:45:44+10:00,Maranoa Regional,4860,au.qld.ergon,Ergon Energy,1,1,0,31,0,31,0
2026-10-06T09:45:44Z,2026-10-06T19:45:44+10:00,Mareeba Shire,4880,all,All providers,1,1,0,200,0,200,0
2026-10-06T09:45:44Z,2026-10-06T19:45:44+10:00,Mareeba Shire,4880,au.qld.ergon,Ergon Energy,1,1,0,200,0,200,0
2026-10-06T09:45:44Z,2026-10-06T19:45:44+10:00,Northern Peninsula Area Regional,5780,all,All providers,1,1,0,97,0,97,0
2026-10-06T09:45:44Z,2026-10-06T19:45:44+10:00,Northern Peninsula Area Regional,5780,au.qld.ergon,Ergon Energy,1,1,0,97,0,97,0
2026-10-06T09:45:44Z,2026-10-06T19:45:44+10:00,Toowoomba Regional,6910,all,All providers,1,1,0,47,0,47,0
2026-10-06T09:45:44Z,2026-10-06T19:45:44+10:00,Toowoomba Regional,6910,au.qld.ergon,Ergon Energy,1,1,0,47,0,47,0
2026-10-06T09:45:44Z,2026-10-06T19:45:44+10:00,Western Downs Regional,7310,all,All providers,1,1,0,59,0,59,0
2026-10-06T09:45:44Z,2026-10-06T19:45:44+10:00,Western Downs Regional,7310,au.qld.ergon,Ergon Energy,1,1,0,59,0,59,0
2026-10-06T10:01:02Z,2026-10-06T20:01:02+10:00,Brisbane City,1000,all,All providers,1,1,0,87,0,87,0
2026-10-06T10:01:02Z,2026-10-06T20:01:02+10:00,Brisbane City,1000,au.qld.energex,Energex,1,1,0,87,0,87,0
2026-10-06T10:01:02Z,2026-10-06T20:01:02+10:00,Ipswich City,3960,all,All providers,2,2,0,39,0,39,0
2026-10-06T10:01:02Z,2026-10-06T20:01:02+10:00,Ipswich City,3960,au.qld.energex,Energex,2,2,0,39,0,39,0
2026-10-06T10:01:02Z,2026-10-06T20:01:02+10:00,Maranoa Regional,4860,all,All providers,1,1,0,31,0,31,0
2026-10-06T10:01:02Z,2026-10-06T20:01:02+10:00,Maranoa Regional,4860,au.qld.ergon,Ergon Energy,1,1,0,31,0,31,0
2026-10-06T10:01:02Z,2026-10-06T20:01:02+10:00,Mareeba Shire,4880,all,All providers,1,1,0,200,0,200,0
2026-10-06T10:01:02Z,2026-10-06T20:01:02+10:00,Mareeba Shire,4880,au.qld.ergon,Ergon Energy,1,1,0,200,0,200,0
2026-10-06T10:01:02Z,2026-10-06T20:01:02+10:00,Toowoomba Regional,6910,all,All providers,1,1,0,47,0,47,0
2026-10-06T10:01:02Z,2026-10-06T20:01:02+10:00,Toowoomba Regional,6910,au.qld.ergon,Ergon Energy,1,1,0,47,0,47,0
2026-10-06T10:01:02Z,2026-10-06T20:01:02+10:00,Western Downs Regional,7310,all,All providers,2,2,0,82,0,82,0
2026-10-06T10:01:02Z,2026-10-06T20:01:02+10:00,Western Downs Regional,7310,au.qld.ergon,Ergon Energy,2,2,0,82,0,82,0
2026-10-06T10:15:43Z,2026-10-06T20:15:43+10:00,Brisbane City,1000,all,All providers,1,1,0,87,0,87,0
2026-10-06T10:15:43Z,2026-10-06T20:15:43+10:00,Brisbane City,1000,au.qld.energex,Energex,1,1,0,87,0,87,0
2026-10-06T10:15:43Z,2026-10-06T20:15:43+10:00,Ipswich City,3960,all,All providers,2,2,0,39,0,39,0
2026-10-06T10:15:43Z,2026-10-06T20:15:43+10:00,Ipswich City,3960,au.qld.energex,Energex,2,2,0,39,0,39,0
2026-10-06T10:15:43Z,2026-10-06T20:15:43+10:00,Maranoa Regional,4860,all,All providers,1,1,0,31,0,31,0
2026-10-06T10:15:43Z,2026-10-06T20:15:43+10:00,Maranoa Regional,4860,au.qld.ergon,Ergon Energy,1,1,0,31,0,31,0
2026-10-06T10:15:43Z,2026-10-06T20:15:43+10:00,Mareeba Shire,4880,all,All providers,1,1,0,200,0,200,0
2026-10-06T10:15:43Z,2026-10-06T20:15:43+10:00,Mareeba Shire,4880,au.qld.ergon,Ergon Energy,1,1,0,200,0,200,0
2026-10-06T10:15:43Z,2026-10-06T20:15:43+10:00,Toowoomba Regional,6910,all,All providers,1,1,0,47,0,47,0
2026-10-06T10:15:43Z,2026-10-06T20:15:43+10:00,Toowoomba Regional,6910,au.qld.ergon,Ergon Energy,1,1,0,47,0,47,0
2026-10-06T10:15:43Z,2026-10-06T20:15:43+10:00,Western Downs Regional,7310,all,All providers,2,2,0,82,0,82,0
2026-10-06T10:15:43Z,2026-10-06T20:15:43+10:00,Western Downs Regional,7310,au.qld.ergon,Ergon Energy,2,2,0,82,0,82,0
2026-10-06T10:31:05Z,2026-10-06T20:31:05+10:00,Brisbane City,1000,all,All providers,1,1,0,87,0,87,0
2026-10-06T10:31:05Z,2026-10-06T20:31:05+10:00,Brisbane City,1000,au.qld.energex,Energex,1,1,0,87,0,87,0
2026-10-06T10:31:05Z,2026-10-06T20:31:05+10:00,Ipswich City,3960,all,All providers,2,2,0,39,0,39,0
2026-10-06T10:31:05Z,2026-10-06T20:31:05+10:00,Ipswich City,3960,au.qld.energex,Energex,2,2,0,39,0,39,0
2026-10-06T10:31:05Z,2026-10-06T20:31:05+10:00,Maranoa Regional,4860,all,All providers,1,1,0,31,0,31,0
2026-10-06T10:31:05Z,2026-10-06T20:31:05+10:00,Maranoa Regional,4860,au.qld.ergon,Ergon Energy,1,1,0,31,0,31,0
2026-10-06T10:31:05Z,2026-10-06T20:31:05+10:00,Mareeba Shire,4880,all,All providers,1,1,0,200,0,200,0
2026-10-06T10:31:05Z,2026-10-06T20:31:05+10:00,Mareeba Shire,4880,au.qld.ergon,Ergon Energy,1,1,0,200,0,200,0
2026-10-06T10:31:05Z,2026-10-06T20:31:05+10:00,Toowoomba Regional,6910,all,All providers,1,1,0,47,0,47,0
2026-10-06T10:31:05Z,2026-10-06T20:31:05+10:00,Toowoomba Regional,6910,au.qld.ergon,Ergon Energy,1,1,0,47,0,47,0
2026-10-06T10:31:05Z,2026-10-06T20:31:05+10:00,Western Downs Regional,7310,all,All providers,2,2,0,82,0,82,0
2026-10-06T10:31:05Z,2026-10-06T20:31:05+10:00,Western Downs Regional,7310,au.qld.ergon,Ergon Energy,2,2,0,82,0,82,0
2026-10-06T10:45:45Z,2026-10-06T20:45:45+10:00,Brisbane City,1000,all,All providers,1,1,0,87,0,87,0
2026-10-06T10:45:45Z,2026-10-06T20:45:45+10:00,Brisbane City,1000,au.qld.energex,Energex,1,1,0,87,0,87,0
2026-10-06T10:45:45Z,2026-10-06T20:45:45+10:00,Ipswich City,3960,all,All providers,2,2,0,39,0,39,0
2026-10-06T10:45:45Z,2026-10-06T20:45:45+10:00,Ipswich City,3960,au.qld.energex,Energex,2,2,0,39,0,39,0
2026-10-06T10:45:45Z,2026-10-06T20:45:45+10:00,Maranoa Regional,4860,all,All providers,1,1,0,31,0,31,0
2026-10-06T10:45:45Z,2026-10-06T20:45:45+10:00,Maranoa Regional,4860,au.qld.ergon,Ergon Energy,1,1,0,31,0,31,0
2026-10-06T10:45:45Z,2026-10-06T20:45:45+10:00,Toowoomba Regional,6910,all,All providers,1,1,0,47,0,47,0
2026-10-06T10:45:45Z,2026-10-06T20:45:45+10:00,Toowoomba Regional,6910,au.qld.ergon,Ergon Energy,1,1,0,47,0,47,0
2026-10-06T10:45:45Z,2026-10-06T20:45:45+10:00,Western Downs Regional,7310,all,All providers,2,2,0,82,0,82,0
2026-10-06T10:45:45Z,2026-10-06T20:45:45+10:00,Western Downs Regional,7310,au.qld.ergon,Ergon Energy,2,2,0,82,0,82,0
2026-10-06T11:01:04Z,2026-10-06T21:01:04+10:00,Brisbane City,1000,all,All providers,1,1,0,87,0,87,0
2026-10-06T11:01:04Z,2026-10-06T21:01:04+10:00,Brisbane City,1000,au.qld.energex,Energex,1,1,0,87,0,87,0
2026-10-06T11:01:04Z,2026-10-06T21:01:04+10:00,Central Highlands Regional,2270,all,All providers,3,3,0,2029,0,2029,0
2026-10-06T11:01:04Z,2026-10-06T21:01:04+10:00,Central Highlands Regional,2270,au.qld.ergon,Ergon Energy,3,3,0,2029,0,2029,0
2026-10-06T11:01:04Z,2026-10-06T21:01:04+10:00,Ipswich City,3960,all,All providers,2,2,0,39,0,39,0
2026-10-06T11:01:04Z,2026-10-06T21:01:04+10:00,Ipswich City,3960,au.qld.energex,Energex,2,2,0,39,0,39,0
2026-10-06T11:01:04Z,2026-10-06T21:01:04+10:00,Maranoa Regional,4860,all,All providers,1,1,0,31,0,31,0
2026-10-06T11:01:04Z,2026-10-06T21:01:04+10:00,Maranoa Regional,4860,au.qld.ergon,Ergon Energy,1,1,0,31,0,31,0
2026-10-06T11:01:04Z,2026-10-06T21:01:04+10:00,Toowoomba Regional,6910,all,All providers,1,1,0,47,0,47,0
2026-10-06T11:01:04Z,2026-10-06T21:01:04+10:00,Toowoomba Regional,6910,au.qld.ergon,Ergon Energy,1,1,0,47,0,47,0
2026-10-06T11:01:04Z,2026-10-06T21:01:04+10:00,Western Downs Regional,7310,all,All providers,3,3,0,84,0,84,0
2026-10-06T11:01:04Z,2026-10-06T21:01:04+10:00,Western Downs Regional,7310,au.qld.ergon,Ergon Energy,3,3,0,84,0,84,0
2026-10-06T11:15:47Z,2026-10-06T21:15:47+10:00,Central Highlands Regional,2270,all,All providers,3,3,0,398,0,398,0
2026-10-06T11:15:47Z,2026-10-06T21:15:47+10:00,Central Highlands Regional,2270,au.qld.ergon,Ergon Energy,3,3,0,398,0,398,0
2026-10-06T11:15:47Z,2026-10-06T21:15:47+10:00,Ipswich City,3960,all,All providers,1,1,0,5,0,5,0
2026-10-06T11:15:47Z,2026-10-06T21:15:47+10:00,Ipswich City,3960,au.qld.energex,Energex,1,1,0,5,0,5,0
2026-10-06T11:15:47Z,2026-10-06T21:15:47+10:00,Maranoa Regional,4860,all,All providers,1,1,0,31,0,31,0
2026-10-06T11:15:47Z,2026-10-06T21:15:47+10:00,Maranoa Regional,4860,au.qld.ergon,Ergon Energy,1,1,0,31,0,31,0
2026-10-06T11:15:47Z,2026-10-06T21:15:47+10:00,Toowoomba Regional,6910,all,All providers,1,1,0,47,0,47,0
2026-10-06T11:15:47Z,2026-10-06T21:15:47+10:00,Toowoomba Regional,6910,au.qld.ergon,Ergon Energy,1,1,0,47,0,47,0
2026-10-06T11:15:47Z,2026-10-06T21:15:47+10:00,Western Downs Regional,7310,all,All providers,3,3,0,84,0,84,0
2026-10-06T11:15:47Z,2026-10-06T21:15:47+10:00,Western Downs Regional,7310,au.qld.ergon,Ergon Energy,3,3,0,84,0,84,0
2026-10-06T11:30:50Z,2026-10-06T21:30:50+10:00,Central Highlands Regional,2270,all,All providers,3,3,0,398,0,398,0
2026-10-06T11:30:50Z,2026-10-06T21:30:50+10:00,Central Highlands Regional,2270,au.qld.ergon,Ergon Energy,3,3,0,398,0,398,0
2026-10-06T11:30:50Z,2026-10-06T21:30:50+10:00,Ipswich City,3960,all,All providers,1,1,0,5,0,5,0
2026-10-06T11:30:50Z,2026-10-06T21:30:50+10:00,Ipswich City,3960,au.qld.energex,Energex,1,1,0,5,0,5,0
2026-10-06T11:30:50Z,2026-10-06T21:30:50+10:00,Maranoa Regional,4860,all,All providers,1,1,0,31,0,31,0
2026-10-06T11:30:50Z,2026-10-06T21:30:50+10:00,Maranoa Regional,4860,au.qld.ergon,Ergon Energy,1,1,0,31,0,31,0
2026-10-06T11:30:50Z,2026-10-06T21:30:50+10:00,Toowoomba Regional,6910,all,All providers,1,1,0,47,0,47,0
2026-10-06T11:30:50Z,2026-10-06T21:30:50+10:00,Toowoomba Regional,6910,au.qld.ergon,Ergon Energy,1,1,0,47,0,47,0
2026-10-06T11:30:50Z,2026-10-06T21:30:50+10:00,Western Downs Regional,7310,all,All providers,3,3,0,84,0,84,0
2026-10-06T11:30:50Z,2026-10-06T21:30:50+10:00,Western Downs Regional,7310,au.qld.ergon,Ergon Energy,3,3,0,84,0,84,0
2026-10-06T11:45:34Z,2026-10-06T21:45:34+10:00,Central Highlands Regional,2270,all,All providers,3,3,0,398,0,398,0
2026-10-06T11:45:34Z,2026-10-06T21:45:34+10:00,Central Highlands Regional,2270,au.qld.ergon,Ergon Energy,3,3,0,398,0,398,0
2026-10-06T11:45:34Z,2026-10-06T21:45:34+10:00,Hinchinbrook Shire,3800,all,All providers,1,1,0,144,0,144,0
2026-10-06T11:45:34Z,2026-10-06T21:45:34+10:00,Hinchinbrook Shire,3800,au.qld.ergon,Ergon Energy,1,1,0,144,0,144,0
2026-10-06T11:45:34Z,2026-10-06T21:45:34+10:00,Ipswich City,3960,all,All providers,1,1,0,5,0,5,0
2026-10-06T11:45:34Z,2026-10-06T21:45:34+10:00,Ipswich City,3960,au.qld.energex,Energex,1,1,0,5,0,5,0
2026-10-06T11:45:34Z,2026-10-06T21:45:34+10:00,Maranoa Regional,4860,all,All providers,1,1,0,31,0,31,0
2026-10-06T11:45:34Z,2026-10-06T21:45:34+10:00,Maranoa Regional,4860,au.qld.ergon,Ergon Energy,1,1,0,31,0,31,0
2026-10-06T11:45:34Z,2026-10-06T21:45:34+10:00,Toowoomba Regional,6910,all,All providers,1,1,0,47,0,47,0
2026-10-06T11:45:34Z,2026-10-06T21:45:34+10:00,Toowoomba Regional,6910,au.qld.ergon,Ergon Energy,1,1,0,47,0,47,0
2026-10-06T11:45:34Z,2026-10-06T21:45:34+10:00,Western Downs Regional,7310,all,All providers,3,3,0,84,0,84,0
2026-10-06T11:45:34Z,2026-10-06T21:45:34+10:00,Western Downs Regional,7310,au.qld.ergon,Ergon Energy,3,3,0,84,0,84,0
2026-10-06T12:01:01Z,2026-10-06T22:01:01+10:00,Central Highlands Regional,2270,all,All providers,3,3,0,398,0,398,0
2026-10-06T12:01:01Z,2026-10-06T22:01:01+10:00,Central Highlands Regional,2270,au.qld.ergon,Ergon Energy,3,3,0,398,0,398,0
2026-10-06T12:01:01Z,2026-10-06T22:01:01+10:00,Hinchinbrook Shire,3800,all,All providers,1,1,0,144,0,144,0
2026-10-06T12:01:01Z,2026-10-06T22:01:01+10:00,Hinchinbrook Shire,3800,au.qld.ergon,Ergon Energy,1,1,0,144,0,144,0
2026-10-06T12:01:01Z,2026-10-06T22:01:01+10:00,Ipswich City,3960,all,All providers,1,1,0,5,0,5,0
2026-10-06T12:01:01Z,2026-10-06T22:01:01+10:00,Ipswich City,3960,au.qld.energex,Energex,1,1,0,5,0,5,0
2026-10-06T12:01:01Z,2026-10-06T22:01:01+10:00,Maranoa Regional,4860,all,All providers,1,1,0,31,0,31,0
2026-10-06T12:01:01Z,2026-10-06T22:01:01+10:00,Maranoa Regional,4860,au.qld.ergon,Ergon Energy,1,1,0,31,0,31,0
2026-10-06T12:01:01Z,2026-10-06T22:01:01+10:00,Toowoomba Regional,6910,all,All providers,1,1,0,47,0,47,0
2026-10-06T12:01:01Z,2026-10-06T22:01:01+10:00,Toowoomba Regional,6910,au.qld.ergon,Ergon Energy,1,1,0,47,0,47,0
2026-10-06T12:01:01Z,2026-10-06T22:01:01+10:00,Western Downs Regional,7310,all,All providers,2,2,0,79,0,79,0
2026-10-06T12:01:01Z,2026-10-06T22:01:01+10:00,Western Downs Regional,7310,au.qld.ergon,Ergon Energy,2,2,0,79,0,79,0
2026-10-06T12:15:40Z,2026-10-06T22:15:40+10:00,Central Highlands Regional,2270,all,All providers,3,3,0,398,0,398,0
2026-10-06T12:15:40Z,2026-10-06T22:15:40+10:00,Central Highlands Regional,2270,au.qld.ergon,Ergon Energy,3,3,0,398,0,398,0
2026-10-06T12:15:40Z,2026-10-06T22:15:40+10:00,Hinchinbrook Shire,3800,all,All providers,1,1,0,144,0,144,0
2026-10-06T12:15:40Z,2026-10-06T22:15:40+10:00,Hinchinbrook Shire,3800,au.qld.ergon,Ergon Energy,1,1,0,144,0,144,0
2026-10-06T12:15:40Z,2026-10-06T22:15:40+10:00,Ipswich City,3960,all,All providers,1,1,0,5,0,5,0
2026-10-06T12:15:40Z,2026-10-06T22:15:40+10:00,Ipswich City,3960,au.qld.energex,Energex,1,1,0,5,0,5,0
2026-10-06T12:15:40Z,2026-10-06T22:15:40+10:00,Maranoa Regional,4860,all,All providers,1,1,0,31,0,31,0
2026-10-06T12:15:40Z,2026-10-06T22:15:40+10:00,Maranoa Regional,4860,au.qld.ergon,Ergon Energy,1,1,0,31,0,31,0
2026-10-06T12:15:40Z,2026-10-06T22:15:40+10:00,Toowoomba Regional,6910,all,All providers,1,1,0,47,0,47,0
2026-10-06T12:15:40Z,2026-10-06T22:15:40+10:00,Toowoomba Regional,6910,au.qld.ergon,Ergon Energy,1,1,0,47,0,47,0
2026-10-06T12:15:40Z,2026-10-06T22:15:40+10:00,Western Downs Regional,7310,all,All providers,1,1,0,23,0,23,0
2026-10-06T12:15:40Z,2026-10-06T22:15:40+10:00,Western Downs Regional,7310,au.qld.ergon,Ergon Energy,1,1,0,23,0,23,0
2026-10-06T12:30:54Z,2026-10-06T22:30:54+10:00,Bundaberg Regional,1820,all,All providers,1,1,0,8,0,8,0
2026-10-06T12:30:54Z,2026-10-06T22:30:54+10:00,Bundaberg Regional,1820,au.qld.ergon,Ergon Energy,1,1,0,8,0,8,0
2026-10-06T12:30:54Z,2026-10-06T22:30:54+10:00,Central Highlands Regional,2270,all,All providers,3,3,0,398,0,398,0
2026-10-06T12:30:54Z,2026-10-06T22:30:54+10:00,Central Highlands Regional,2270,au.qld.ergon,Ergon Energy,3,3,0,398,0,398,0
2026-10-06T12:30:54Z,2026-10-06T22:30:54+10:00,Hinchinbrook Shire,3800,all,All providers,1,1,0,144,0,144,0
2026-10-06T12:30:54Z,2026-10-06T22:30:54+10:00,Hinchinbrook Shire,3800,au.qld.ergon,Ergon Energy,1,1,0,144,0,144,0
2026-10-06T12:30:54Z,2026-10-06T22:30:54+10:00,Lockyer Valley Regional,4580,all,All providers,1,1,0,282,0,282,0
2026-10-06T12:30:54Z,2026-10-06T22:30:54+10:00,Lockyer Valley Regional,4580,au.qld.energex,Energex,1,1,0,282,0,282,0
2026-10-06T12:30:54Z,2026-10-06T22:30:54+10:00,Maranoa Regional,4860,all,All providers,1,1,0,31,0,31,0
2026-10-06T12:30:54Z,2026-10-06T22:30:54+10:00,Maranoa Regional,4860,au.qld.ergon,Ergon Energy,1,1,0,31,0,31,0
2026-10-06T12:30:54Z,2026-10-06T22:30:54+10:00,Toowoomba Regional,6910,all,All providers,1,1,0,47,0,47,0
2026-10-06T12:30:54Z,2026-10-06T22:30:54+10:00,Toowoomba Regional,6910,au.qld.ergon,Ergon Energy,1,1,0,47,0,47,0
2026-10-06T12:30:54Z,2026-10-06T22:30:54+10:00,Western Downs Regional,7310,all,All providers,1,1,0,23,0,23,0
2026-10-06T12:30:54Z,2026-10-06T22:30:54+10:00,Western Downs Regional,7310,au.qld.ergon,Ergon Energy,1,1,0,23,0,23,0
2026-10-06T12:45:44Z,2026-10-06T22:45:44+10:00,Bundaberg Regional,1820,all,All providers,1,1,0,8,0,8,0
2026-10-06T12:45:44Z,2026-10-06T22:45:44+10:00,Bundaberg Regional,1820,au.qld.ergon,Ergon Energy,1,1,0,8,0,8,0
2026-10-06T12:45:44Z,2026-10-06T22:45:44+10:00,Central Highlands Regional,2270,all,All providers,4,4,0,531,0,531,0
2026-10-06T12:45:44Z,2026-10-06T22:45:44+10:00,Central Highlands Regional,2270,au.qld.ergon,Ergon Energy,4,4,0,531,0,531,0
2026-10-06T12:45:44Z,2026-10-06T22:45:44+10:00,Hinchinbrook Shire,3800,all,All providers,1,1,0,144,0,144,0
2026-10-06T12:45:44Z,2026-10-06T22:45:44+10:00,Hinchinbrook Shire,3800,au.qld.ergon,Ergon Energy,1,1,0,144,0,144,0
2026-10-06T12:45:44Z,2026-10-06T22:45:44+10:00,Lockyer Valley Regional,4580,all,All providers,1,1,0,282,0,282,0
2026-10-06T12:45:44Z,2026-10-06T22:45:44+10:00,Lockyer Valley Regional,4580,au.qld.energex,Energex,1,1,0,282,0,282,0
2026-10-06T12:45:44Z,2026-10-06T22:45:44+10:00,Toowoomba Regional,6910,all,All providers,1,1,0,47,0,47,0
2026-10-06T12:45:44Z,2026-10-06T22:45:44+10:00,Toowoomba Regional,6910,au.qld.ergon,Ergon Energy,1,1,0,47,0,47,0
2026-10-06T12:45:44Z,2026-10-06T22:45:44+10:00,Western Downs Regional,7310,all,All providers,2,2,0,45,0,45,0
2026-10-06T12:45:44Z,2026-10-06T22:45:44+10:00,Western Downs Regional,7310,au.qld.ergon,Ergon Energy,2,2,0,45,0,45,0
2026-10-06T13:00:56Z,2026-10-06T23:00:56+10:00,Bundaberg Regional,1820,all,All providers,1,1,0,8,0,8,0
2026-10-06T13:00:56Z,2026-10-06T23:00:56+10:00,Bundaberg Regional,1820,au.qld.ergon,Ergon Energy,1,1,0,8,0,8,0
2026-10-06T13:00:56Z,2026-10-06T23:00:56+10:00,Central Highlands Regional,2270,all,All providers,4,4,0,531,0,531,0
2026-10-06T13:00:56Z,2026-10-06T23:00:56+10:00,Central Highlands Regional,2270,au.qld.ergon,Ergon Energy,4,4,0,531,0,531,0
2026-10-06T13:00:56Z,2026-10-06T23:00:56+10:00,Hinchinbrook Shire,3800,all,All providers,2,2,0,153,0,153,0
2026-10-06T13:00:56Z,2026-10-06T23:00:56+10:00,Hinchinbrook Shire,3800,au.qld.ergon,Ergon Energy,2,2,0,153,0,153,0
2026-10-06T13:00:56Z,2026-10-06T23:00:56+10:00,Lockyer Valley Regional,4580,all,All providers,1,1,0,282,0,282,0
2026-10-06T13:00:56Z,2026-10-06T23:00:56+10:00,Lockyer Valley Regional,4580,au.qld.energex,Energex,1,1,0,282,0,282,0
2026-10-06T13:00:56Z,2026-10-06T23:00:56+10:00,Moreton Bay City,5010,all,All providers,1,1,0,27,0,27,0
2026-10-06T13:00:56Z,2026-10-06T23:00:56+10:00,Moreton Bay City,5010,au.qld.energex,Energex,1,1,0,27,0,27,0
2026-10-06T13:00:56Z,2026-10-06T23:00:56+10:00,Somerset Regional,6580,all,All providers,1,1,0,85,0,85,0
2026-10-06T13:00:56Z,2026-10-06T23:00:56+10:00,Somerset Regional,6580,au.qld.energex,Energex,1,1,0,85,0,85,0
2026-10-06T13:00:56Z,2026-10-06T23:00:56+10:00,Toowoomba Regional,6910,all,All providers,1,1,0,47,0,47,0
2026-10-06T13:00:56Z,2026-10-06T23:00:56+10:00,Toowoomba Regional,6910,au.qld.ergon,Ergon Energy,1,1,0,47,0,47,0
2026-10-06T13:00:56Z,2026-10-06T23:00:56+10:00,Western Downs Regional,7310,all,All providers,2,2,0,45,0,45,0
2026-10-06T13:00:56Z,2026-10-06T23:00:56+10:00,Western Downs Regional,7310,au.qld.ergon,Ergon Energy,2,2,0,45,0,45,0
2026-10-06T13:15:41Z,2026-10-06T23:15:41+10:00,Bundaberg Regional,1820,all,All providers,1,1,0,8,0,8,0
2026-10-06T13:15:41Z,2026-10-06T23:15:41+10:00,Bundaberg Regional,1820,au.qld.ergon,Ergon Energy,1,1,0,8,0,8,0
2026-10-06T13:15:41Z,2026-10-06T23:15:41+10:00,Central Highlands Regional,2270,all,All providers,3,3,0,474,0,474,0
2026-10-06T13:15:41Z,2026-10-06T23:15:41+10:00,Central Highlands Regional,2270,au.qld.ergon,Ergon Energy,3,3,0,474,0,474,0
2026-10-06T13:15:41Z,2026-10-06T23:15:41+10:00,Hinchinbrook Shire,3800,all,All providers,1,1,0,144,0,144,0
2026-10-06T13:15:41Z,2026-10-06T23:15:41+10:00,Hinchinbrook Shire,3800,au.qld.ergon,Ergon Energy,1,1,0,144,0,144,0
2026-10-06T13:15:41Z,2026-10-06T23:15:41+10:00,Lockyer Valley Regional,4580,all,All providers,2,2,0,573,0,573,0
2026-10-06T13:15:41Z,2026-10-06T23:15:41+10:00,Lockyer Valley Regional,4580,au.qld.energex,Energex,2,2,0,573,0,573,0
2026-10-06T13:15:41Z,2026-10-06T23:15:41+10:00,Moreton Bay City,5010,all,All providers,1,1,0,27,0,27,0
2026-10-06T13:15:41Z,2026-10-06T23:15:41+10:00,Moreton Bay City,5010,au.qld.energex,Energex,1,1,0,27,0,27,0
2026-10-06T13:15:41Z,2026-10-06T23:15:41+10:00,Somerset Regional,6580,all,All providers,1,1,0,85,0,85,0
2026-10-06T13:15:41Z,2026-10-06T23:15:41+10:00,Somerset Regional,6580,au.qld.energex,Energex,1,1,0,85,0,85,0
2026-10-06T13:15:41Z,2026-10-06T23:15:41+10:00,Toowoomba Regional,6910,all,All providers,1,1,0,47,0,47,0
2026-10-06T13:15:41Z,2026-10-06T23:15:41+10:00,Toowoomba Regional,6910,au.qld.ergon,Ergon Energy,1,1,0,47,0,47,0
2026-10-06T13:15:41Z,2026-10-06T23:15:41+10:00,Western Downs Regional,7310,all,All providers,2,2,0,45,0,45,0
2026-10-06T13:15:41Z,2026-10-06T23:15:41+10:00,Western Downs Regional,7310,au.qld.ergon,Ergon Energy,2,2,0,45,0,45,0
2026-10-06T13:30:47Z,2026-10-06T23:30:47+10:00,Bundaberg Regional,1820,all,All providers,1,1,0,8,0,8,0
2026-10-06T13:30:47Z,2026-10-06T23:30:47+10:00,Bundaberg Regional,1820,au.qld.ergon,Ergon Energy,1,1,0,8,0,8,0
2026-10-06T13:30:47Z,2026-10-06T23:30:47+10:00,Central Highlands Regional,2270,all,All providers,3,3,0,474,0,474,0
2026-10-06T13:30:47Z,2026-10-06T23:30:47+10:00,Central Highlands Regional,2270,au.qld.ergon,Ergon Energy,3,3,0,474,0,474,0
2026-10-06T13:30:47Z,2026-10-06T23:30:47+10:00,Hinchinbrook Shire,3800,all,All providers,1,1,0,144,0,144,0
2026-10-06T13:30:47Z,2026-10-06T23:30:47+10:00,Hinchinbrook Shire,3800,au.qld.ergon,Ergon Energy,1,1,0,144,0,144,0
2026-10-06T13:30:47Z,2026-10-06T23:30:47+10:00,Lockyer Valley Regional,4580,all,All providers,2,2,0,573,0,573,0
2026-10-06T13:30:47Z,2026-10-06T23:30:47+10:00,Lockyer Valley Regional,4580,au.qld.energex,Energex,2,2,0,573,0,573,0
2026-10-06T13:30:47Z,2026-10-06T23:30:47+10:00,Moreton Bay City,5010,all,All providers,2,2,0,55,0,55,0
2026-10-06T13:30:47Z,2026-10-06T23:30:47+10:00,Moreton Bay City,5010,au.qld.energex,Energex,2,2,0,55,0,55,0
2026-10-06T13:30:47Z,2026-10-06T23:30:47+10:00,Redland City,6250,all,All providers,1,1,0,16,0,16,0
2026-10-06T13:30:47Z,2026-10-06T23:30:47+10:00,Redland City,6250,au.qld.energex,Energex,1,1,0,16,0,16,0
2026-10-06T13:30:47Z,2026-10-06T23:30:47+10:00,Somerset Regional,6580,all,All providers,1,1,0,85,0,85,0
2026-10-06T13:30:47Z,2026-10-06T23:30:47+10:00,Somerset Regional,6580,au.qld.energex,Energex,1,1,0,85,0,85,0
2026-10-06T13:30:47Z,2026-10-06T23:30:47+10:00,Toowoomba Regional,6910,all,All providers,1,1,0,47,0,47,0
2026-10-06T13:30:47Z,2026-10-06T23:30:47+10:00,Toowoomba Regional,6910,au.qld.ergon,Ergon Energy,1,1,0,47,0,47,0
2026-10-06T13:30:47Z,2026-10-06T23:30:47+10:00,Western Downs Regional,7310,all,All providers,2,2,0,45,0,45,0
2026-10-06T13:30:47Z,2026-10-06T23:30:47+10:00,Western Downs Regional,7310,au.qld.ergon,Ergon Energy,2,2,0,45,0,45,0
2026-10-06T13:45:41Z,2026-10-06T23:45:41+10:00,Central Highlands Regional,2270,all,All providers,2,2,0,226,0,226,0
2026-10-06T13:45:41Z,2026-10-06T23:45:41+10:00,Central Highlands Regional,2270,au.qld.ergon,Ergon Energy,2,2,0,226,0,226,0
2026-10-06T13:45:41Z,2026-10-06T23:45:41+10:00,Hinchinbrook Shire,3800,all,All providers,1,1,0,144,0,144,0
2026-10-06T13:45:41Z,2026-10-06T23:45:41+10:00,Hinchinbrook Shire,3800,au.qld.ergon,Ergon Energy,1,1,0,144,0,144,0
2026-10-06T13:45:41Z,2026-10-06T23:45:41+10:00,Lockyer Valley Regional,4580,all,All providers,2,2,0,362,0,362,0
2026-10-06T13:45:41Z,2026-10-06T23:45:41+10:00,Lockyer Valley Regional,4580,au.qld.energex,Energex,2,2,0,362,0,362,0
2026-10-06T13:45:41Z,2026-10-06T23:45:41+10:00,Moreton Bay City,5010,all,All providers,2,2,0,55,0,55,0
2026-10-06T13:45:41Z,2026-10-06T23:45:41+10:00,Moreton Bay City,5010,au.qld.energex,Energex,2,2,0,55,0,55,0
2026-10-06T13:45:41Z,2026-10-06T23:45:41+10:00,Redland City,6250,all,All providers,1,1,0,16,0,16,0
2026-10-06T13:45:41Z,2026-10-06T23:45:41+10:00,Redland City,6250,au.qld.energex,Energex,1,1,0,16,0,16,0
2026-10-06T13:45:41Z,2026-10-06T23:45:41+10:00,Somerset Regional,6580,all,All providers,1,1,0,85,0,85,0
2026-10-06T13:45:41Z,2026-10-06T23:45:41+10:00,Somerset Regional,6580,au.qld.energex,Energex,1,1,0,85,0,85,0
2026-10-06T13:45:41Z,2026-10-06T23:45:41+10:00,Toowoomba Regional,6910,all,All providers,1,1,0,47,0,47,0
2026-10-06T13:45:41Z,2026-10-06T23:45:41+10:00,Toowoomba Regional,6910,au.qld.ergon,Ergon Energy,1,1,0,47,0,47,0
2026-10-06T13:45:41Z,2026-10-06T23:45:41+10:00,Western Downs Regional,7310,all,All providers,1,1,0,22,0,22,0
2026-10-06T13:45:41Z,2026-10-06T23:45:41+10:00,Western Downs Regional,7310,au.qld.ergon,Ergon Energy,1,1,0,22,0,22,0
2026-10-06T14:00:59Z,2026-10-07T00:00:59+10:00,Central Highlands Regional,2270,all,All providers,2,2,0,226,0,226,0
2026-10-06T14:00:59Z,2026-10-07T00:00:59+10:00,Central Highlands Regional,2270,au.qld.ergon,Ergon Energy,2,2,0,226,0,226,0
2026-10-06T14:00:59Z,2026-10-07T00:00:59+10:00,Hinchinbrook Shire,3800,all,All providers,1,1,0,144,0,144,0
2026-10-06T14:00:59Z,2026-10-07T00:00:59+10:00,Hinchinbrook Shire,3800,au.qld.ergon,Ergon Energy,1,1,0,144,0,144,0
2026-10-06T14:00:59Z,2026-10-07T00:00:59+10:00,Lockyer Valley Regional,4580,all,All providers,2,2,0,102,0,102,0
2026-10-06T14:00:59Z,2026-10-07T00:00:59+10:00,Lockyer Valley Regional,4580,au.qld.energex,Energex,2,2,0,102,0,102,0
2026-10-06T14:00:59Z,2026-10-07T00:00:59+10:00,Moreton Bay City,5010,all,All providers,2,2,0,55,0,55,0
2026-10-06T14:00:59Z,2026-10-07T00:00:59+10:00,Moreton Bay City,5010,au.qld.energex,Energex,2,2,0,55,0,55,0
2026-10-06T14:00:59Z,2026-10-07T00:00:59+10:00,Redland City,6250,all,All providers,1,1,0,16,0,16,0
2026-10-06T14:00:59Z,2026-10-07T00:00:59+10:00,Redland City,6250,au.qld.energex,Energex,1,1,0,16,0,16,0
2026-10-06T14:00:59Z,2026-10-07T00:00:59+10:00,Somerset Regional,6580,all,All providers,1,1,0,85,0,85,0
2026-10-06T14:00:59Z,2026-10-07T00:00:59+10:00,Somerset Regional,6580,au.qld.energex,Energex,1,1,0,85,0,85,0
2026-10-06T14:00:59Z,2026-10-07T00:00:59+10:00,South Burnett Regional,6630,all,All providers,1,1,0,14,0,14,0
2026-10-06T14:00:59Z,2026-10-07T00:00:59+10:00,South Burnett Regional,6630,au.qld.ergon,Ergon Energy,1,1,0,14,0,14,0
2026-10-06T14:00:59Z,2026-10-07T00:00:59+10:00,Toowoomba Regional,6910,all,All providers,1,1,0,47,0,47,0
2026-10-06T14:00:59Z,2026-10-07T00:00:59+10:00,Toowoomba Regional,6910,au.qld.ergon,Ergon Energy,1,1,0,47,0,47,0
2026-10-06T14:00:59Z,2026-10-07T00:00:59+10:00,Western Downs Regional,7310,all,All providers,1,1,0,22,0,22,0
2026-10-06T14:00:59Z,2026-10-07T00:00:59+10:00,Western Downs Regional,7310,au.qld.ergon,Ergon Energy,1,1,0,22,0,22,0
2026-10-06T14:15:46Z,2026-10-07T00:15:46+10:00,Central Highlands Regional,2270,all,All providers,2,2,0,226,0,226,0
2026-10-06T14:15:46Z,2026-10-07T00:15:46+10:00,Central Highlands Regional,2270,au.qld.ergon,Ergon Energy,2,2,0,226,0,226,0
2026-10-06T14:15:46Z,2026-10-07T00:15:46+10:00,Hinchinbrook Shire,3800,all,All providers,1,1,0,144,0,144,0
2026-10-06T14:15:46Z,2026-10-07T00:15:46+10:00,Hinchinbrook Shire,3800,au.qld.ergon,Ergon Energy,1,1,0,144,0,144,0
2026-10-06T14:15:46Z,2026-10-07T00:15:46+10:00,Lockyer Valley Regional,4580,all,All providers,2,2,0,102,0,102,0
2026-10-06T14:15:46Z,2026-10-07T00:15:46+10:00,Lockyer Valley Regional,4580,au.qld.energex,Energex,2,2,0,102,0,102,0
2026-10-06T14:15:46Z,2026-10-07T00:15:46+10:00,Moreton Bay City,5010,all,All providers,2,2,0,55,0,55,0
2026-10-06T14:15:46Z,2026-10-07T00:15:46+10:00,Moreton Bay City,5010,au.qld.energex,Energex,2,2,0,55,0,55,0
2026-10-06T14:15:46Z,2026-10-07T00:15:46+10:00,Redland City,6250,all,All providers,1,1,0,16,0,16,0
2026-10-06T14:15:46Z,2026-10-07T00:15:46+10:00,Redland City,6250,au.qld.energex,Energex,1,1,0,16,0,16,0
2026-10-06T14:15:46Z,2026-10-07T00:15:46+10:00,Somerset Regional,6580,all,All providers,1,1,0,85,0,85,0
2026-10-06T14:15:46Z,2026-10-07T00:15:46+10:00,Somerset Regional,6580,au.qld.energex,Energex,1,1,0,85,0,85,0
2026-10-06T14:15:46Z,2026-10-07T00:15:46+10:00,South Burnett Regional,6630,all,All providers,1,1,0,14,0,14,0
2026-10-06T14:15:46Z,2026-10-07T00:15:46+10:00,South Burnett Regional,6630,au.qld.ergon,Ergon Energy,1,1,0,14,0,14,0
2026-10-06T14:15:46Z,2026-10-07T00:15:46+10:00,Toowoomba Regional,6910,all,All providers,1,1,0,47,0,47,0
2026-10-06T14:15:46Z,2026-10-07T00:15:46+10:00,Toowoomba Regional,6910,au.qld.ergon,Ergon Energy,1,1,0,47,0,47,0
2026-10-06T14:15:46Z,2026-10-07T00:15:46+10:00,Western Downs Regional,7310,all,All providers,1,1,0,22,0,22,0
2026-10-06T14:15:46Z,2026-10-07T00:15:46+10:00,Western Downs Regional,7310,au.qld.ergon,Ergon Energy,1,1,0,22,0,22,0
