snapshot_utc,snapshot_aest,provider_code,provider_name,outage_key,outage_id,outage_type,status,reason,affected_customers,affected_customers_known,suburb,street_name,start_utc,etr_utc,centroid_lon,centroid_lat,lga_name,lga_code,source_url,geometry_type,geometry_json,raw_json
2026-09-25T06:15:39Z,2026-09-25T16:15:39+10:00,au.qld.energex,Energex,au.qld.energex|unplanned|INCD-983594-g,INCD-983594-g,unplanned,Awaiting,Emergency Repairs,30,true,PULLENVALE,"LYNDALE RD, PULLENVALE RD",2026-09-25T05:33:02Z,2026-09-25T08:00:00Z,152.8906893,-27.5163202,Brisbane City,1000,https://services.arcgis.com/bfVzktoY0OhzQCDj/ArcGIS/rest/services/VwEnergexOutages/FeatureServer/0,Polygon,"{""type"":""Polygon"",""coordinates"":[[[152.885369970362,-27.5173190904535],[152.885264903725,-27.5165517254271],[152.888562068977,-27.5142502730629],[152.888840658839,-27.5141552919698],[152.894998564875,-27.5137909824774],[152.895191609622,-27.5138129815099],[152.895462498775,-27.5138931619176],[152.895747146533,-27.5145382105028],[152.893516677428,-27.5181732768988],[152.893244766653,-27.5183810933283],[152.890551316833,-27.5192499275824],[152.890172055026,-27.5192373980885],[152.885369970362,-27.5173190904535]]]}","{""OBJECTID"":413255,""EVENT_ID"":""INCD-983594-g"",""TYPE"":""UNPLANNED"",""STATUS"":""Awaiting"",""CUSTOMERS_AFFECTED"":30,""SUBURBS"":""PULLENVALE"",""STREETS"":""LYNDALE RD, PULLENVALE RD"",""START"":1790314382876,""FINISH"":null,""EST_FIX_TIME"":1790323200000,""REASON"":""Emergency Repairs"",""CRC"":""F0FBA11F"",""EXTRACTED"":1790314504297,""SHAPE__Area"":527265.8984375,""SHAPE__Length"":2931.7520249679224}"
2026-09-25T06:15:39Z,2026-09-25T16:15:39+10:00,au.qld.energex,Energex,au.qld.energex|unplanned|INCD-983555-g,INCD-983555-g,unplanned,In Progress,Under Investigation,31,true,"CHUWAR, KARALEE","DAN ST, DUNCAN ST, GASNIER ST, LANGLANDS ST, THOMPSON ST",2026-09-25T02:18:09Z,2026-09-25T06:30:00Z,152.7994717,-27.5646962,Ipswich City,3960,https://services.arcgis.com/bfVzktoY0OhzQCDj/ArcGIS/rest/services/VwEnergexOutages/FeatureServer/0,Polygon,"{""type"":""Polygon"",""coordinates"":[[[152.797075768809,-27.5657919506911],[152.796690309583,-27.5651660626502],[152.797446094843,-27.5636173447277],[152.797836501287,-27.5633508286594],[152.800740228976,-27.5629682401883],[152.801305400193,-27.5633042673307],[152.80199542154,-27.5657395748852],[152.801443934826,-27.5662982582443],[152.798235421938,-27.565954867083],[152.798216803613,-27.565952561164],[152.797075768809,-27.5657919506911]]]}","{""OBJECTID"":413254,""EVENT_ID"":""INCD-983555-g"",""TYPE"":""UNPLANNED"",""STATUS"":""In Progress"",""CUSTOMERS_AFFECTED"":31,""SUBURBS"":""CHUWAR, KARALEE"",""STREETS"":""DAN ST, DUNCAN ST, GASNIER ST, LANGLANDS ST, THOMPSON ST"",""START"":1790302689767,""FINISH"":null,""EST_FIX_TIME"":1790317800000,""REASON"":""Under Investigation"",""CRC"":""78EC0CC8"",""EXTRACTED"":1790316004694,""SHAPE__Area"":183865.1875,""SHAPE__Length"":1657.8412357235272}"
2026-09-25T06:15:39Z,2026-09-25T16:15:39+10:00,au.qld.ergon,Ergon Energy,au.qld.ergon|unplanned|910564,910564,unplanned,Crews working on-site,The loss of supply is due to damage requiring emergency repairs. Fault finding is in progress.,49,true,"MENA CREEK, UTCHEE CREEK","FRANCIS RD, HOLDER RD, MCFADDEN RD, MENA CREEK RD, ROBERTSON RD, SERES RD",2026-09-25T04:40:42Z,,145.9050139,-17.6699220,Cassowary Coast Regional,2260,https://services.arcgis.com/33eHbTVqo7gtiCE8/arcgis/rest/services/VwErgonOutages/FeatureServer/0,Polygon,"{""type"":""Polygon"",""coordinates"":[[[145.875525106521,-17.6689773714442],[145.875596469171,-17.6682038724249],[145.897048607942,-17.658297992716],[145.897264714082,-17.658253352954],[145.921457472542,-17.6588202426978],[145.921741491091,-17.6589199464314],[145.925510651416,-17.6618278714429],[145.925676152542,-17.6620857808928],[145.928135025606,-17.6731528447139],[145.928141767618,-17.6731912397212],[145.928714517567,-17.677608061941],[145.928329821086,-17.6781086043276],[145.902225013731,-17.6825878017522],[145.902102455122,-17.6825932737903],[145.899053449792,-17.6823472702189],[145.898892441828,-17.6823059293234],[145.887159043754,-17.6770179565747],[145.887083738594,-17.6769754321872],[145.875525106521,-17.6689773714442]]]}","{""OBJECTID"":910564,""EVENT_ID"":""26FN9477"",""TYPE"":""UNPLANNED"",""STATUS"":""Outage reported"",""CUSTOMERS_AFFECTED"":49,""SUBURBS"":""MENA CREEK, UTCHEE CREEK"",""STREETS"":""FRANCIS RD, HOLDER RD, MCFADDEN RD, MENA CREEK RD, ROBERTSON RD, SERES RD"",""START"":1790311242000,""FINISH"":null,""EST_FIX_TIME"":null,""REASON"":""The loss of supply is due to damage requiring emergency repairs. Fault finding is in progress."",""CRC"":""38ECC2CF"",""EXTRACTED"":1790311804499,""SHAPE__Area"":12111675.8671875,""SHAPE__Length"":14360.890048109068}"
2026-09-25T06:15:39Z,2026-09-25T16:15:39+10:00,au.qld.ergon,Ergon Energy,au.qld.ergon|unplanned|910565,910565,unplanned,Crews working on-site,The loss of supply is to allow emergency maintenance of the electricity network.,120,true,"CASSADY BEACH, FORREST BEACH","ACACIA ST, ASH ST, BAMBOO ST, COCONUT LANE, COCONUT ST, FERN ST, LEICHHARDT ST, PALM ST, PINE ST, THE ESPLANADE, WATTLE ST",2026-09-25T05:51:35Z,,146.2947620,-18.7201827,Hinchinbrook Shire,3800,https://services.arcgis.com/33eHbTVqo7gtiCE8/arcgis/rest/services/VwErgonOutages/FeatureServer/0,Polygon,"{""type"":""Polygon"",""coordinates"":[[[146.291986939455,-18.728365161936],[146.291987922866,-18.728291469324],[146.292797593893,-18.7201392754142],[146.292810908263,-18.7200675415797],[146.293928687456,-18.7159939874142],[146.293934296978,-18.7159752111138],[146.294008614234,-18.7157454257046],[146.294017043601,-18.7157217168359],[146.295920283382,-18.7108196073768],[146.295939214573,-18.7107775296858],[146.296310907173,-18.7100548473152],[146.296780531499,-18.7098037677599],[146.297193675947,-18.7101328754419],[146.29794948326,-18.7127280927049],[146.297963836132,-18.7127988906873],[146.298077710506,-18.713772837309],[146.298065042557,-18.7139377580963],[146.29315632732,-18.7317275233206],[146.292653086315,-18.7320624889617],[146.292224498682,-18.7316437428952],[146.291986939455,-18.728365161936]]]}","{""OBJECTID"":910565,""EVENT_ID"":""26NQ11729"",""TYPE"":""UNPLANNED"",""STATUS"":""Crews working on-site"",""CUSTOMERS_AFFECTED"":120,""SUBURBS"":""CASSADY BEACH, FORREST BEACH"",""STREETS"":""ACACIA ST, ASH ST, BAMBOO ST, COCONUT LANE, COCONUT ST, FERN ST, LEICHHARDT ST, PALM ST, PINE ST, THE ESPLANADE, WATTLE ST"",""START"":1790315495000,""FINISH"":null,""EST_FIX_TIME"":null,""REASON"":""The loss of supply is to allow emergency maintenance of the electricity network."",""CRC"":""DAE8897D"",""EXTRACTED"":1790315704255,""SHAPE__Area"":774301.259765625,""SHAPE__Length"":5485.714711334313}"
2026-09-25T06:15:39Z,2026-09-25T16:15:39+10:00,au.qld.ergon,Ergon Energy,au.qld.ergon|unplanned|910335,910335,unplanned,Crews working on-site,The loss of supply is due to damage requiring emergency repairs. Fault finding is in progress.,4,true,NEBO,VALKYRIE ACCESS RD,2026-09-23T18:49:31Z,,148.8833373,-22.3945946,Isaac Regional,3980,https://services.arcgis.com/33eHbTVqo7gtiCE8/arcgis/rest/services/VwErgonOutages/FeatureServer/0,Polygon,"{""type"":""Polygon"",""coordinates"":[[[148.884209848399,-22.3936272521709],[148.884870031458,-22.3938027739305],[148.884681281733,-22.3944166880725],[148.882463915324,-22.3955617176037],[148.881803726016,-22.3953861864134],[148.881992489623,-22.3947722747408],[148.884209848399,-22.3936272521709]]]}","{""OBJECTID"":910335,""EVENT_ID"":""26MK6001"",""TYPE"":""UNPLANNED"",""STATUS"":""Crews working on-site"",""CUSTOMERS_AFFECTED"":4,""SUBURBS"":""NEBO"",""STREETS"":""VALKYRIE ACCESS RD"",""START"":1790189371000,""FINISH"":null,""EST_FIX_TIME"":null,""REASON"":""The loss of supply is due to damage requiring emergency repairs. Fault finding is in progress."",""CRC"":""12D91A37"",""EXTRACTED"":1790299804791,""SHAPE__Area"":36572.35546875,""SHAPE__Length"":872.0770803818325}"
2026-09-25T06:15:39Z,2026-09-25T16:15:39+10:00,au.qld.ergon,Ergon Energy,au.qld.ergon|unplanned|910553,910553,unplanned,Crews working on-site,The loss of supply is due to damage requiring emergency repairs.,2,true,WAGOORA,WEBSTER AND SIMPSONS RD,2026-09-25T00:49:45Z,2026-09-25T06:30:00Z,148.7259438,-20.8237567,Mackay Regional,4770,https://services.arcgis.com/33eHbTVqo7gtiCE8/arcgis/rest/services/VwErgonOutages/FeatureServer/0,Polygon,"{""type"":""Polygon"",""coordinates"":[[[148.727267364524,-20.8241605115829],[148.727347505749,-20.8247947263688],[148.726672934374,-20.824870072252],[148.724624866888,-20.823353429626],[148.724544738207,-20.8227192126134],[148.725219301808,-20.8226438756897],[148.727267364524,-20.8241605115829]]]}","{""OBJECTID"":910553,""EVENT_ID"":""26MK6034"",""TYPE"":""UNPLANNED"",""STATUS"":""Crews working on-site"",""CUSTOMERS_AFFECTED"":2,""SUBURBS"":""WAGOORA"",""STREETS"":""WEBSTER AND SIMPSONS RD"",""START"":1790297385000,""FINISH"":null,""EST_FIX_TIME"":1790317800000,""REASON"":""The loss of supply is due to damage requiring emergency repairs. "",""CRC"":""EA87593D"",""EXTRACTED"":1790314204764,""SHAPE__Area"":36971.6875,""SHAPE__Length"":885.1170517109817}"
2026-09-25T06:15:39Z,2026-09-25T16:15:39+10:00,au.qld.ergon,Ergon Energy,au.qld.ergon|unplanned|910560,910560,unplanned,Crews working on-site,The loss of supply is due to the operating of protective equipment.,354,true,"CAPE CLEVELAND, CUNGULLA","AMBERJACK CT, ANGEL ST, BABINGTONIA RD, BARRACUDA CT, BONITO CT, CAPE CLEVELAND RD, CARTY RD, CONNELLY RD, COOLDETTA ST, CROCODILE CREEK RD, EMPRESS CL, FRANK RANDELL DR, GEORGE ANSELL AVE, GOODSELL RD, JOHN DORY ST, KESTREL ST, LIMPET CT, MEEHAN RD, MULLOWAY CT, RILEY RD, SANDPIPER AVE, SNAPPER CT, WHITING CT",2026-09-25T03:26:45Z,,147.0605851,-19.3466306,Townsville City,7010,https://services.arcgis.com/33eHbTVqo7gtiCE8/arcgis/rest/services/VwErgonOutages/FeatureServer/0,Polygon,"{""type"":""Polygon"",""coordinates"":[[[147.01378458603,-19.3553729012502],[147.013801677679,-19.3551257400369],[147.046338950724,-19.2686461535741],[147.046625765546,-19.2683730005531],[147.054308670875,-19.2657438643678],[147.054904248245,-19.2659842802959],[147.11220348181,-19.3873876885092],[147.112229807006,-19.3874587794117],[147.112347649782,-19.3878887461366],[147.112358604002,-19.3879413569135],[147.114819424839,-19.4050428839832],[147.114631996318,-19.4054664431296],[147.114208793846,-19.4057654456413],[147.113804764021,-19.4058403974701],[147.047903870646,-19.3896009729977],[147.047764779301,-19.3895428954225],[147.017450926445,-19.3709059386638],[147.017244384045,-19.3706218511698],[147.01378458603,-19.3553729012502]]]}","{""OBJECTID"":910560,""EVENT_ID"":""26NQ11724"",""TYPE"":""UNPLANNED"",""STATUS"":""Crews working on-site"",""CUSTOMERS_AFFECTED"":354,""SUBURBS"":""CAPE CLEVELAND, CUNGULLA"",""STREETS"":""AMBERJACK CT, ANGEL ST, BABINGTONIA RD, BARRACUDA CT, BONITO CT, CAPE CLEVELAND RD, CARTY RD, CONNELLY RD, COOLDETTA ST, CROCODILE CREEK RD, EMPRESS CL, FRANK RANDELL DR, GEORGE ANSELL AVE, GOODSELL RD, JOHN DORY ST, KESTREL ST, LIMPET CT, MEEHAN RD, MULLOWAY CT, RILEY RD, SANDPIPER AVE, SNAPPER CT, WHITING CT"",""START"":1790306805000,""FINISH"":null,""EST_FIX_TIME"":null,""REASON"":""The loss of supply is due to the operating of protective equipment. "",""CRC"":""FA9AA060"",""EXTRACTED"":1790313904072,""SHAPE__Area"":96376069.6953125,""SHAPE__Length"":43330.15435340876}"
2026-09-25T06:30:53Z,2026-09-25T16:30:53+10:00,au.qld.energex,Energex,au.qld.energex|unplanned|INCD-983594-g,INCD-983594-g,unplanned,Awaiting,Emergency Repairs,30,true,PULLENVALE,"LYNDALE RD, PULLENVALE RD",2026-09-25T05:33:02Z,2026-09-25T08:00:00Z,152.8906893,-27.5163202,Brisbane City,1000,https://services.arcgis.com/bfVzktoY0OhzQCDj/ArcGIS/rest/services/VwEnergexOutages/FeatureServer/0,Polygon,"{""type"":""Polygon"",""coordinates"":[[[152.885369970362,-27.5173190904535],[152.885264903725,-27.5165517254271],[152.888562068977,-27.5142502730629],[152.888840658839,-27.5141552919698],[152.894998564875,-27.5137909824774],[152.895191609622,-27.5138129815099],[152.895462498775,-27.5138931619176],[152.895747146533,-27.5145382105028],[152.893516677428,-27.5181732768988],[152.893244766653,-27.5183810933283],[152.890551316833,-27.5192499275824],[152.890172055026,-27.5192373980885],[152.885369970362,-27.5173190904535]]]}","{""OBJECTID"":413255,""EVENT_ID"":""INCD-983594-g"",""TYPE"":""UNPLANNED"",""STATUS"":""Awaiting"",""CUSTOMERS_AFFECTED"":30,""SUBURBS"":""PULLENVALE"",""STREETS"":""LYNDALE RD, PULLENVALE RD"",""START"":1790314382876,""FINISH"":null,""EST_FIX_TIME"":1790323200000,""REASON"":""Emergency Repairs"",""CRC"":""F0FBA11F"",""EXTRACTED"":1790314504297,""SHAPE__Area"":527265.8984375,""SHAPE__Length"":2931.7520249679224}"
2026-09-25T06:30:53Z,2026-09-25T16:30:53+10:00,au.qld.energex,Energex,au.qld.energex|unplanned|INCD-983555-g,INCD-983555-g,unplanned,In Progress,Under Investigation,31,true,"CHUWAR, KARALEE","DAN ST, DUNCAN ST, GASNIER ST, LANGLANDS ST, THOMPSON ST",2026-09-25T02:18:09Z,2026-09-25T07:00:00Z,152.7994717,-27.5646962,Ipswich City,3960,https://services.arcgis.com/bfVzktoY0OhzQCDj/ArcGIS/rest/services/VwEnergexOutages/FeatureServer/0,Polygon,"{""type"":""Polygon"",""coordinates"":[[[152.797075768809,-27.5657919506911],[152.796690309583,-27.5651660626502],[152.797446094843,-27.5636173447277],[152.797836501287,-27.5633508286594],[152.800740228976,-27.5629682401883],[152.801305400193,-27.5633042673307],[152.80199542154,-27.5657395748852],[152.801443934826,-27.5662982582443],[152.798235421938,-27.565954867083],[152.798216803613,-27.565952561164],[152.797075768809,-27.5657919506911]]]}","{""OBJECTID"":413254,""EVENT_ID"":""INCD-983555-g"",""TYPE"":""UNPLANNED"",""STATUS"":""In Progress"",""CUSTOMERS_AFFECTED"":31,""SUBURBS"":""CHUWAR, KARALEE"",""STREETS"":""DAN ST, DUNCAN ST, GASNIER ST, LANGLANDS ST, THOMPSON ST"",""START"":1790302689767,""FINISH"":null,""EST_FIX_TIME"":1790319600000,""REASON"":""Under Investigation"",""CRC"":""8C4442E3"",""EXTRACTED"":1790317806056,""SHAPE__Area"":183865.1875,""SHAPE__Length"":1657.8412357235272}"
2026-09-25T06:30:53Z,2026-09-25T16:30:53+10:00,au.qld.ergon,Ergon Energy,au.qld.ergon|unplanned|910564,910564,unplanned,Crews working on-site,The loss of supply is due to damage requiring emergency repairs. Fault finding is in progress.,49,true,"MENA CREEK, UTCHEE CREEK","FRANCIS RD, HOLDER RD, MCFADDEN RD, MENA CREEK RD, ROBERTSON RD, SERES RD",2026-09-25T04:40:42Z,,145.9050139,-17.6699220,Cassowary Coast Regional,2260,https://services.arcgis.com/33eHbTVqo7gtiCE8/arcgis/rest/services/VwErgonOutages/FeatureServer/0,Polygon,"{""type"":""Polygon"",""coordinates"":[[[145.875525106521,-17.6689773714442],[145.875596469171,-17.6682038724249],[145.897048607942,-17.658297992716],[145.897264714082,-17.658253352954],[145.921457472542,-17.6588202426978],[145.921741491091,-17.6589199464314],[145.925510651416,-17.6618278714429],[145.925676152542,-17.6620857808928],[145.928135025606,-17.6731528447139],[145.928141767618,-17.6731912397212],[145.928714517567,-17.677608061941],[145.928329821086,-17.6781086043276],[145.902225013731,-17.6825878017522],[145.902102455122,-17.6825932737903],[145.899053449792,-17.6823472702189],[145.898892441828,-17.6823059293234],[145.887159043754,-17.6770179565747],[145.887083738594,-17.6769754321872],[145.875525106521,-17.6689773714442]]]}","{""OBJECTID"":910564,""EVENT_ID"":""26FN9477"",""TYPE"":""UNPLANNED"",""STATUS"":""Outage reported"",""CUSTOMERS_AFFECTED"":49,""SUBURBS"":""MENA CREEK, UTCHEE CREEK"",""STREETS"":""FRANCIS RD, HOLDER RD, MCFADDEN RD, MENA CREEK RD, ROBERTSON RD, SERES RD"",""START"":1790311242000,""FINISH"":null,""EST_FIX_TIME"":null,""REASON"":""The loss of supply is due to damage requiring emergency repairs. Fault finding is in progress."",""CRC"":""38ECC2CF"",""EXTRACTED"":1790311804499,""SHAPE__Area"":12111675.8671875,""SHAPE__Length"":14360.890048109068}"
2026-09-25T06:30:53Z,2026-09-25T16:30:53+10:00,au.qld.ergon,Ergon Energy,au.qld.ergon|unplanned|910565,910565,unplanned,Crews working on-site,The loss of supply is to allow emergency maintenance of the electricity network.,120,true,"CASSADY BEACH, FORREST BEACH","ACACIA ST, ASH ST, BAMBOO ST, COCONUT LANE, COCONUT ST, FERN ST, LEICHHARDT ST, PALM ST, PINE ST, THE ESPLANADE, WATTLE ST",2026-09-25T05:51:35Z,,146.2947620,-18.7201827,Hinchinbrook Shire,3800,https://services.arcgis.com/33eHbTVqo7gtiCE8/arcgis/rest/services/VwErgonOutages/FeatureServer/0,Polygon,"{""type"":""Polygon"",""coordinates"":[[[146.291986939455,-18.728365161936],[146.291987922866,-18.728291469324],[146.292797593893,-18.7201392754142],[146.292810908263,-18.7200675415797],[146.293928687456,-18.7159939874142],[146.293934296978,-18.7159752111138],[146.294008614234,-18.7157454257046],[146.294017043601,-18.7157217168359],[146.295920283382,-18.7108196073768],[146.295939214573,-18.7107775296858],[146.296310907173,-18.7100548473152],[146.296780531499,-18.7098037677599],[146.297193675947,-18.7101328754419],[146.29794948326,-18.7127280927049],[146.297963836132,-18.7127988906873],[146.298077710506,-18.713772837309],[146.298065042557,-18.7139377580963],[146.29315632732,-18.7317275233206],[146.292653086315,-18.7320624889617],[146.292224498682,-18.7316437428952],[146.291986939455,-18.728365161936]]]}","{""OBJECTID"":910565,""EVENT_ID"":""26NQ11729"",""TYPE"":""UNPLANNED"",""STATUS"":""Crews working on-site"",""CUSTOMERS_AFFECTED"":120,""SUBURBS"":""CASSADY BEACH, FORREST BEACH"",""STREETS"":""ACACIA ST, ASH ST, BAMBOO ST, COCONUT LANE, COCONUT ST, FERN ST, LEICHHARDT ST, PALM ST, PINE ST, THE ESPLANADE, WATTLE ST"",""START"":1790315495000,""FINISH"":null,""EST_FIX_TIME"":null,""REASON"":""The loss of supply is to allow emergency maintenance of the electricity network."",""CRC"":""DAE8897D"",""EXTRACTED"":1790315704255,""SHAPE__Area"":774301.259765625,""SHAPE__Length"":5485.714711334313}"
2026-09-25T06:30:53Z,2026-09-25T16:30:53+10:00,au.qld.ergon,Ergon Energy,au.qld.ergon|unplanned|910335,910335,unplanned,Crews working on-site,The loss of supply is due to damage requiring emergency repairs. Fault finding is in progress.,4,true,NEBO,VALKYRIE ACCESS RD,2026-09-23T18:49:31Z,,148.8833373,-22.3945946,Isaac Regional,3980,https://services.arcgis.com/33eHbTVqo7gtiCE8/arcgis/rest/services/VwErgonOutages/FeatureServer/0,Polygon,"{""type"":""Polygon"",""coordinates"":[[[148.884209848399,-22.3936272521709],[148.884870031458,-22.3938027739305],[148.884681281733,-22.3944166880725],[148.882463915324,-22.3955617176037],[148.881803726016,-22.3953861864134],[148.881992489623,-22.3947722747408],[148.884209848399,-22.3936272521709]]]}","{""OBJECTID"":910335,""EVENT_ID"":""26MK6001"",""TYPE"":""UNPLANNED"",""STATUS"":""Crews working on-site"",""CUSTOMERS_AFFECTED"":4,""SUBURBS"":""NEBO"",""STREETS"":""VALKYRIE ACCESS RD"",""START"":1790189371000,""FINISH"":null,""EST_FIX_TIME"":null,""REASON"":""The loss of supply is due to damage requiring emergency repairs. Fault finding is in progress."",""CRC"":""12D91A37"",""EXTRACTED"":1790299804791,""SHAPE__Area"":36572.35546875,""SHAPE__Length"":872.0770803818325}"
2026-09-25T06:30:53Z,2026-09-25T16:30:53+10:00,au.qld.ergon,Ergon Energy,au.qld.ergon|unplanned|910553,910553,unplanned,Crews working on-site,The loss of supply is due to damage requiring emergency repairs.,2,true,WAGOORA,WEBSTER AND SIMPSONS RD,2026-09-25T00:49:45Z,2026-09-25T06:30:00Z,148.7259438,-20.8237567,Mackay Regional,4770,https://services.arcgis.com/33eHbTVqo7gtiCE8/arcgis/rest/services/VwErgonOutages/FeatureServer/0,Polygon,"{""type"":""Polygon"",""coordinates"":[[[148.727267364524,-20.8241605115829],[148.727347505749,-20.8247947263688],[148.726672934374,-20.824870072252],[148.724624866888,-20.823353429626],[148.724544738207,-20.8227192126134],[148.725219301808,-20.8226438756897],[148.727267364524,-20.8241605115829]]]}","{""OBJECTID"":910553,""EVENT_ID"":""26MK6034"",""TYPE"":""UNPLANNED"",""STATUS"":""Crews working on-site"",""CUSTOMERS_AFFECTED"":2,""SUBURBS"":""WAGOORA"",""STREETS"":""WEBSTER AND SIMPSONS RD"",""START"":1790297385000,""FINISH"":null,""EST_FIX_TIME"":1790317800000,""REASON"":""The loss of supply is due to damage requiring emergency repairs. "",""CRC"":""EA87593D"",""EXTRACTED"":1790314204764,""SHAPE__Area"":36971.6875,""SHAPE__Length"":885.1170517109817}"
2026-09-25T06:30:53Z,2026-09-25T16:30:53+10:00,au.qld.ergon,Ergon Energy,au.qld.ergon|unplanned|910560,910560,unplanned,Crews working on-site,The loss of supply is due to the operating of protective equipment.,354,true,"CAPE CLEVELAND, CUNGULLA","AMBERJACK CT, ANGEL ST, BABINGTONIA RD, BARRACUDA CT, BONITO CT, CAPE CLEVELAND RD, CARTY RD, CONNELLY RD, COOLDETTA ST, CROCODILE CREEK RD, EMPRESS CL, FRANK RANDELL DR, GEORGE ANSELL AVE, GOODSELL RD, JOHN DORY ST, KESTREL ST, LIMPET CT, MEEHAN RD, MULLOWAY CT, RILEY RD, SANDPIPER AVE, SNAPPER CT, WHITING CT",2026-09-25T03:26:45Z,,147.0605851,-19.3466306,Townsville City,7010,https://services.arcgis.com/33eHbTVqo7gtiCE8/arcgis/rest/services/VwErgonOutages/FeatureServer/0,Polygon,"{""type"":""Polygon"",""coordinates"":[[[147.01378458603,-19.3553729012502],[147.013801677679,-19.3551257400369],[147.046338950724,-19.2686461535741],[147.046625765546,-19.2683730005531],[147.054308670875,-19.2657438643678],[147.054904248245,-19.2659842802959],[147.11220348181,-19.3873876885092],[147.112229807006,-19.3874587794117],[147.112347649782,-19.3878887461366],[147.112358604002,-19.3879413569135],[147.114819424839,-19.4050428839832],[147.114631996318,-19.4054664431296],[147.114208793846,-19.4057654456413],[147.113804764021,-19.4058403974701],[147.047903870646,-19.3896009729977],[147.047764779301,-19.3895428954225],[147.017450926445,-19.3709059386638],[147.017244384045,-19.3706218511698],[147.01378458603,-19.3553729012502]]]}","{""OBJECTID"":910560,""EVENT_ID"":""26NQ11724"",""TYPE"":""UNPLANNED"",""STATUS"":""Crews working on-site"",""CUSTOMERS_AFFECTED"":354,""SUBURBS"":""CAPE CLEVELAND, CUNGULLA"",""STREETS"":""AMBERJACK CT, ANGEL ST, BABINGTONIA RD, BARRACUDA CT, BONITO CT, CAPE CLEVELAND RD, CARTY RD, CONNELLY RD, COOLDETTA ST, CROCODILE CREEK RD, EMPRESS CL, FRANK RANDELL DR, GEORGE ANSELL AVE, GOODSELL RD, JOHN DORY ST, KESTREL ST, LIMPET CT, MEEHAN RD, MULLOWAY CT, RILEY RD, SANDPIPER AVE, SNAPPER CT, WHITING CT"",""START"":1790306805000,""FINISH"":null,""EST_FIX_TIME"":null,""REASON"":""The loss of supply is due to the operating of protective equipment. "",""CRC"":""FA9AA060"",""EXTRACTED"":1790313904072,""SHAPE__Area"":96376069.6953125,""SHAPE__Length"":43330.15435340876}"
2026-09-25T06:45:41Z,2026-09-25T16:45:41+10:00,au.qld.energex,Energex,au.qld.energex|unplanned|INCD-983594-g,INCD-983594-g,unplanned,Awaiting,Emergency Repairs,30,true,PULLENVALE,"LYNDALE RD, PULLENVALE RD",2026-09-25T05:33:02Z,2026-09-25T08:00:00Z,152.8906893,-27.5163202,Brisbane City,1000,https://services.arcgis.com/bfVzktoY0OhzQCDj/ArcGIS/rest/services/VwEnergexOutages/FeatureServer/0,Polygon,"{""type"":""Polygon"",""coordinates"":[[[152.885369970362,-27.5173190904535],[152.885264903725,-27.5165517254271],[152.888562068977,-27.5142502730629],[152.888840658839,-27.5141552919698],[152.894998564875,-27.5137909824774],[152.895191609622,-27.5138129815099],[152.895462498775,-27.5138931619176],[152.895747146533,-27.5145382105028],[152.893516677428,-27.5181732768988],[152.893244766653,-27.5183810933283],[152.890551316833,-27.5192499275824],[152.890172055026,-27.5192373980885],[152.885369970362,-27.5173190904535]]]}","{""OBJECTID"":413255,""EVENT_ID"":""INCD-983594-g"",""TYPE"":""UNPLANNED"",""STATUS"":""Awaiting"",""CUSTOMERS_AFFECTED"":30,""SUBURBS"":""PULLENVALE"",""STREETS"":""LYNDALE RD, PULLENVALE RD"",""START"":1790314382876,""FINISH"":null,""EST_FIX_TIME"":1790323200000,""REASON"":""Emergency Repairs"",""CRC"":""F0FBA11F"",""EXTRACTED"":1790314504297,""SHAPE__Area"":527265.8984375,""SHAPE__Length"":2931.7520249679224}"
2026-09-25T06:45:41Z,2026-09-25T16:45:41+10:00,au.qld.energex,Energex,au.qld.energex|unplanned|INCD-983555-g,INCD-983555-g,unplanned,In Progress,Under Investigation,31,true,"CHUWAR, KARALEE","DAN ST, DUNCAN ST, GASNIER ST, LANGLANDS ST, THOMPSON ST",2026-09-25T02:18:09Z,2026-09-25T07:00:00Z,152.7994717,-27.5646962,Ipswich City,3960,https://services.arcgis.com/bfVzktoY0OhzQCDj/ArcGIS/rest/services/VwEnergexOutages/FeatureServer/0,Polygon,"{""type"":""Polygon"",""coordinates"":[[[152.797075768809,-27.5657919506911],[152.796690309583,-27.5651660626502],[152.797446094843,-27.5636173447277],[152.797836501287,-27.5633508286594],[152.800740228976,-27.5629682401883],[152.801305400193,-27.5633042673307],[152.80199542154,-27.5657395748852],[152.801443934826,-27.5662982582443],[152.798235421938,-27.565954867083],[152.798216803613,-27.565952561164],[152.797075768809,-27.5657919506911]]]}","{""OBJECTID"":413254,""EVENT_ID"":""INCD-983555-g"",""TYPE"":""UNPLANNED"",""STATUS"":""In Progress"",""CUSTOMERS_AFFECTED"":31,""SUBURBS"":""CHUWAR, KARALEE"",""STREETS"":""DAN ST, DUNCAN ST, GASNIER ST, LANGLANDS ST, THOMPSON ST"",""START"":1790302689767,""FINISH"":null,""EST_FIX_TIME"":1790319600000,""REASON"":""Under Investigation"",""CRC"":""8C4442E3"",""EXTRACTED"":1790317806056,""SHAPE__Area"":183865.1875,""SHAPE__Length"":1657.8412357235272}"
2026-09-25T06:45:41Z,2026-09-25T16:45:41+10:00,au.qld.ergon,Ergon Energy,au.qld.ergon|unplanned|910564,910564,unplanned,Crews working on-site,The loss of supply is due to damage requiring emergency repairs. Fault finding is in progress.,49,true,"MENA CREEK, UTCHEE CREEK","FRANCIS RD, HOLDER RD, MCFADDEN RD, MENA CREEK RD, ROBERTSON RD, SERES RD",2026-09-25T04:40:42Z,,145.9050139,-17.6699220,Cassowary Coast Regional,2260,https://services.arcgis.com/33eHbTVqo7gtiCE8/arcgis/rest/services/VwErgonOutages/FeatureServer/0,Polygon,"{""type"":""Polygon"",""coordinates"":[[[145.875525106521,-17.6689773714442],[145.875596469171,-17.6682038724249],[145.897048607942,-17.658297992716],[145.897264714082,-17.658253352954],[145.921457472542,-17.6588202426978],[145.921741491091,-17.6589199464314],[145.925510651416,-17.6618278714429],[145.925676152542,-17.6620857808928],[145.928135025606,-17.6731528447139],[145.928141767618,-17.6731912397212],[145.928714517567,-17.677608061941],[145.928329821086,-17.6781086043276],[145.902225013731,-17.6825878017522],[145.902102455122,-17.6825932737903],[145.899053449792,-17.6823472702189],[145.898892441828,-17.6823059293234],[145.887159043754,-17.6770179565747],[145.887083738594,-17.6769754321872],[145.875525106521,-17.6689773714442]]]}","{""OBJECTID"":910564,""EVENT_ID"":""26FN9477"",""TYPE"":""UNPLANNED"",""STATUS"":""Crews working on-site"",""CUSTOMERS_AFFECTED"":49,""SUBURBS"":""MENA CREEK, UTCHEE CREEK"",""STREETS"":""FRANCIS RD, HOLDER RD, MCFADDEN RD, MENA CREEK RD, ROBERTSON RD, SERES RD"",""START"":1790311242000,""FINISH"":null,""EST_FIX_TIME"":null,""REASON"":""The loss of supply is due to damage requiring emergency repairs. Fault finding is in progress."",""CRC"":""6CF1B548"",""EXTRACTED"":1790318105503,""SHAPE__Area"":12111675.8671875,""SHAPE__Length"":14360.890048109068}"
2026-09-25T06:45:41Z,2026-09-25T16:45:41+10:00,au.qld.ergon,Ergon Energy,au.qld.ergon|unplanned|910565,910565,unplanned,Crews working on-site,The loss of supply is to allow emergency maintenance of the electricity network.,120,true,"CASSADY BEACH, FORREST BEACH","ACACIA ST, ASH ST, BAMBOO ST, COCONUT LANE, COCONUT ST, FERN ST, LEICHHARDT ST, PALM ST, PINE ST, THE ESPLANADE, WATTLE ST",2026-09-25T05:51:35Z,,146.2947620,-18.7201827,Hinchinbrook Shire,3800,https://services.arcgis.com/33eHbTVqo7gtiCE8/arcgis/rest/services/VwErgonOutages/FeatureServer/0,Polygon,"{""type"":""Polygon"",""coordinates"":[[[146.291986939455,-18.728365161936],[146.291987922866,-18.728291469324],[146.292797593893,-18.7201392754142],[146.292810908263,-18.7200675415797],[146.293928687456,-18.7159939874142],[146.293934296978,-18.7159752111138],[146.294008614234,-18.7157454257046],[146.294017043601,-18.7157217168359],[146.295920283382,-18.7108196073768],[146.295939214573,-18.7107775296858],[146.296310907173,-18.7100548473152],[146.296780531499,-18.7098037677599],[146.297193675947,-18.7101328754419],[146.29794948326,-18.7127280927049],[146.297963836132,-18.7127988906873],[146.298077710506,-18.713772837309],[146.298065042557,-18.7139377580963],[146.29315632732,-18.7317275233206],[146.292653086315,-18.7320624889617],[146.292224498682,-18.7316437428952],[146.291986939455,-18.728365161936]]]}","{""OBJECTID"":910565,""EVENT_ID"":""26NQ11729"",""TYPE"":""UNPLANNED"",""STATUS"":""Crews working on-site"",""CUSTOMERS_AFFECTED"":120,""SUBURBS"":""CASSADY BEACH, FORREST BEACH"",""STREETS"":""ACACIA ST, ASH ST, BAMBOO ST, COCONUT LANE, COCONUT ST, FERN ST, LEICHHARDT ST, PALM ST, PINE ST, THE ESPLANADE, WATTLE ST"",""START"":1790315495000,""FINISH"":null,""EST_FIX_TIME"":null,""REASON"":""The loss of supply is to allow emergency maintenance of the electricity network."",""CRC"":""DAE8897D"",""EXTRACTED"":1790315704255,""SHAPE__Area"":774301.259765625,""SHAPE__Length"":5485.714711334313}"
2026-09-25T06:45:41Z,2026-09-25T16:45:41+10:00,au.qld.ergon,Ergon Energy,au.qld.ergon|unplanned|910335,910335,unplanned,Crews working on-site,The loss of supply is due to damage requiring emergency repairs. Fault finding is in progress.,4,true,NEBO,VALKYRIE ACCESS RD,2026-09-23T18:49:31Z,,148.8833373,-22.3945946,Isaac Regional,3980,https://services.arcgis.com/33eHbTVqo7gtiCE8/arcgis/rest/services/VwErgonOutages/FeatureServer/0,Polygon,"{""type"":""Polygon"",""coordinates"":[[[148.884209848399,-22.3936272521709],[148.884870031458,-22.3938027739305],[148.884681281733,-22.3944166880725],[148.882463915324,-22.3955617176037],[148.881803726016,-22.3953861864134],[148.881992489623,-22.3947722747408],[148.884209848399,-22.3936272521709]]]}","{""OBJECTID"":910335,""EVENT_ID"":""26MK6001"",""TYPE"":""UNPLANNED"",""STATUS"":""Crews working on-site"",""CUSTOMERS_AFFECTED"":4,""SUBURBS"":""NEBO"",""STREETS"":""VALKYRIE ACCESS RD"",""START"":1790189371000,""FINISH"":null,""EST_FIX_TIME"":null,""REASON"":""The loss of supply is due to damage requiring emergency repairs. Fault finding is in progress."",""CRC"":""12D91A37"",""EXTRACTED"":1790299804791,""SHAPE__Area"":36572.35546875,""SHAPE__Length"":872.0770803818325}"
2026-09-25T06:45:41Z,2026-09-25T16:45:41+10:00,au.qld.ergon,Ergon Energy,au.qld.ergon|unplanned|910553,910553,unplanned,Crews working on-site,The loss of supply is due to damage requiring emergency repairs.,2,true,WAGOORA,WEBSTER AND SIMPSONS RD,2026-09-25T00:49:45Z,2026-09-25T06:30:00Z,148.7259438,-20.8237567,Mackay Regional,4770,https://services.arcgis.com/33eHbTVqo7gtiCE8/arcgis/rest/services/VwErgonOutages/FeatureServer/0,Polygon,"{""type"":""Polygon"",""coordinates"":[[[148.727267364524,-20.8241605115829],[148.727347505749,-20.8247947263688],[148.726672934374,-20.824870072252],[148.724624866888,-20.823353429626],[148.724544738207,-20.8227192126134],[148.725219301808,-20.8226438756897],[148.727267364524,-20.8241605115829]]]}","{""OBJECTID"":910553,""EVENT_ID"":""26MK6034"",""TYPE"":""UNPLANNED"",""STATUS"":""Crews working on-site"",""CUSTOMERS_AFFECTED"":2,""SUBURBS"":""WAGOORA"",""STREETS"":""WEBSTER AND SIMPSONS RD"",""START"":1790297385000,""FINISH"":null,""EST_FIX_TIME"":1790317800000,""REASON"":""The loss of supply is due to damage requiring emergency repairs. "",""CRC"":""EA87593D"",""EXTRACTED"":1790314204764,""SHAPE__Area"":36971.6875,""SHAPE__Length"":885.1170517109817}"
2026-09-25T06:45:41Z,2026-09-25T16:45:41+10:00,au.qld.ergon,Ergon Energy,au.qld.ergon|unplanned|910560,910560,unplanned,Crews working on-site,The loss of supply is due to the operating of protective equipment.,354,true,"CAPE CLEVELAND, CUNGULLA","AMBERJACK CT, ANGEL ST, BABINGTONIA RD, BARRACUDA CT, BONITO CT, CAPE CLEVELAND RD, CARTY RD, CONNELLY RD, COOLDETTA ST, CROCODILE CREEK RD, EMPRESS CL, FRANK RANDELL DR, GEORGE ANSELL AVE, GOODSELL RD, JOHN DORY ST, KESTREL ST, LIMPET CT, MEEHAN RD, MULLOWAY CT, RILEY RD, SANDPIPER AVE, SNAPPER CT, WHITING CT",2026-09-25T03:26:45Z,,147.0605851,-19.3466306,Townsville City,7010,https://services.arcgis.com/33eHbTVqo7gtiCE8/arcgis/rest/services/VwErgonOutages/FeatureServer/0,Polygon,"{""type"":""Polygon"",""coordinates"":[[[147.01378458603,-19.3553729012502],[147.013801677679,-19.3551257400369],[147.046338950724,-19.2686461535741],[147.046625765546,-19.2683730005531],[147.054308670875,-19.2657438643678],[147.054904248245,-19.2659842802959],[147.11220348181,-19.3873876885092],[147.112229807006,-19.3874587794117],[147.112347649782,-19.3878887461366],[147.112358604002,-19.3879413569135],[147.114819424839,-19.4050428839832],[147.114631996318,-19.4054664431296],[147.114208793846,-19.4057654456413],[147.113804764021,-19.4058403974701],[147.047903870646,-19.3896009729977],[147.047764779301,-19.3895428954225],[147.017450926445,-19.3709059386638],[147.017244384045,-19.3706218511698],[147.01378458603,-19.3553729012502]]]}","{""OBJECTID"":910560,""EVENT_ID"":""26NQ11724"",""TYPE"":""UNPLANNED"",""STATUS"":""Crews working on-site"",""CUSTOMERS_AFFECTED"":354,""SUBURBS"":""CAPE CLEVELAND, CUNGULLA"",""STREETS"":""AMBERJACK CT, ANGEL ST, BABINGTONIA RD, BARRACUDA CT, BONITO CT, CAPE CLEVELAND RD, CARTY RD, CONNELLY RD, COOLDETTA ST, CROCODILE CREEK RD, EMPRESS CL, FRANK RANDELL DR, GEORGE ANSELL AVE, GOODSELL RD, JOHN DORY ST, KESTREL ST, LIMPET CT, MEEHAN RD, MULLOWAY CT, RILEY RD, SANDPIPER AVE, SNAPPER CT, WHITING CT"",""START"":1790306805000,""FINISH"":null,""EST_FIX_TIME"":null,""REASON"":""The loss of supply is due to the operating of protective equipment. "",""CRC"":""FA9AA060"",""EXTRACTED"":1790313904072,""SHAPE__Area"":96376069.6953125,""SHAPE__Length"":43330.15435340876}"
2026-09-25T07:00:56Z,2026-09-25T17:00:56+10:00,au.qld.energex,Energex,au.qld.energex|unplanned|INCD-983594-g,INCD-983594-g,unplanned,Awaiting,Emergency Repairs,30,true,PULLENVALE,"LYNDALE RD, PULLENVALE RD",2026-09-25T05:33:02Z,2026-09-25T08:00:00Z,152.8906893,-27.5163202,Brisbane City,1000,https://services.arcgis.com/bfVzktoY0OhzQCDj/ArcGIS/rest/services/VwEnergexOutages/FeatureServer/0,Polygon,"{""type"":""Polygon"",""coordinates"":[[[152.885369970362,-27.5173190904535],[152.885264903725,-27.5165517254271],[152.888562068977,-27.5142502730629],[152.888840658839,-27.5141552919698],[152.894998564875,-27.5137909824774],[152.895191609622,-27.5138129815099],[152.895462498775,-27.5138931619176],[152.895747146533,-27.5145382105028],[152.893516677428,-27.5181732768988],[152.893244766653,-27.5183810933283],[152.890551316833,-27.5192499275824],[152.890172055026,-27.5192373980885],[152.885369970362,-27.5173190904535]]]}","{""OBJECTID"":413255,""EVENT_ID"":""INCD-983594-g"",""TYPE"":""UNPLANNED"",""STATUS"":""Awaiting"",""CUSTOMERS_AFFECTED"":30,""SUBURBS"":""PULLENVALE"",""STREETS"":""LYNDALE RD, PULLENVALE RD"",""START"":1790314382876,""FINISH"":null,""EST_FIX_TIME"":1790323200000,""REASON"":""Emergency Repairs"",""CRC"":""F0FBA11F"",""EXTRACTED"":1790314504297,""SHAPE__Area"":527265.8984375,""SHAPE__Length"":2931.7520249679224}"
2026-09-25T07:00:56Z,2026-09-25T17:00:56+10:00,au.qld.energex,Energex,au.qld.energex|unplanned|INCD-983555-g,INCD-983555-g,unplanned,In Progress,Under Investigation,31,true,"CHUWAR, KARALEE","DAN ST, DUNCAN ST, GASNIER ST, LANGLANDS ST, THOMPSON ST",2026-09-25T02:18:09Z,2026-09-25T08:00:00Z,152.7994717,-27.5646962,Ipswich City,3960,https://services.arcgis.com/bfVzktoY0OhzQCDj/ArcGIS/rest/services/VwEnergexOutages/FeatureServer/0,Polygon,"{""type"":""Polygon"",""coordinates"":[[[152.797075768809,-27.5657919506911],[152.796690309583,-27.5651660626502],[152.797446094843,-27.5636173447277],[152.797836501287,-27.5633508286594],[152.800740228976,-27.5629682401883],[152.801305400193,-27.5633042673307],[152.80199542154,-27.5657395748852],[152.801443934826,-27.5662982582443],[152.798235421938,-27.565954867083],[152.798216803613,-27.565952561164],[152.797075768809,-27.5657919506911]]]}","{""OBJECTID"":413254,""EVENT_ID"":""INCD-983555-g"",""TYPE"":""UNPLANNED"",""STATUS"":""In Progress"",""CUSTOMERS_AFFECTED"":31,""SUBURBS"":""CHUWAR, KARALEE"",""STREETS"":""DAN ST, DUNCAN ST, GASNIER ST, LANGLANDS ST, THOMPSON ST"",""START"":1790302689767,""FINISH"":null,""EST_FIX_TIME"":1790323200000,""REASON"":""Under Investigation"",""CRC"":""660EF99C"",""EXTRACTED"":1790319606101,""SHAPE__Area"":183865.1875,""SHAPE__Length"":1657.8412357235272}"
2026-09-25T07:00:56Z,2026-09-25T17:00:56+10:00,au.qld.ergon,Ergon Energy,au.qld.ergon|unplanned|910564,910564,unplanned,Crews working on-site,The loss of supply is due to damage requiring emergency repairs. Fault finding is in progress.,49,true,"MENA CREEK, UTCHEE CREEK","FRANCIS RD, HOLDER RD, MCFADDEN RD, MENA CREEK RD, ROBERTSON RD, SERES RD",2026-09-25T04:40:42Z,,145.9050139,-17.6699220,Cassowary Coast Regional,2260,https://services.arcgis.com/33eHbTVqo7gtiCE8/arcgis/rest/services/VwErgonOutages/FeatureServer/0,Polygon,"{""type"":""Polygon"",""coordinates"":[[[145.875525106521,-17.6689773714442],[145.875596469171,-17.6682038724249],[145.897048607942,-17.658297992716],[145.897264714082,-17.658253352954],[145.921457472542,-17.6588202426978],[145.921741491091,-17.6589199464314],[145.925510651416,-17.6618278714429],[145.925676152542,-17.6620857808928],[145.928135025606,-17.6731528447139],[145.928141767618,-17.6731912397212],[145.928714517567,-17.677608061941],[145.928329821086,-17.6781086043276],[145.902225013731,-17.6825878017522],[145.902102455122,-17.6825932737903],[145.899053449792,-17.6823472702189],[145.898892441828,-17.6823059293234],[145.887159043754,-17.6770179565747],[145.887083738594,-17.6769754321872],[145.875525106521,-17.6689773714442]]]}","{""OBJECTID"":910564,""EVENT_ID"":""26FN9477"",""TYPE"":""UNPLANNED"",""STATUS"":""Crews working on-site"",""CUSTOMERS_AFFECTED"":49,""SUBURBS"":""MENA CREEK, UTCHEE CREEK"",""STREETS"":""FRANCIS RD, HOLDER RD, MCFADDEN RD, MENA CREEK RD, ROBERTSON RD, SERES RD"",""START"":1790311242000,""FINISH"":null,""EST_FIX_TIME"":null,""REASON"":""The loss of supply is due to damage requiring emergency repairs. Fault finding is in progress."",""CRC"":""6CF1B548"",""EXTRACTED"":1790318105503,""SHAPE__Area"":12111675.8671875,""SHAPE__Length"":14360.890048109068}"
2026-09-25T07:00:56Z,2026-09-25T17:00:56+10:00,au.qld.ergon,Ergon Energy,au.qld.ergon|unplanned|910565,910565,unplanned,Crews working on-site,The loss of supply is to allow emergency maintenance of the electricity network.,120,true,"CASSADY BEACH, FORREST BEACH","ACACIA ST, ASH ST, BAMBOO ST, COCONUT LANE, COCONUT ST, FERN ST, LEICHHARDT ST, PALM ST, PINE ST, THE ESPLANADE, WATTLE ST",2026-09-25T05:51:35Z,,146.2947620,-18.7201827,Hinchinbrook Shire,3800,https://services.arcgis.com/33eHbTVqo7gtiCE8/arcgis/rest/services/VwErgonOutages/FeatureServer/0,Polygon,"{""type"":""Polygon"",""coordinates"":[[[146.291986939455,-18.728365161936],[146.291987922866,-18.728291469324],[146.292797593893,-18.7201392754142],[146.292810908263,-18.7200675415797],[146.293928687456,-18.7159939874142],[146.293934296978,-18.7159752111138],[146.294008614234,-18.7157454257046],[146.294017043601,-18.7157217168359],[146.295920283382,-18.7108196073768],[146.295939214573,-18.7107775296858],[146.296310907173,-18.7100548473152],[146.296780531499,-18.7098037677599],[146.297193675947,-18.7101328754419],[146.29794948326,-18.7127280927049],[146.297963836132,-18.7127988906873],[146.298077710506,-18.713772837309],[146.298065042557,-18.7139377580963],[146.29315632732,-18.7317275233206],[146.292653086315,-18.7320624889617],[146.292224498682,-18.7316437428952],[146.291986939455,-18.728365161936]]]}","{""OBJECTID"":910565,""EVENT_ID"":""26NQ11729"",""TYPE"":""UNPLANNED"",""STATUS"":""Crews working on-site"",""CUSTOMERS_AFFECTED"":120,""SUBURBS"":""CASSADY BEACH, FORREST BEACH"",""STREETS"":""ACACIA ST, ASH ST, BAMBOO ST, COCONUT LANE, COCONUT ST, FERN ST, LEICHHARDT ST, PALM ST, PINE ST, THE ESPLANADE, WATTLE ST"",""START"":1790315495000,""FINISH"":null,""EST_FIX_TIME"":null,""REASON"":""The loss of supply is to allow emergency maintenance of the electricity network."",""CRC"":""DAE8897D"",""EXTRACTED"":1790315704255,""SHAPE__Area"":774301.259765625,""SHAPE__Length"":5485.714711334313}"
2026-09-25T07:00:56Z,2026-09-25T17:00:56+10:00,au.qld.ergon,Ergon Energy,au.qld.ergon|unplanned|910335,910335,unplanned,Crews working on-site,The loss of supply is due to damage requiring emergency repairs. Fault finding is in progress.,4,true,NEBO,VALKYRIE ACCESS RD,2026-09-23T18:49:31Z,,148.8833373,-22.3945946,Isaac Regional,3980,https://services.arcgis.com/33eHbTVqo7gtiCE8/arcgis/rest/services/VwErgonOutages/FeatureServer/0,Polygon,"{""type"":""Polygon"",""coordinates"":[[[148.884209848399,-22.3936272521709],[148.884870031458,-22.3938027739305],[148.884681281733,-22.3944166880725],[148.882463915324,-22.3955617176037],[148.881803726016,-22.3953861864134],[148.881992489623,-22.3947722747408],[148.884209848399,-22.3936272521709]]]}","{""OBJECTID"":910335,""EVENT_ID"":""26MK6001"",""TYPE"":""UNPLANNED"",""STATUS"":""Crews working on-site"",""CUSTOMERS_AFFECTED"":4,""SUBURBS"":""NEBO"",""STREETS"":""VALKYRIE ACCESS RD"",""START"":1790189371000,""FINISH"":null,""EST_FIX_TIME"":null,""REASON"":""The loss of supply is due to damage requiring emergency repairs. Fault finding is in progress."",""CRC"":""12D91A37"",""EXTRACTED"":1790299804791,""SHAPE__Area"":36572.35546875,""SHAPE__Length"":872.0770803818325}"
2026-09-25T07:00:56Z,2026-09-25T17:00:56+10:00,au.qld.ergon,Ergon Energy,au.qld.ergon|unplanned|910553,910553,unplanned,Crews working on-site,The loss of supply is due to damage requiring emergency repairs.,2,true,WAGOORA,WEBSTER AND SIMPSONS RD,2026-09-25T00:49:45Z,2026-09-25T06:30:00Z,148.7259438,-20.8237567,Mackay Regional,4770,https://services.arcgis.com/33eHbTVqo7gtiCE8/arcgis/rest/services/VwErgonOutages/FeatureServer/0,Polygon,"{""type"":""Polygon"",""coordinates"":[[[148.727267364524,-20.8241605115829],[148.727347505749,-20.8247947263688],[148.726672934374,-20.824870072252],[148.724624866888,-20.823353429626],[148.724544738207,-20.8227192126134],[148.725219301808,-20.8226438756897],[148.727267364524,-20.8241605115829]]]}","{""OBJECTID"":910553,""EVENT_ID"":""26MK6034"",""TYPE"":""UNPLANNED"",""STATUS"":""Crews working on-site"",""CUSTOMERS_AFFECTED"":2,""SUBURBS"":""WAGOORA"",""STREETS"":""WEBSTER AND SIMPSONS RD"",""START"":1790297385000,""FINISH"":null,""EST_FIX_TIME"":1790317800000,""REASON"":""The loss of supply is due to damage requiring emergency repairs. "",""CRC"":""EA87593D"",""EXTRACTED"":1790314204764,""SHAPE__Area"":36971.6875,""SHAPE__Length"":885.1170517109817}"
2026-09-25T07:15:41Z,2026-09-25T17:15:41+10:00,au.qld.energex,Energex,au.qld.energex|unplanned|INCD-983594-g,INCD-983594-g,unplanned,Awaiting,Emergency Repairs,30,true,PULLENVALE,"LYNDALE RD, PULLENVALE RD",2026-09-25T05:33:02Z,2026-09-25T08:00:00Z,152.8906893,-27.5163202,Brisbane City,1000,https://services.arcgis.com/bfVzktoY0OhzQCDj/ArcGIS/rest/services/VwEnergexOutages/FeatureServer/0,Polygon,"{""type"":""Polygon"",""coordinates"":[[[152.885369970362,-27.5173190904535],[152.885264903725,-27.5165517254271],[152.888562068977,-27.5142502730629],[152.888840658839,-27.5141552919698],[152.894998564875,-27.5137909824774],[152.895191609622,-27.5138129815099],[152.895462498775,-27.5138931619176],[152.895747146533,-27.5145382105028],[152.893516677428,-27.5181732768988],[152.893244766653,-27.5183810933283],[152.890551316833,-27.5192499275824],[152.890172055026,-27.5192373980885],[152.885369970362,-27.5173190904535]]]}","{""OBJECTID"":413255,""EVENT_ID"":""INCD-983594-g"",""TYPE"":""UNPLANNED"",""STATUS"":""Awaiting"",""CUSTOMERS_AFFECTED"":30,""SUBURBS"":""PULLENVALE"",""STREETS"":""LYNDALE RD, PULLENVALE RD"",""START"":1790314382876,""FINISH"":null,""EST_FIX_TIME"":1790323200000,""REASON"":""Emergency Repairs"",""CRC"":""F0FBA11F"",""EXTRACTED"":1790314504297,""SHAPE__Area"":527265.8984375,""SHAPE__Length"":2931.7520249679224}"
2026-09-25T07:15:41Z,2026-09-25T17:15:41+10:00,au.qld.energex,Energex,au.qld.energex|unplanned|INCD-983555-g,INCD-983555-g,unplanned,In Progress,Under Investigation,31,true,"CHUWAR, KARALEE","DAN ST, DUNCAN ST, GASNIER ST, LANGLANDS ST, THOMPSON ST",2026-09-25T02:18:09Z,2026-09-25T08:00:00Z,152.7994717,-27.5646962,Ipswich City,3960,https://services.arcgis.com/bfVzktoY0OhzQCDj/ArcGIS/rest/services/VwEnergexOutages/FeatureServer/0,Polygon,"{""type"":""Polygon"",""coordinates"":[[[152.797075768809,-27.5657919506911],[152.796690309583,-27.5651660626502],[152.797446094843,-27.5636173447277],[152.797836501287,-27.5633508286594],[152.800740228976,-27.5629682401883],[152.801305400193,-27.5633042673307],[152.80199542154,-27.5657395748852],[152.801443934826,-27.5662982582443],[152.798235421938,-27.565954867083],[152.798216803613,-27.565952561164],[152.797075768809,-27.5657919506911]]]}","{""OBJECTID"":413254,""EVENT_ID"":""INCD-983555-g"",""TYPE"":""UNPLANNED"",""STATUS"":""In Progress"",""CUSTOMERS_AFFECTED"":31,""SUBURBS"":""CHUWAR, KARALEE"",""STREETS"":""DAN ST, DUNCAN ST, GASNIER ST, LANGLANDS ST, THOMPSON ST"",""START"":1790302689767,""FINISH"":null,""EST_FIX_TIME"":1790323200000,""REASON"":""Under Investigation"",""CRC"":""660EF99C"",""EXTRACTED"":1790319606101,""SHAPE__Area"":183865.1875,""SHAPE__Length"":1657.8412357235272}"
2026-09-25T07:15:41Z,2026-09-25T17:15:41+10:00,au.qld.ergon,Ergon Energy,au.qld.ergon|unplanned|910564,910564,unplanned,Crews working on-site,The loss of supply is due to damage requiring emergency repairs. Fault finding is in progress.,49,true,"MENA CREEK, UTCHEE CREEK","FRANCIS RD, HOLDER RD, MCFADDEN RD, MENA CREEK RD, ROBERTSON RD, SERES RD",2026-09-25T04:40:42Z,,145.9050139,-17.6699220,Cassowary Coast Regional,2260,https://services.arcgis.com/33eHbTVqo7gtiCE8/arcgis/rest/services/VwErgonOutages/FeatureServer/0,Polygon,"{""type"":""Polygon"",""coordinates"":[[[145.875525106521,-17.6689773714442],[145.875596469171,-17.6682038724249],[145.897048607942,-17.658297992716],[145.897264714082,-17.658253352954],[145.921457472542,-17.6588202426978],[145.921741491091,-17.6589199464314],[145.925510651416,-17.6618278714429],[145.925676152542,-17.6620857808928],[145.928135025606,-17.6731528447139],[145.928141767618,-17.6731912397212],[145.928714517567,-17.677608061941],[145.928329821086,-17.6781086043276],[145.902225013731,-17.6825878017522],[145.902102455122,-17.6825932737903],[145.899053449792,-17.6823472702189],[145.898892441828,-17.6823059293234],[145.887159043754,-17.6770179565747],[145.887083738594,-17.6769754321872],[145.875525106521,-17.6689773714442]]]}","{""OBJECTID"":910564,""EVENT_ID"":""26FN9477"",""TYPE"":""UNPLANNED"",""STATUS"":""Crews working on-site"",""CUSTOMERS_AFFECTED"":49,""SUBURBS"":""MENA CREEK, UTCHEE CREEK"",""STREETS"":""FRANCIS RD, HOLDER RD, MCFADDEN RD, MENA CREEK RD, ROBERTSON RD, SERES RD"",""START"":1790311242000,""FINISH"":null,""EST_FIX_TIME"":null,""REASON"":""The loss of supply is due to damage requiring emergency repairs. Fault finding is in progress."",""CRC"":""6CF1B548"",""EXTRACTED"":1790318105503,""SHAPE__Area"":12111675.8671875,""SHAPE__Length"":14360.890048109068}"
2026-09-25T07:15:41Z,2026-09-25T17:15:41+10:00,au.qld.ergon,Ergon Energy,au.qld.ergon|unplanned|910335,910335,unplanned,Crews working on-site,The loss of supply is due to damage requiring emergency repairs. Fault finding is in progress.,4,true,NEBO,VALKYRIE ACCESS RD,2026-09-23T18:49:31Z,,148.8833373,-22.3945946,Isaac Regional,3980,https://services.arcgis.com/33eHbTVqo7gtiCE8/arcgis/rest/services/VwErgonOutages/FeatureServer/0,Polygon,"{""type"":""Polygon"",""coordinates"":[[[148.884209848399,-22.3936272521709],[148.884870031458,-22.3938027739305],[148.884681281733,-22.3944166880725],[148.882463915324,-22.3955617176037],[148.881803726016,-22.3953861864134],[148.881992489623,-22.3947722747408],[148.884209848399,-22.3936272521709]]]}","{""OBJECTID"":910335,""EVENT_ID"":""26MK6001"",""TYPE"":""UNPLANNED"",""STATUS"":""Crews working on-site"",""CUSTOMERS_AFFECTED"":4,""SUBURBS"":""NEBO"",""STREETS"":""VALKYRIE ACCESS RD"",""START"":1790189371000,""FINISH"":null,""EST_FIX_TIME"":null,""REASON"":""The loss of supply is due to damage requiring emergency repairs. Fault finding is in progress."",""CRC"":""12D91A37"",""EXTRACTED"":1790299804791,""SHAPE__Area"":36572.35546875,""SHAPE__Length"":872.0770803818325}"
2026-09-25T07:30:48Z,2026-09-25T17:30:48+10:00,au.qld.energex,Energex,au.qld.energex|unplanned|INCD-983594-g,INCD-983594-g,unplanned,Awaiting,Emergency Repairs,30,true,PULLENVALE,"LYNDALE RD, PULLENVALE RD",2026-09-25T05:33:02Z,2026-09-25T10:00:00Z,152.8906893,-27.5163202,Brisbane City,1000,https://services.arcgis.com/bfVzktoY0OhzQCDj/ArcGIS/rest/services/VwEnergexOutages/FeatureServer/0,Polygon,"{""type"":""Polygon"",""coordinates"":[[[152.885369970362,-27.5173190904535],[152.885264903725,-27.5165517254271],[152.888562068977,-27.5142502730629],[152.888840658839,-27.5141552919698],[152.894998564875,-27.5137909824774],[152.895191609622,-27.5138129815099],[152.895462498775,-27.5138931619176],[152.895747146533,-27.5145382105028],[152.893516677428,-27.5181732768988],[152.893244766653,-27.5183810933283],[152.890551316833,-27.5192499275824],[152.890172055026,-27.5192373980885],[152.885369970362,-27.5173190904535]]]}","{""OBJECTID"":413255,""EVENT_ID"":""INCD-983594-g"",""TYPE"":""UNPLANNED"",""STATUS"":""Awaiting"",""CUSTOMERS_AFFECTED"":30,""SUBURBS"":""PULLENVALE"",""STREETS"":""LYNDALE RD, PULLENVALE RD"",""START"":1790314382876,""FINISH"":null,""EST_FIX_TIME"":1790330400000,""REASON"":""Emergency Repairs"",""CRC"":""B671FB97"",""EXTRACTED"":1790320805455,""SHAPE__Area"":527265.8984375,""SHAPE__Length"":2931.7520249679224}"
2026-09-25T07:30:48Z,2026-09-25T17:30:48+10:00,au.qld.energex,Energex,au.qld.energex|unplanned|INCD-983555-g,INCD-983555-g,unplanned,In Progress,Under Investigation,31,true,"CHUWAR, KARALEE","DAN ST, DUNCAN ST, GASNIER ST, LANGLANDS ST, THOMPSON ST",2026-09-25T02:18:09Z,2026-09-25T08:00:00Z,152.7994717,-27.5646962,Ipswich City,3960,https://services.arcgis.com/bfVzktoY0OhzQCDj/ArcGIS/rest/services/VwEnergexOutages/FeatureServer/0,Polygon,"{""type"":""Polygon"",""coordinates"":[[[152.797075768809,-27.5657919506911],[152.796690309583,-27.5651660626502],[152.797446094843,-27.5636173447277],[152.797836501287,-27.5633508286594],[152.800740228976,-27.5629682401883],[152.801305400193,-27.5633042673307],[152.80199542154,-27.5657395748852],[152.801443934826,-27.5662982582443],[152.798235421938,-27.565954867083],[152.798216803613,-27.565952561164],[152.797075768809,-27.5657919506911]]]}","{""OBJECTID"":413254,""EVENT_ID"":""INCD-983555-g"",""TYPE"":""UNPLANNED"",""STATUS"":""In Progress"",""CUSTOMERS_AFFECTED"":31,""SUBURBS"":""CHUWAR, KARALEE"",""STREETS"":""DAN ST, DUNCAN ST, GASNIER ST, LANGLANDS ST, THOMPSON ST"",""START"":1790302689767,""FINISH"":null,""EST_FIX_TIME"":1790323200000,""REASON"":""Under Investigation"",""CRC"":""660EF99C"",""EXTRACTED"":1790319606101,""SHAPE__Area"":183865.1875,""SHAPE__Length"":1657.8412357235272}"
2026-09-25T07:30:48Z,2026-09-25T17:30:48+10:00,au.qld.ergon,Ergon Energy,au.qld.ergon|unplanned|910564,910564,unplanned,Crews working on-site,The loss of supply is due to damage requiring emergency repairs. Fault finding is in progress.,49,true,"MENA CREEK, UTCHEE CREEK","FRANCIS RD, HOLDER RD, MCFADDEN RD, MENA CREEK RD, ROBERTSON RD, SERES RD",2026-09-25T04:40:42Z,,145.9050139,-17.6699220,Cassowary Coast Regional,2260,https://services.arcgis.com/33eHbTVqo7gtiCE8/arcgis/rest/services/VwErgonOutages/FeatureServer/0,Polygon,"{""type"":""Polygon"",""coordinates"":[[[145.875525106521,-17.6689773714442],[145.875596469171,-17.6682038724249],[145.897048607942,-17.658297992716],[145.897264714082,-17.658253352954],[145.921457472542,-17.6588202426978],[145.921741491091,-17.6589199464314],[145.925510651416,-17.6618278714429],[145.925676152542,-17.6620857808928],[145.928135025606,-17.6731528447139],[145.928141767618,-17.6731912397212],[145.928714517567,-17.677608061941],[145.928329821086,-17.6781086043276],[145.902225013731,-17.6825878017522],[145.902102455122,-17.6825932737903],[145.899053449792,-17.6823472702189],[145.898892441828,-17.6823059293234],[145.887159043754,-17.6770179565747],[145.887083738594,-17.6769754321872],[145.875525106521,-17.6689773714442]]]}","{""OBJECTID"":910564,""EVENT_ID"":""26FN9477"",""TYPE"":""UNPLANNED"",""STATUS"":""Crews working on-site"",""CUSTOMERS_AFFECTED"":49,""SUBURBS"":""MENA CREEK, UTCHEE CREEK"",""STREETS"":""FRANCIS RD, HOLDER RD, MCFADDEN RD, MENA CREEK RD, ROBERTSON RD, SERES RD"",""START"":1790311242000,""FINISH"":null,""EST_FIX_TIME"":null,""REASON"":""The loss of supply is due to damage requiring emergency repairs. Fault finding is in progress."",""CRC"":""6CF1B548"",""EXTRACTED"":1790318105503,""SHAPE__Area"":12111675.8671875,""SHAPE__Length"":14360.890048109068}"
2026-09-25T07:30:48Z,2026-09-25T17:30:48+10:00,au.qld.ergon,Ergon Energy,au.qld.ergon|unplanned|910335,910335,unplanned,Crews working on-site,The loss of supply is due to damage requiring emergency repairs. Fault finding is in progress.,4,true,NEBO,VALKYRIE ACCESS RD,2026-09-23T18:49:31Z,,148.8833373,-22.3945946,Isaac Regional,3980,https://services.arcgis.com/33eHbTVqo7gtiCE8/arcgis/rest/services/VwErgonOutages/FeatureServer/0,Polygon,"{""type"":""Polygon"",""coordinates"":[[[148.884209848399,-22.3936272521709],[148.884870031458,-22.3938027739305],[148.884681281733,-22.3944166880725],[148.882463915324,-22.3955617176037],[148.881803726016,-22.3953861864134],[148.881992489623,-22.3947722747408],[148.884209848399,-22.3936272521709]]]}","{""OBJECTID"":910335,""EVENT_ID"":""26MK6001"",""TYPE"":""UNPLANNED"",""STATUS"":""Crews working on-site"",""CUSTOMERS_AFFECTED"":4,""SUBURBS"":""NEBO"",""STREETS"":""VALKYRIE ACCESS RD"",""START"":1790189371000,""FINISH"":null,""EST_FIX_TIME"":null,""REASON"":""The loss of supply is due to damage requiring emergency repairs. Fault finding is in progress."",""CRC"":""12D91A37"",""EXTRACTED"":1790299804791,""SHAPE__Area"":36572.35546875,""SHAPE__Length"":872.0770803818325}"
2026-09-25T07:45:38Z,2026-09-25T17:45:38+10:00,au.qld.energex,Energex,au.qld.energex|unplanned|INCD-983594-g,INCD-983594-g,unplanned,Awaiting,Emergency Repairs,30,true,PULLENVALE,"LYNDALE RD, PULLENVALE RD",2026-09-25T05:33:02Z,2026-09-25T10:00:00Z,152.8906893,-27.5163202,Brisbane City,1000,https://services.arcgis.com/bfVzktoY0OhzQCDj/ArcGIS/rest/services/VwEnergexOutages/FeatureServer/0,Polygon,"{""type"":""Polygon"",""coordinates"":[[[152.885369970362,-27.5173190904535],[152.885264903725,-27.5165517254271],[152.888562068977,-27.5142502730629],[152.888840658839,-27.5141552919698],[152.894998564875,-27.5137909824774],[152.895191609622,-27.5138129815099],[152.895462498775,-27.5138931619176],[152.895747146533,-27.5145382105028],[152.893516677428,-27.5181732768988],[152.893244766653,-27.5183810933283],[152.890551316833,-27.5192499275824],[152.890172055026,-27.5192373980885],[152.885369970362,-27.5173190904535]]]}","{""OBJECTID"":413255,""EVENT_ID"":""INCD-983594-g"",""TYPE"":""UNPLANNED"",""STATUS"":""Awaiting"",""CUSTOMERS_AFFECTED"":30,""SUBURBS"":""PULLENVALE"",""STREETS"":""LYNDALE RD, PULLENVALE RD"",""START"":1790314382876,""FINISH"":null,""EST_FIX_TIME"":1790330400000,""REASON"":""Emergency Repairs"",""CRC"":""B671FB97"",""EXTRACTED"":1790320805455,""SHAPE__Area"":527265.8984375,""SHAPE__Length"":2931.7520249679224}"
2026-09-25T07:45:38Z,2026-09-25T17:45:38+10:00,au.qld.energex,Energex,au.qld.energex|unplanned|INCD-983555-g,INCD-983555-g,unplanned,In Progress,Under Investigation,31,true,"CHUWAR, KARALEE","DAN ST, DUNCAN ST, GASNIER ST, LANGLANDS ST, THOMPSON ST",2026-09-25T02:18:09Z,2026-09-25T08:00:00Z,152.7994717,-27.5646962,Ipswich City,3960,https://services.arcgis.com/bfVzktoY0OhzQCDj/ArcGIS/rest/services/VwEnergexOutages/FeatureServer/0,Polygon,"{""type"":""Polygon"",""coordinates"":[[[152.797075768809,-27.5657919506911],[152.796690309583,-27.5651660626502],[152.797446094843,-27.5636173447277],[152.797836501287,-27.5633508286594],[152.800740228976,-27.5629682401883],[152.801305400193,-27.5633042673307],[152.80199542154,-27.5657395748852],[152.801443934826,-27.5662982582443],[152.798235421938,-27.565954867083],[152.798216803613,-27.565952561164],[152.797075768809,-27.5657919506911]]]}","{""OBJECTID"":413254,""EVENT_ID"":""INCD-983555-g"",""TYPE"":""UNPLANNED"",""STATUS"":""In Progress"",""CUSTOMERS_AFFECTED"":31,""SUBURBS"":""CHUWAR, KARALEE"",""STREETS"":""DAN ST, DUNCAN ST, GASNIER ST, LANGLANDS ST, THOMPSON ST"",""START"":1790302689767,""FINISH"":null,""EST_FIX_TIME"":1790323200000,""REASON"":""Under Investigation"",""CRC"":""660EF99C"",""EXTRACTED"":1790319606101,""SHAPE__Area"":183865.1875,""SHAPE__Length"":1657.8412357235272}"
2026-09-25T07:45:38Z,2026-09-25T17:45:38+10:00,au.qld.ergon,Ergon Energy,au.qld.ergon|unplanned|910564,910564,unplanned,Crews working on-site,The loss of supply is due to damage requiring emergency repairs. Fault finding is in progress.,49,true,"MENA CREEK, UTCHEE CREEK","FRANCIS RD, HOLDER RD, MCFADDEN RD, MENA CREEK RD, ROBERTSON RD, SERES RD",2026-09-25T04:40:42Z,,145.9050139,-17.6699220,Cassowary Coast Regional,2260,https://services.arcgis.com/33eHbTVqo7gtiCE8/arcgis/rest/services/VwErgonOutages/FeatureServer/0,Polygon,"{""type"":""Polygon"",""coordinates"":[[[145.875525106521,-17.6689773714442],[145.875596469171,-17.6682038724249],[145.897048607942,-17.658297992716],[145.897264714082,-17.658253352954],[145.921457472542,-17.6588202426978],[145.921741491091,-17.6589199464314],[145.925510651416,-17.6618278714429],[145.925676152542,-17.6620857808928],[145.928135025606,-17.6731528447139],[145.928141767618,-17.6731912397212],[145.928714517567,-17.677608061941],[145.928329821086,-17.6781086043276],[145.902225013731,-17.6825878017522],[145.902102455122,-17.6825932737903],[145.899053449792,-17.6823472702189],[145.898892441828,-17.6823059293234],[145.887159043754,-17.6770179565747],[145.887083738594,-17.6769754321872],[145.875525106521,-17.6689773714442]]]}","{""OBJECTID"":910564,""EVENT_ID"":""26FN9477"",""TYPE"":""UNPLANNED"",""STATUS"":""Crews working on-site"",""CUSTOMERS_AFFECTED"":49,""SUBURBS"":""MENA CREEK, UTCHEE CREEK"",""STREETS"":""FRANCIS RD, HOLDER RD, MCFADDEN RD, MENA CREEK RD, ROBERTSON RD, SERES RD"",""START"":1790311242000,""FINISH"":null,""EST_FIX_TIME"":null,""REASON"":""The loss of supply is due to damage requiring emergency repairs. Fault finding is in progress."",""CRC"":""6CF1B548"",""EXTRACTED"":1790318105503,""SHAPE__Area"":12111675.8671875,""SHAPE__Length"":14360.890048109068}"
2026-09-25T07:45:38Z,2026-09-25T17:45:38+10:00,au.qld.ergon,Ergon Energy,au.qld.ergon|unplanned|910335,910335,unplanned,Crews working on-site,The loss of supply is due to damage requiring emergency repairs. Fault finding is in progress.,4,true,NEBO,VALKYRIE ACCESS RD,2026-09-23T18:49:31Z,,148.8833373,-22.3945946,Isaac Regional,3980,https://services.arcgis.com/33eHbTVqo7gtiCE8/arcgis/rest/services/VwErgonOutages/FeatureServer/0,Polygon,"{""type"":""Polygon"",""coordinates"":[[[148.884209848399,-22.3936272521709],[148.884870031458,-22.3938027739305],[148.884681281733,-22.3944166880725],[148.882463915324,-22.3955617176037],[148.881803726016,-22.3953861864134],[148.881992489623,-22.3947722747408],[148.884209848399,-22.3936272521709]]]}","{""OBJECTID"":910335,""EVENT_ID"":""26MK6001"",""TYPE"":""UNPLANNED"",""STATUS"":""Crews working on-site"",""CUSTOMERS_AFFECTED"":4,""SUBURBS"":""NEBO"",""STREETS"":""VALKYRIE ACCESS RD"",""START"":1790189371000,""FINISH"":null,""EST_FIX_TIME"":null,""REASON"":""The loss of supply is due to damage requiring emergency repairs. Fault finding is in progress."",""CRC"":""12D91A37"",""EXTRACTED"":1790299804791,""SHAPE__Area"":36572.35546875,""SHAPE__Length"":872.0770803818325}"
2026-09-25T08:00:54Z,2026-09-25T18:00:54+10:00,au.qld.energex,Energex,au.qld.energex|unplanned|INCD-983594-g,INCD-983594-g,unplanned,Awaiting,Emergency Repairs,30,true,PULLENVALE,"LYNDALE RD, PULLENVALE RD",2026-09-25T05:33:02Z,2026-09-25T10:00:00Z,152.8906893,-27.5163202,Brisbane City,1000,https://services.arcgis.com/bfVzktoY0OhzQCDj/ArcGIS/rest/services/VwEnergexOutages/FeatureServer/0,Polygon,"{""type"":""Polygon"",""coordinates"":[[[152.885369970362,-27.5173190904535],[152.885264903725,-27.5165517254271],[152.888562068977,-27.5142502730629],[152.888840658839,-27.5141552919698],[152.894998564875,-27.5137909824774],[152.895191609622,-27.5138129815099],[152.895462498775,-27.5138931619176],[152.895747146533,-27.5145382105028],[152.893516677428,-27.5181732768988],[152.893244766653,-27.5183810933283],[152.890551316833,-27.5192499275824],[152.890172055026,-27.5192373980885],[152.885369970362,-27.5173190904535]]]}","{""OBJECTID"":413255,""EVENT_ID"":""INCD-983594-g"",""TYPE"":""UNPLANNED"",""STATUS"":""Awaiting"",""CUSTOMERS_AFFECTED"":30,""SUBURBS"":""PULLENVALE"",""STREETS"":""LYNDALE RD, PULLENVALE RD"",""START"":1790314382876,""FINISH"":null,""EST_FIX_TIME"":1790330400000,""REASON"":""Emergency Repairs"",""CRC"":""B671FB97"",""EXTRACTED"":1790320805455,""SHAPE__Area"":527265.8984375,""SHAPE__Length"":2931.7520249679224}"
2026-09-25T08:00:54Z,2026-09-25T18:00:54+10:00,au.qld.energex,Energex,au.qld.energex|unplanned|INCD-983555-g,INCD-983555-g,unplanned,In Progress,Under Investigation,31,true,"CHUWAR, KARALEE","DAN ST, DUNCAN ST, GASNIER ST, LANGLANDS ST, THOMPSON ST",2026-09-25T02:18:09Z,2026-09-25T08:30:00Z,152.7994717,-27.5646962,Ipswich City,3960,https://services.arcgis.com/bfVzktoY0OhzQCDj/ArcGIS/rest/services/VwEnergexOutages/FeatureServer/0,Polygon,"{""type"":""Polygon"",""coordinates"":[[[152.797075768809,-27.5657919506911],[152.796690309583,-27.5651660626502],[152.797446094843,-27.5636173447277],[152.797836501287,-27.5633508286594],[152.800740228976,-27.5629682401883],[152.801305400193,-27.5633042673307],[152.80199542154,-27.5657395748852],[152.801443934826,-27.5662982582443],[152.798235421938,-27.565954867083],[152.798216803613,-27.565952561164],[152.797075768809,-27.5657919506911]]]}","{""OBJECTID"":413254,""EVENT_ID"":""INCD-983555-g"",""TYPE"":""UNPLANNED"",""STATUS"":""In Progress"",""CUSTOMERS_AFFECTED"":31,""SUBURBS"":""CHUWAR, KARALEE"",""STREETS"":""DAN ST, DUNCAN ST, GASNIER ST, LANGLANDS ST, THOMPSON ST"",""START"":1790302689767,""FINISH"":null,""EST_FIX_TIME"":1790325000000,""REASON"":""Under Investigation"",""CRC"":""5BD5A7F7"",""EXTRACTED"":1790323204086,""SHAPE__Area"":183865.1875,""SHAPE__Length"":1657.8412357235272}"
2026-09-25T08:00:54Z,2026-09-25T18:00:54+10:00,au.qld.ergon,Ergon Energy,au.qld.ergon|unplanned|910564,910564,unplanned,Crews working on-site,The loss of supply is due to damage requiring emergency repairs. Fault finding is in progress.,49,true,"MENA CREEK, UTCHEE CREEK","FRANCIS RD, HOLDER RD, MCFADDEN RD, MENA CREEK RD, ROBERTSON RD, SERES RD",2026-09-25T04:40:42Z,,145.9050139,-17.6699220,Cassowary Coast Regional,2260,https://services.arcgis.com/33eHbTVqo7gtiCE8/arcgis/rest/services/VwErgonOutages/FeatureServer/0,Polygon,"{""type"":""Polygon"",""coordinates"":[[[145.875525106521,-17.6689773714442],[145.875596469171,-17.6682038724249],[145.897048607942,-17.658297992716],[145.897264714082,-17.658253352954],[145.921457472542,-17.6588202426978],[145.921741491091,-17.6589199464314],[145.925510651416,-17.6618278714429],[145.925676152542,-17.6620857808928],[145.928135025606,-17.6731528447139],[145.928141767618,-17.6731912397212],[145.928714517567,-17.677608061941],[145.928329821086,-17.6781086043276],[145.902225013731,-17.6825878017522],[145.902102455122,-17.6825932737903],[145.899053449792,-17.6823472702189],[145.898892441828,-17.6823059293234],[145.887159043754,-17.6770179565747],[145.887083738594,-17.6769754321872],[145.875525106521,-17.6689773714442]]]}","{""OBJECTID"":910564,""EVENT_ID"":""26FN9477"",""TYPE"":""UNPLANNED"",""STATUS"":""Crews working on-site"",""CUSTOMERS_AFFECTED"":49,""SUBURBS"":""MENA CREEK, UTCHEE CREEK"",""STREETS"":""FRANCIS RD, HOLDER RD, MCFADDEN RD, MENA CREEK RD, ROBERTSON RD, SERES RD"",""START"":1790311242000,""FINISH"":null,""EST_FIX_TIME"":null,""REASON"":""The loss of supply is due to damage requiring emergency repairs. Fault finding is in progress."",""CRC"":""6CF1B548"",""EXTRACTED"":1790318105503,""SHAPE__Area"":12111675.8671875,""SHAPE__Length"":14360.890048109068}"
2026-09-25T08:00:54Z,2026-09-25T18:00:54+10:00,au.qld.ergon,Ergon Energy,au.qld.ergon|unplanned|910335,910335,unplanned,Crews working on-site,The loss of supply is due to damage requiring emergency repairs. Fault finding is in progress.,4,true,NEBO,VALKYRIE ACCESS RD,2026-09-23T18:49:31Z,,148.8833373,-22.3945946,Isaac Regional,3980,https://services.arcgis.com/33eHbTVqo7gtiCE8/arcgis/rest/services/VwErgonOutages/FeatureServer/0,Polygon,"{""type"":""Polygon"",""coordinates"":[[[148.884209848399,-22.3936272521709],[148.884870031458,-22.3938027739305],[148.884681281733,-22.3944166880725],[148.882463915324,-22.3955617176037],[148.881803726016,-22.3953861864134],[148.881992489623,-22.3947722747408],[148.884209848399,-22.3936272521709]]]}","{""OBJECTID"":910335,""EVENT_ID"":""26MK6001"",""TYPE"":""UNPLANNED"",""STATUS"":""Crews working on-site"",""CUSTOMERS_AFFECTED"":4,""SUBURBS"":""NEBO"",""STREETS"":""VALKYRIE ACCESS RD"",""START"":1790189371000,""FINISH"":null,""EST_FIX_TIME"":null,""REASON"":""The loss of supply is due to damage requiring emergency repairs. Fault finding is in progress."",""CRC"":""12D91A37"",""EXTRACTED"":1790299804791,""SHAPE__Area"":36572.35546875,""SHAPE__Length"":872.0770803818325}"
2026-09-25T08:15:41Z,2026-09-25T18:15:41+10:00,au.qld.energex,Energex,au.qld.energex|unplanned|INCD-983594-g,INCD-983594-g,unplanned,Awaiting,Emergency Repairs,30,true,PULLENVALE,"LYNDALE RD, PULLENVALE RD",2026-09-25T05:33:02Z,2026-09-25T10:00:00Z,152.8906893,-27.5163202,Brisbane City,1000,https://services.arcgis.com/bfVzktoY0OhzQCDj/ArcGIS/rest/services/VwEnergexOutages/FeatureServer/0,Polygon,"{""type"":""Polygon"",""coordinates"":[[[152.885369970362,-27.5173190904535],[152.885264903725,-27.5165517254271],[152.888562068977,-27.5142502730629],[152.888840658839,-27.5141552919698],[152.894998564875,-27.5137909824774],[152.895191609622,-27.5138129815099],[152.895462498775,-27.5138931619176],[152.895747146533,-27.5145382105028],[152.893516677428,-27.5181732768988],[152.893244766653,-27.5183810933283],[152.890551316833,-27.5192499275824],[152.890172055026,-27.5192373980885],[152.885369970362,-27.5173190904535]]]}","{""OBJECTID"":413255,""EVENT_ID"":""INCD-983594-g"",""TYPE"":""UNPLANNED"",""STATUS"":""Awaiting"",""CUSTOMERS_AFFECTED"":30,""SUBURBS"":""PULLENVALE"",""STREETS"":""LYNDALE RD, PULLENVALE RD"",""START"":1790314382876,""FINISH"":null,""EST_FIX_TIME"":1790330400000,""REASON"":""Emergency Repairs"",""CRC"":""B671FB97"",""EXTRACTED"":1790320805455,""SHAPE__Area"":527265.8984375,""SHAPE__Length"":2931.7520249679224}"
2026-09-25T08:15:41Z,2026-09-25T18:15:41+10:00,au.qld.energex,Energex,au.qld.energex|unplanned|INCD-983555-g,INCD-983555-g,unplanned,In Progress,Under Investigation,31,true,"CHUWAR, KARALEE","DAN ST, DUNCAN ST, GASNIER ST, LANGLANDS ST, THOMPSON ST",2026-09-25T02:18:09Z,2026-09-25T08:30:00Z,152.7994717,-27.5646962,Ipswich City,3960,https://services.arcgis.com/bfVzktoY0OhzQCDj/ArcGIS/rest/services/VwEnergexOutages/FeatureServer/0,Polygon,"{""type"":""Polygon"",""coordinates"":[[[152.797075768809,-27.5657919506911],[152.796690309583,-27.5651660626502],[152.797446094843,-27.5636173447277],[152.797836501287,-27.5633508286594],[152.800740228976,-27.5629682401883],[152.801305400193,-27.5633042673307],[152.80199542154,-27.5657395748852],[152.801443934826,-27.5662982582443],[152.798235421938,-27.565954867083],[152.798216803613,-27.565952561164],[152.797075768809,-27.5657919506911]]]}","{""OBJECTID"":413254,""EVENT_ID"":""INCD-983555-g"",""TYPE"":""UNPLANNED"",""STATUS"":""In Progress"",""CUSTOMERS_AFFECTED"":31,""SUBURBS"":""CHUWAR, KARALEE"",""STREETS"":""DAN ST, DUNCAN ST, GASNIER ST, LANGLANDS ST, THOMPSON ST"",""START"":1790302689767,""FINISH"":null,""EST_FIX_TIME"":1790325000000,""REASON"":""Under Investigation"",""CRC"":""5BD5A7F7"",""EXTRACTED"":1790323204086,""SHAPE__Area"":183865.1875,""SHAPE__Length"":1657.8412357235272}"
2026-09-25T08:15:41Z,2026-09-25T18:15:41+10:00,au.qld.ergon,Ergon Energy,au.qld.ergon|unplanned|910564,910564,unplanned,Crews working on-site,The loss of supply is due to damage requiring emergency repairs. Fault finding is in progress.,49,true,"MENA CREEK, UTCHEE CREEK","FRANCIS RD, HOLDER RD, MCFADDEN RD, MENA CREEK RD, ROBERTSON RD, SERES RD",2026-09-25T04:40:42Z,2026-09-25T10:00:00Z,145.9050139,-17.6699220,Cassowary Coast Regional,2260,https://services.arcgis.com/33eHbTVqo7gtiCE8/arcgis/rest/services/VwErgonOutages/FeatureServer/0,Polygon,"{""type"":""Polygon"",""coordinates"":[[[145.875525106521,-17.6689773714442],[145.875596469171,-17.6682038724249],[145.897048607942,-17.658297992716],[145.897264714082,-17.658253352954],[145.921457472542,-17.6588202426978],[145.921741491091,-17.6589199464314],[145.925510651416,-17.6618278714429],[145.925676152542,-17.6620857808928],[145.928135025606,-17.6731528447139],[145.928141767618,-17.6731912397212],[145.928714517567,-17.677608061941],[145.928329821086,-17.6781086043276],[145.902225013731,-17.6825878017522],[145.902102455122,-17.6825932737903],[145.899053449792,-17.6823472702189],[145.898892441828,-17.6823059293234],[145.887159043754,-17.6770179565747],[145.887083738594,-17.6769754321872],[145.875525106521,-17.6689773714442]]]}","{""OBJECTID"":910564,""EVENT_ID"":""26FN9477"",""TYPE"":""UNPLANNED"",""STATUS"":""Crews working on-site"",""CUSTOMERS_AFFECTED"":49,""SUBURBS"":""MENA CREEK, UTCHEE CREEK"",""STREETS"":""FRANCIS RD, HOLDER RD, MCFADDEN RD, MENA CREEK RD, ROBERTSON RD, SERES RD"",""START"":1790311242000,""FINISH"":null,""EST_FIX_TIME"":1790330400000,""REASON"":""The loss of supply is due to damage requiring emergency repairs. Fault finding is in progress."",""CRC"":""6266934F"",""EXTRACTED"":1790323804875,""SHAPE__Area"":12111675.8671875,""SHAPE__Length"":14360.890048109068}"
2026-09-25T08:15:41Z,2026-09-25T18:15:41+10:00,au.qld.ergon,Ergon Energy,au.qld.ergon|unplanned|910335,910335,unplanned,Crews working on-site,The loss of supply is due to damage requiring emergency repairs. Fault finding is in progress.,4,true,NEBO,VALKYRIE ACCESS RD,2026-09-23T18:49:31Z,,148.8833373,-22.3945946,Isaac Regional,3980,https://services.arcgis.com/33eHbTVqo7gtiCE8/arcgis/rest/services/VwErgonOutages/FeatureServer/0,Polygon,"{""type"":""Polygon"",""coordinates"":[[[148.884209848399,-22.3936272521709],[148.884870031458,-22.3938027739305],[148.884681281733,-22.3944166880725],[148.882463915324,-22.3955617176037],[148.881803726016,-22.3953861864134],[148.881992489623,-22.3947722747408],[148.884209848399,-22.3936272521709]]]}","{""OBJECTID"":910335,""EVENT_ID"":""26MK6001"",""TYPE"":""UNPLANNED"",""STATUS"":""Crews working on-site"",""CUSTOMERS_AFFECTED"":4,""SUBURBS"":""NEBO"",""STREETS"":""VALKYRIE ACCESS RD"",""START"":1790189371000,""FINISH"":null,""EST_FIX_TIME"":null,""REASON"":""The loss of supply is due to damage requiring emergency repairs. Fault finding is in progress."",""CRC"":""12D91A37"",""EXTRACTED"":1790299804791,""SHAPE__Area"":36572.35546875,""SHAPE__Length"":872.0770803818325}"
2026-09-25T08:30:49Z,2026-09-25T18:30:49+10:00,au.qld.energex,Energex,au.qld.energex|unplanned|INCD-983594-g,INCD-983594-g,unplanned,Awaiting,Emergency Repairs,30,true,PULLENVALE,"LYNDALE RD, PULLENVALE RD",2026-09-25T05:33:02Z,2026-09-25T10:00:00Z,152.8906893,-27.5163202,Brisbane City,1000,https://services.arcgis.com/bfVzktoY0OhzQCDj/ArcGIS/rest/services/VwEnergexOutages/FeatureServer/0,Polygon,"{""type"":""Polygon"",""coordinates"":[[[152.885369970362,-27.5173190904535],[152.885264903725,-27.5165517254271],[152.888562068977,-27.5142502730629],[152.888840658839,-27.5141552919698],[152.894998564875,-27.5137909824774],[152.895191609622,-27.5138129815099],[152.895462498775,-27.5138931619176],[152.895747146533,-27.5145382105028],[152.893516677428,-27.5181732768988],[152.893244766653,-27.5183810933283],[152.890551316833,-27.5192499275824],[152.890172055026,-27.5192373980885],[152.885369970362,-27.5173190904535]]]}","{""OBJECTID"":413255,""EVENT_ID"":""INCD-983594-g"",""TYPE"":""UNPLANNED"",""STATUS"":""Awaiting"",""CUSTOMERS_AFFECTED"":30,""SUBURBS"":""PULLENVALE"",""STREETS"":""LYNDALE RD, PULLENVALE RD"",""START"":1790314382876,""FINISH"":null,""EST_FIX_TIME"":1790330400000,""REASON"":""Emergency Repairs"",""CRC"":""B671FB97"",""EXTRACTED"":1790320805455,""SHAPE__Area"":527265.8984375,""SHAPE__Length"":2931.7520249679224}"
2026-09-25T08:30:49Z,2026-09-25T18:30:49+10:00,au.qld.energex,Energex,au.qld.energex|unplanned|INCD-983555-g,INCD-983555-g,unplanned,In Progress,Under Investigation,31,true,"CHUWAR, KARALEE","DAN ST, DUNCAN ST, GASNIER ST, LANGLANDS ST, THOMPSON ST",2026-09-25T02:18:09Z,2026-09-25T08:30:00Z,152.7994717,-27.5646962,Ipswich City,3960,https://services.arcgis.com/bfVzktoY0OhzQCDj/ArcGIS/rest/services/VwEnergexOutages/FeatureServer/0,Polygon,"{""type"":""Polygon"",""coordinates"":[[[152.797075768809,-27.5657919506911],[152.796690309583,-27.5651660626502],[152.797446094843,-27.5636173447277],[152.797836501287,-27.5633508286594],[152.800740228976,-27.5629682401883],[152.801305400193,-27.5633042673307],[152.80199542154,-27.5657395748852],[152.801443934826,-27.5662982582443],[152.798235421938,-27.565954867083],[152.798216803613,-27.565952561164],[152.797075768809,-27.5657919506911]]]}","{""OBJECTID"":413254,""EVENT_ID"":""INCD-983555-g"",""TYPE"":""UNPLANNED"",""STATUS"":""In Progress"",""CUSTOMERS_AFFECTED"":31,""SUBURBS"":""CHUWAR, KARALEE"",""STREETS"":""DAN ST, DUNCAN ST, GASNIER ST, LANGLANDS ST, THOMPSON ST"",""START"":1790302689767,""FINISH"":null,""EST_FIX_TIME"":1790325000000,""REASON"":""Under Investigation"",""CRC"":""5BD5A7F7"",""EXTRACTED"":1790323204086,""SHAPE__Area"":183865.1875,""SHAPE__Length"":1657.8412357235272}"
2026-09-25T08:30:49Z,2026-09-25T18:30:49+10:00,au.qld.ergon,Ergon Energy,au.qld.ergon|unplanned|910564,910564,unplanned,Crews working on-site,The loss of supply is due to damage requiring emergency repairs. Fault finding is in progress.,49,true,"MENA CREEK, UTCHEE CREEK","FRANCIS RD, HOLDER RD, MCFADDEN RD, MENA CREEK RD, ROBERTSON RD, SERES RD",2026-09-25T04:40:42Z,2026-09-25T10:00:00Z,145.9050139,-17.6699220,Cassowary Coast Regional,2260,https://services.arcgis.com/33eHbTVqo7gtiCE8/arcgis/rest/services/VwErgonOutages/FeatureServer/0,Polygon,"{""type"":""Polygon"",""coordinates"":[[[145.875525106521,-17.6689773714442],[145.875596469171,-17.6682038724249],[145.897048607942,-17.658297992716],[145.897264714082,-17.658253352954],[145.921457472542,-17.6588202426978],[145.921741491091,-17.6589199464314],[145.925510651416,-17.6618278714429],[145.925676152542,-17.6620857808928],[145.928135025606,-17.6731528447139],[145.928141767618,-17.6731912397212],[145.928714517567,-17.677608061941],[145.928329821086,-17.6781086043276],[145.902225013731,-17.6825878017522],[145.902102455122,-17.6825932737903],[145.899053449792,-17.6823472702189],[145.898892441828,-17.6823059293234],[145.887159043754,-17.6770179565747],[145.887083738594,-17.6769754321872],[145.875525106521,-17.6689773714442]]]}","{""OBJECTID"":910564,""EVENT_ID"":""26FN9477"",""TYPE"":""UNPLANNED"",""STATUS"":""Crews working on-site"",""CUSTOMERS_AFFECTED"":49,""SUBURBS"":""MENA CREEK, UTCHEE CREEK"",""STREETS"":""FRANCIS RD, HOLDER RD, MCFADDEN RD, MENA CREEK RD, ROBERTSON RD, SERES RD"",""START"":1790311242000,""FINISH"":null,""EST_FIX_TIME"":1790330400000,""REASON"":""The loss of supply is due to damage requiring emergency repairs. Fault finding is in progress."",""CRC"":""6266934F"",""EXTRACTED"":1790323804875,""SHAPE__Area"":12111675.8671875,""SHAPE__Length"":14360.890048109068}"
2026-09-25T08:30:49Z,2026-09-25T18:30:49+10:00,au.qld.ergon,Ergon Energy,au.qld.ergon|unplanned|910566,910566,unplanned,Crews working on-site,The loss of supply is due to damage requiring emergency repairs.,5,true,EMERALD,"FOLEY RD, LOCHARBOR RD, MOODEWARRA RD",2026-09-25T08:11:26Z,,148.3232655,-23.4831032,Central Highlands Regional,2270,https://services.arcgis.com/33eHbTVqo7gtiCE8/arcgis/rest/services/VwErgonOutages/FeatureServer/0,Polygon,"{""type"":""Polygon"",""coordinates"":[[[148.310105107179,-23.48851711914],[148.309610193731,-23.4878863611374],[148.315144910006,-23.4762376720351],[148.315672980799,-23.4759733982345],[148.319924542364,-23.476620619351],[148.320020969039,-23.4766448340431],[148.342867751498,-23.4847694070718],[148.343176697718,-23.4852520617917],[148.342738321287,-23.4856402194772],[148.310105107179,-23.48851711914]]]}","{""OBJECTID"":910566,""EVENT_ID"":""26CA10758"",""TYPE"":""UNPLANNED"",""STATUS"":""Crews on route"",""CUSTOMERS_AFFECTED"":5,""SUBURBS"":""EMERALD"",""STREETS"":""FOLEY RD, LOCHARBOR RD, MOODEWARRA RD"",""START"":1790323886000,""FINISH"":null,""EST_FIX_TIME"":null,""REASON"":""The loss of supply is due to damage requiring emergency repairs. "",""CRC"":""4D716433"",""EXTRACTED"":1790324405192,""SHAPE__Area"":3059625.9921875,""SHAPE__Length"":8707.37931726895}"
2026-09-25T08:30:49Z,2026-09-25T18:30:49+10:00,au.qld.ergon,Ergon Energy,au.qld.ergon|unplanned|910335,910335,unplanned,Crews working on-site,The loss of supply is due to damage requiring emergency repairs. Fault finding is in progress.,4,true,NEBO,VALKYRIE ACCESS RD,2026-09-23T18:49:31Z,,148.8833373,-22.3945946,Isaac Regional,3980,https://services.arcgis.com/33eHbTVqo7gtiCE8/arcgis/rest/services/VwErgonOutages/FeatureServer/0,Polygon,"{""type"":""Polygon"",""coordinates"":[[[148.884209848399,-22.3936272521709],[148.884870031458,-22.3938027739305],[148.884681281733,-22.3944166880725],[148.882463915324,-22.3955617176037],[148.881803726016,-22.3953861864134],[148.881992489623,-22.3947722747408],[148.884209848399,-22.3936272521709]]]}","{""OBJECTID"":910335,""EVENT_ID"":""26MK6001"",""TYPE"":""UNPLANNED"",""STATUS"":""Crews working on-site"",""CUSTOMERS_AFFECTED"":4,""SUBURBS"":""NEBO"",""STREETS"":""VALKYRIE ACCESS RD"",""START"":1790189371000,""FINISH"":null,""EST_FIX_TIME"":null,""REASON"":""The loss of supply is due to damage requiring emergency repairs. Fault finding is in progress."",""CRC"":""12D91A37"",""EXTRACTED"":1790299804791,""SHAPE__Area"":36572.35546875,""SHAPE__Length"":872.0770803818325}"
2026-09-25T08:45:40Z,2026-09-25T18:45:40+10:00,au.qld.energex,Energex,au.qld.energex|unplanned|INCD-983594-g,INCD-983594-g,unplanned,Awaiting,Emergency Repairs,30,true,PULLENVALE,"LYNDALE RD, PULLENVALE RD",2026-09-25T05:33:02Z,2026-09-25T10:00:00Z,152.8906893,-27.5163202,Brisbane City,1000,https://services.arcgis.com/bfVzktoY0OhzQCDj/ArcGIS/rest/services/VwEnergexOutages/FeatureServer/0,Polygon,"{""type"":""Polygon"",""coordinates"":[[[152.885369970362,-27.5173190904535],[152.885264903725,-27.5165517254271],[152.888562068977,-27.5142502730629],[152.888840658839,-27.5141552919698],[152.894998564875,-27.5137909824774],[152.895191609622,-27.5138129815099],[152.895462498775,-27.5138931619176],[152.895747146533,-27.5145382105028],[152.893516677428,-27.5181732768988],[152.893244766653,-27.5183810933283],[152.890551316833,-27.5192499275824],[152.890172055026,-27.5192373980885],[152.885369970362,-27.5173190904535]]]}","{""OBJECTID"":413255,""EVENT_ID"":""INCD-983594-g"",""TYPE"":""UNPLANNED"",""STATUS"":""Awaiting"",""CUSTOMERS_AFFECTED"":30,""SUBURBS"":""PULLENVALE"",""STREETS"":""LYNDALE RD, PULLENVALE RD"",""START"":1790314382876,""FINISH"":null,""EST_FIX_TIME"":1790330400000,""REASON"":""Emergency Repairs"",""CRC"":""B671FB97"",""EXTRACTED"":1790320805455,""SHAPE__Area"":527265.8984375,""SHAPE__Length"":2931.7520249679224}"
2026-09-25T08:45:40Z,2026-09-25T18:45:40+10:00,au.qld.energex,Energex,au.qld.energex|unplanned|INCD-983555-g,INCD-983555-g,unplanned,In Progress,Under Investigation,31,true,"CHUWAR, KARALEE","DAN ST, DUNCAN ST, GASNIER ST, LANGLANDS ST, THOMPSON ST",2026-09-25T02:18:09Z,2026-09-25T08:30:00Z,152.7994717,-27.5646962,Ipswich City,3960,https://services.arcgis.com/bfVzktoY0OhzQCDj/ArcGIS/rest/services/VwEnergexOutages/FeatureServer/0,Polygon,"{""type"":""Polygon"",""coordinates"":[[[152.797075768809,-27.5657919506911],[152.796690309583,-27.5651660626502],[152.797446094843,-27.5636173447277],[152.797836501287,-27.5633508286594],[152.800740228976,-27.5629682401883],[152.801305400193,-27.5633042673307],[152.80199542154,-27.5657395748852],[152.801443934826,-27.5662982582443],[152.798235421938,-27.565954867083],[152.798216803613,-27.565952561164],[152.797075768809,-27.5657919506911]]]}","{""OBJECTID"":413254,""EVENT_ID"":""INCD-983555-g"",""TYPE"":""UNPLANNED"",""STATUS"":""In Progress"",""CUSTOMERS_AFFECTED"":31,""SUBURBS"":""CHUWAR, KARALEE"",""STREETS"":""DAN ST, DUNCAN ST, GASNIER ST, LANGLANDS ST, THOMPSON ST"",""START"":1790302689767,""FINISH"":null,""EST_FIX_TIME"":1790325000000,""REASON"":""Under Investigation"",""CRC"":""5BD5A7F7"",""EXTRACTED"":1790323204086,""SHAPE__Area"":183865.1875,""SHAPE__Length"":1657.8412357235272}"
2026-09-25T08:45:40Z,2026-09-25T18:45:40+10:00,au.qld.ergon,Ergon Energy,au.qld.ergon|unplanned|910564,910564,unplanned,Crews working on-site,The loss of supply is due to damage requiring emergency repairs. Fault finding is in progress.,49,true,"MENA CREEK, UTCHEE CREEK","FRANCIS RD, HOLDER RD, MCFADDEN RD, MENA CREEK RD, ROBERTSON RD, SERES RD",2026-09-25T04:40:42Z,2026-09-25T10:00:00Z,145.9050139,-17.6699220,Cassowary Coast Regional,2260,https://services.arcgis.com/33eHbTVqo7gtiCE8/arcgis/rest/services/VwErgonOutages/FeatureServer/0,Polygon,"{""type"":""Polygon"",""coordinates"":[[[145.875525106521,-17.6689773714442],[145.875596469171,-17.6682038724249],[145.897048607942,-17.658297992716],[145.897264714082,-17.658253352954],[145.921457472542,-17.6588202426978],[145.921741491091,-17.6589199464314],[145.925510651416,-17.6618278714429],[145.925676152542,-17.6620857808928],[145.928135025606,-17.6731528447139],[145.928141767618,-17.6731912397212],[145.928714517567,-17.677608061941],[145.928329821086,-17.6781086043276],[145.902225013731,-17.6825878017522],[145.902102455122,-17.6825932737903],[145.899053449792,-17.6823472702189],[145.898892441828,-17.6823059293234],[145.887159043754,-17.6770179565747],[145.887083738594,-17.6769754321872],[145.875525106521,-17.6689773714442]]]}","{""OBJECTID"":910564,""EVENT_ID"":""26FN9477"",""TYPE"":""UNPLANNED"",""STATUS"":""Crews working on-site"",""CUSTOMERS_AFFECTED"":49,""SUBURBS"":""MENA CREEK, UTCHEE CREEK"",""STREETS"":""FRANCIS RD, HOLDER RD, MCFADDEN RD, MENA CREEK RD, ROBERTSON RD, SERES RD"",""START"":1790311242000,""FINISH"":null,""EST_FIX_TIME"":1790330400000,""REASON"":""The loss of supply is due to damage requiring emergency repairs. Fault finding is in progress."",""CRC"":""6266934F"",""EXTRACTED"":1790323804875,""SHAPE__Area"":12111675.8671875,""SHAPE__Length"":14360.890048109068}"
2026-09-25T08:45:40Z,2026-09-25T18:45:40+10:00,au.qld.ergon,Ergon Energy,au.qld.ergon|unplanned|910566,910566,unplanned,Crews working on-site,The loss of supply is due to damage requiring emergency repairs.,5,true,EMERALD,"FOLEY RD, LOCHARBOR RD, MOODEWARRA RD",2026-09-25T08:11:26Z,,148.3232655,-23.4831032,Central Highlands Regional,2270,https://services.arcgis.com/33eHbTVqo7gtiCE8/arcgis/rest/services/VwErgonOutages/FeatureServer/0,Polygon,"{""type"":""Polygon"",""coordinates"":[[[148.310105107179,-23.48851711914],[148.309610193731,-23.4878863611374],[148.315144910006,-23.4762376720351],[148.315672980799,-23.4759733982345],[148.319924542364,-23.476620619351],[148.320020969039,-23.4766448340431],[148.342867751498,-23.4847694070718],[148.343176697718,-23.4852520617917],[148.342738321287,-23.4856402194772],[148.310105107179,-23.48851711914]]]}","{""OBJECTID"":910566,""EVENT_ID"":""26CA10758"",""TYPE"":""UNPLANNED"",""STATUS"":""Crews on route"",""CUSTOMERS_AFFECTED"":5,""SUBURBS"":""EMERALD"",""STREETS"":""FOLEY RD, LOCHARBOR RD, MOODEWARRA RD"",""START"":1790323886000,""FINISH"":null,""EST_FIX_TIME"":null,""REASON"":""The loss of supply is due to damage requiring emergency repairs. "",""CRC"":""4D716433"",""EXTRACTED"":1790324405192,""SHAPE__Area"":3059625.9921875,""SHAPE__Length"":8707.37931726895}"
2026-09-25T08:45:40Z,2026-09-25T18:45:40+10:00,au.qld.ergon,Ergon Energy,au.qld.ergon|unplanned|910335,910335,unplanned,Crews working on-site,The loss of supply is due to damage requiring emergency repairs. Fault finding is in progress.,4,true,NEBO,VALKYRIE ACCESS RD,2026-09-23T18:49:31Z,,148.8833373,-22.3945946,Isaac Regional,3980,https://services.arcgis.com/33eHbTVqo7gtiCE8/arcgis/rest/services/VwErgonOutages/FeatureServer/0,Polygon,"{""type"":""Polygon"",""coordinates"":[[[148.884209848399,-22.3936272521709],[148.884870031458,-22.3938027739305],[148.884681281733,-22.3944166880725],[148.882463915324,-22.3955617176037],[148.881803726016,-22.3953861864134],[148.881992489623,-22.3947722747408],[148.884209848399,-22.3936272521709]]]}","{""OBJECTID"":910335,""EVENT_ID"":""26MK6001"",""TYPE"":""UNPLANNED"",""STATUS"":""Crews working on-site"",""CUSTOMERS_AFFECTED"":4,""SUBURBS"":""NEBO"",""STREETS"":""VALKYRIE ACCESS RD"",""START"":1790189371000,""FINISH"":null,""EST_FIX_TIME"":null,""REASON"":""The loss of supply is due to damage requiring emergency repairs. Fault finding is in progress."",""CRC"":""12D91A37"",""EXTRACTED"":1790299804791,""SHAPE__Area"":36572.35546875,""SHAPE__Length"":872.0770803818325}"
2026-09-25T09:01:01Z,2026-09-25T19:01:01+10:00,au.qld.energex,Energex,au.qld.energex|unplanned|INCD-983594-g,INCD-983594-g,unplanned,Awaiting,Emergency Repairs,30,true,PULLENVALE,"LYNDALE RD, PULLENVALE RD",2026-09-25T05:33:02Z,2026-09-25T10:00:00Z,152.8906893,-27.5163202,Brisbane City,1000,https://services.arcgis.com/bfVzktoY0OhzQCDj/ArcGIS/rest/services/VwEnergexOutages/FeatureServer/0,Polygon,"{""type"":""Polygon"",""coordinates"":[[[152.885369970362,-27.5173190904535],[152.885264903725,-27.5165517254271],[152.888562068977,-27.5142502730629],[152.888840658839,-27.5141552919698],[152.894998564875,-27.5137909824774],[152.895191609622,-27.5138129815099],[152.895462498775,-27.5138931619176],[152.895747146533,-27.5145382105028],[152.893516677428,-27.5181732768988],[152.893244766653,-27.5183810933283],[152.890551316833,-27.5192499275824],[152.890172055026,-27.5192373980885],[152.885369970362,-27.5173190904535]]]}","{""OBJECTID"":413255,""EVENT_ID"":""INCD-983594-g"",""TYPE"":""UNPLANNED"",""STATUS"":""Awaiting"",""CUSTOMERS_AFFECTED"":30,""SUBURBS"":""PULLENVALE"",""STREETS"":""LYNDALE RD, PULLENVALE RD"",""START"":1790314382876,""FINISH"":null,""EST_FIX_TIME"":1790330400000,""REASON"":""Emergency Repairs"",""CRC"":""B671FB97"",""EXTRACTED"":1790320805455,""SHAPE__Area"":527265.8984375,""SHAPE__Length"":2931.7520249679224}"
2026-09-25T09:01:01Z,2026-09-25T19:01:01+10:00,au.qld.energex,Energex,au.qld.energex|unplanned|INCD-983617-g,INCD-983617-g,unplanned,Awaiting,Emergency Repairs,19,true,ARATULA,ADAM DR,2026-09-25T08:42:52Z,2026-09-25T11:30:00Z,152.5336376,-27.9861001,Scenic Rim Regional,6510,https://services.arcgis.com/bfVzktoY0OhzQCDj/ArcGIS/rest/services/VwEnergexOutages/FeatureServer/0,Polygon,"{""type"":""Polygon"",""coordinates"":[[[152.532840497947,-27.9884260277265],[152.532253670298,-27.9885081764334],[152.531979633629,-27.9880402788407],[152.532560321383,-27.9844964582856],[152.53318244529,-27.984122602115],[152.534581584076,-27.9844215256569],[152.534783127132,-27.9845099685021],[152.53572415495,-27.9851883057985],[152.535761342941,-27.9858594616754],[152.532840497947,-27.9884260277265]]]}","{""OBJECTID"":413256,""EVENT_ID"":""INCD-983617-g"",""TYPE"":""UNPLANNED"",""STATUS"":""Awaiting"",""CUSTOMERS_AFFECTED"":19,""SUBURBS"":""ARATULA"",""STREETS"":""ADAM DR"",""START"":1790325772032,""FINISH"":null,""EST_FIX_TIME"":1790335800000,""REASON"":""Emergency Repairs"",""CRC"":""33B5E2FF"",""EXTRACTED"":1790325904436,""SHAPE__Area"":142184.8984375,""SHAPE__Length"":1531.6334054380443}"
2026-09-25T09:01:01Z,2026-09-25T19:01:01+10:00,au.qld.ergon,Ergon Energy,au.qld.ergon|unplanned|910564,910564,unplanned,Crews working on-site,The loss of supply is due to damage requiring emergency repairs. Fault finding is in progress.,49,true,"MENA CREEK, UTCHEE CREEK","FRANCIS RD, HOLDER RD, MCFADDEN RD, MENA CREEK RD, ROBERTSON RD, SERES RD",2026-09-25T04:40:42Z,2026-09-25T10:00:00Z,145.9050139,-17.6699220,Cassowary Coast Regional,2260,https://services.arcgis.com/33eHbTVqo7gtiCE8/arcgis/rest/services/VwErgonOutages/FeatureServer/0,Polygon,"{""type"":""Polygon"",""coordinates"":[[[145.875525106521,-17.6689773714442],[145.875596469171,-17.6682038724249],[145.897048607942,-17.658297992716],[145.897264714082,-17.658253352954],[145.921457472542,-17.6588202426978],[145.921741491091,-17.6589199464314],[145.925510651416,-17.6618278714429],[145.925676152542,-17.6620857808928],[145.928135025606,-17.6731528447139],[145.928141767618,-17.6731912397212],[145.928714517567,-17.677608061941],[145.928329821086,-17.6781086043276],[145.902225013731,-17.6825878017522],[145.902102455122,-17.6825932737903],[145.899053449792,-17.6823472702189],[145.898892441828,-17.6823059293234],[145.887159043754,-17.6770179565747],[145.887083738594,-17.6769754321872],[145.875525106521,-17.6689773714442]]]}","{""OBJECTID"":910564,""EVENT_ID"":""26FN9477"",""TYPE"":""UNPLANNED"",""STATUS"":""Crews working on-site"",""CUSTOMERS_AFFECTED"":49,""SUBURBS"":""MENA CREEK, UTCHEE CREEK"",""STREETS"":""FRANCIS RD, HOLDER RD, MCFADDEN RD, MENA CREEK RD, ROBERTSON RD, SERES RD"",""START"":1790311242000,""FINISH"":null,""EST_FIX_TIME"":1790330400000,""REASON"":""The loss of supply is due to damage requiring emergency repairs. Fault finding is in progress."",""CRC"":""6266934F"",""EXTRACTED"":1790323804875,""SHAPE__Area"":12111675.8671875,""SHAPE__Length"":14360.890048109068}"
2026-09-25T09:01:01Z,2026-09-25T19:01:01+10:00,au.qld.ergon,Ergon Energy,au.qld.ergon|unplanned|910566,910566,unplanned,Crews working on-site,The loss of supply is due to damage requiring emergency repairs.,5,true,EMERALD,"FOLEY RD, LOCHARBOR RD, MOODEWARRA RD",2026-09-25T08:11:26Z,,148.3232655,-23.4831032,Central Highlands Regional,2270,https://services.arcgis.com/33eHbTVqo7gtiCE8/arcgis/rest/services/VwErgonOutages/FeatureServer/0,Polygon,"{""type"":""Polygon"",""coordinates"":[[[148.310105107179,-23.48851711914],[148.309610193731,-23.4878863611374],[148.315144910006,-23.4762376720351],[148.315672980799,-23.4759733982345],[148.319924542364,-23.476620619351],[148.320020969039,-23.4766448340431],[148.342867751498,-23.4847694070718],[148.343176697718,-23.4852520617917],[148.342738321287,-23.4856402194772],[148.310105107179,-23.48851711914]]]}","{""OBJECTID"":910566,""EVENT_ID"":""26CA10758"",""TYPE"":""UNPLANNED"",""STATUS"":""Crews on route"",""CUSTOMERS_AFFECTED"":5,""SUBURBS"":""EMERALD"",""STREETS"":""FOLEY RD, LOCHARBOR RD, MOODEWARRA RD"",""START"":1790323886000,""FINISH"":null,""EST_FIX_TIME"":null,""REASON"":""The loss of supply is due to damage requiring emergency repairs. "",""CRC"":""4D716433"",""EXTRACTED"":1790324405192,""SHAPE__Area"":3059625.9921875,""SHAPE__Length"":8707.37931726895}"
2026-09-25T09:01:01Z,2026-09-25T19:01:01+10:00,au.qld.ergon,Ergon Energy,au.qld.ergon|unplanned|910567,910567,unplanned,Crews working on-site,The loss of supply is to allow emergency maintenance of the electricity network.,4,true,KINGAROY,COUCHMANS RD,2026-09-25T08:51:00Z,,151.8418614,-26.4914338,South Burnett Regional,6630,https://services.arcgis.com/33eHbTVqo7gtiCE8/arcgis/rest/services/VwErgonOutages/FeatureServer/0,Polygon,"{""type"":""Polygon"",""coordinates"":[[[151.839792406885,-26.4917550329951],[151.839390506246,-26.4913294537006],[151.83975811802,-26.4908794743987],[151.840960717226,-26.4905825949737],[151.841172331921,-26.4905722387711],[151.843473261436,-26.4909044267126],[151.843880759688,-26.4912449213438],[151.844045530474,-26.4918694106023],[151.843460731398,-26.492414830734],[151.839792406885,-26.4917550329951]]]}","{""OBJECTID"":910567,""EVENT_ID"":""26WB8874"",""TYPE"":""UNPLANNED"",""STATUS"":""Crews working on-site"",""CUSTOMERS_AFFECTED"":4,""SUBURBS"":""KINGAROY"",""STREETS"":""COUCHMANS RD"",""START"":1790326260000,""FINISH"":null,""EST_FIX_TIME"":null,""REASON"":""The loss of supply is to allow emergency maintenance of the electricity network."",""CRC"":""E3429A87"",""EXTRACTED"":1790326504438,""SHAPE__Area"":79198.7578125,""SHAPE__Length"":1212.9648486035671}"
2026-09-25T09:01:01Z,2026-09-25T19:01:01+10:00,au.qld.ergon,Ergon Energy,au.qld.ergon|unplanned|910568,910568,unplanned,Crews on route,The loss of supply is due to damage requiring emergency repairs. Fault finding is in progress.,192,true,"BROOKSTEAD, KINCORA, NORTH BRANCH, PAMPAS, PITTSWORTH, SCRUBBY MOUNTAIN, YARRANLEA","BALMORAL RD, BANTRY RD, BLACK GULLY RD, BOUNDARY RD, BYCULLA RD, CLIFTON PITTSWORTH RD, CLIFTON RD, CLIFTON-PITTSWORTH RD, DESMOND LANE, FAIRWAY DR, GIBBS RD, GORE HWY, GUNBOWER RD, HEINEMANN RD, HOGARTH RD, HOLMES RD, JANZ RD, JENTZ RD, KEENE RD, KINCORA RD, LESLIE BRIDGE RD, LOCK RD, MADDERN RD, MANN SILO RD, MORRISON RD, PITTSWORTH-SCRUBBY RD, QUINNS RD, SCHICK RD, SCRUBBY HALL RD, SCRUBBY RD, STIRLING RD, SULLIVAN RD, TUMMAVILLE RD, VALERA RD, YARRAMALONG RD",2026-09-25T08:25:00Z,,151.5722191,-27.7983368,Toowoomba Regional,6910,https://services.arcgis.com/33eHbTVqo7gtiCE8/arcgis/rest/services/VwErgonOutages/FeatureServer/0,Polygon,"{""type"":""Polygon"",""coordinates"":[[[151.439265846837,-27.7786823418154],[151.439478740946,-27.7779420690821],[151.569106094655,-27.7412705169937],[151.569108469699,-27.7412698495234],[151.59128559933,-27.7350886083427],[151.591290041376,-27.7350873897455],[151.626531433313,-27.7255718880245],[151.626726885739,-27.725554543008],[151.630763121807,-27.7259001782065],[151.630882191043,-27.7259235048766],[151.632172101449,-27.7263262777917],[151.63219813744,-27.7263351313384],[151.638310337387,-27.7285869787555],[151.638604637837,-27.7288835381451],[151.658851934183,-27.7943219399222],[151.658850393541,-27.7945658592099],[151.637928079406,-27.8592527725652],[151.637921889453,-27.8592705149378],[151.632017831493,-27.8750340794936],[151.631496106566,-27.8753406263477],[151.600867348459,-27.8731265553788],[151.600702749238,-27.8730892487524],[151.531781607113,-27.8458477384698],[151.531676258242,-27.8457915664336],[151.45212305616,-27.7906433889293],[151.452068461996,-27.790599468547],[151.439265846837,-27.7786823418154]]]}","{""OBJECTID"":910568,""EVENT_ID"":""26SW11693"",""TYPE"":""UNPLANNED"",""STATUS"":""Outage reported"",""CUSTOMERS_AFFECTED"":192,""SUBURBS"":""BROOKSTEAD, KINCORA, NORTH BRANCH, PAMPAS, PITTSWORTH, SCRUBBY MOUNTAIN, YARRANLEA"",""STREETS"":""BALMORAL RD, BANTRY RD, BLACK GULLY RD, BOUNDARY RD, BYCULLA RD, CLIFTON PITTSWORTH RD, CLIFTON RD, CLIFTON-PITTSWORTH RD, DESMOND LANE, FAIRWAY DR, GIBBS RD, GORE HWY, GUNBOWER RD, HEINEMANN RD, HOGARTH RD, HOLMES RD, JANZ RD, JENTZ RD, KEENE RD, KINCORA RD, LESLIE BRIDGE RD, LOCK RD, MADDERN RD, MANN SILO RD, MORRISON RD, PITTSWORTH-SCRUBBY RD, QUINNS RD, SCHICK RD, SCRUBBY HALL RD, SCRUBBY RD, STIRLING RD, SULLIVAN RD, TUMMAVILLE RD, VALERA RD, YARRAMALONG RD"",""START"":1790324700000,""FINISH"":null,""EST_FIX_TIME"":null,""REASON"":""The loss of supply is due to damage requiring emergency repairs. Fault finding is in progress."",""CRC"":""A0409EFB"",""EXTRACTED"":1790325904719,""SHAPE__Area"":271349576.84375,""SHAPE__Length"":67749.53351673843}"
2026-09-25T09:15:40Z,2026-09-25T19:15:40+10:00,au.qld.energex,Energex,au.qld.energex|unplanned|INCD-983594-g,INCD-983594-g,unplanned,Awaiting,Emergency Repairs,30,true,PULLENVALE,"LYNDALE RD, PULLENVALE RD",2026-09-25T05:33:02Z,2026-09-25T10:00:00Z,152.8906893,-27.5163202,Brisbane City,1000,https://services.arcgis.com/bfVzktoY0OhzQCDj/ArcGIS/rest/services/VwEnergexOutages/FeatureServer/0,Polygon,"{""type"":""Polygon"",""coordinates"":[[[152.885369970362,-27.5173190904535],[152.885264903725,-27.5165517254271],[152.888562068977,-27.5142502730629],[152.888840658839,-27.5141552919698],[152.894998564875,-27.5137909824774],[152.895191609622,-27.5138129815099],[152.895462498775,-27.5138931619176],[152.895747146533,-27.5145382105028],[152.893516677428,-27.5181732768988],[152.893244766653,-27.5183810933283],[152.890551316833,-27.5192499275824],[152.890172055026,-27.5192373980885],[152.885369970362,-27.5173190904535]]]}","{""OBJECTID"":413255,""EVENT_ID"":""INCD-983594-g"",""TYPE"":""UNPLANNED"",""STATUS"":""Awaiting"",""CUSTOMERS_AFFECTED"":30,""SUBURBS"":""PULLENVALE"",""STREETS"":""LYNDALE RD, PULLENVALE RD"",""START"":1790314382876,""FINISH"":null,""EST_FIX_TIME"":1790330400000,""REASON"":""Emergency Repairs"",""CRC"":""B671FB97"",""EXTRACTED"":1790320805455,""SHAPE__Area"":527265.8984375,""SHAPE__Length"":2931.7520249679224}"
2026-09-25T09:15:40Z,2026-09-25T19:15:40+10:00,au.qld.energex,Energex,au.qld.energex|unplanned|INCD-983617-g,INCD-983617-g,unplanned,Awaiting,Emergency Repairs,19,true,ARATULA,ADAM DR,2026-09-25T08:42:52Z,2026-09-25T11:30:00Z,152.5336376,-27.9861001,Scenic Rim Regional,6510,https://services.arcgis.com/bfVzktoY0OhzQCDj/ArcGIS/rest/services/VwEnergexOutages/FeatureServer/0,Polygon,"{""type"":""Polygon"",""coordinates"":[[[152.532840497947,-27.9884260277265],[152.532253670298,-27.9885081764334],[152.531979633629,-27.9880402788407],[152.532560321383,-27.9844964582856],[152.53318244529,-27.984122602115],[152.534581584076,-27.9844215256569],[152.534783127132,-27.9845099685021],[152.53572415495,-27.9851883057985],[152.535761342941,-27.9858594616754],[152.532840497947,-27.9884260277265]]]}","{""OBJECTID"":413256,""EVENT_ID"":""INCD-983617-g"",""TYPE"":""UNPLANNED"",""STATUS"":""Awaiting"",""CUSTOMERS_AFFECTED"":19,""SUBURBS"":""ARATULA"",""STREETS"":""ADAM DR"",""START"":1790325772032,""FINISH"":null,""EST_FIX_TIME"":1790335800000,""REASON"":""Emergency Repairs"",""CRC"":""33B5E2FF"",""EXTRACTED"":1790325904436,""SHAPE__Area"":142184.8984375,""SHAPE__Length"":1531.6334054380443}"
2026-09-25T09:15:40Z,2026-09-25T19:15:40+10:00,au.qld.ergon,Ergon Energy,au.qld.ergon|unplanned|910564,910564,unplanned,Crews working on-site,The loss of supply is due to damage requiring emergency repairs. Fault finding is in progress.,49,true,"MENA CREEK, UTCHEE CREEK","FRANCIS RD, HOLDER RD, MCFADDEN RD, MENA CREEK RD, ROBERTSON RD, SERES RD",2026-09-25T04:40:42Z,2026-09-25T10:00:00Z,145.9050139,-17.6699220,Cassowary Coast Regional,2260,https://services.arcgis.com/33eHbTVqo7gtiCE8/arcgis/rest/services/VwErgonOutages/FeatureServer/0,Polygon,"{""type"":""Polygon"",""coordinates"":[[[145.875525106521,-17.6689773714442],[145.875596469171,-17.6682038724249],[145.897048607942,-17.658297992716],[145.897264714082,-17.658253352954],[145.921457472542,-17.6588202426978],[145.921741491091,-17.6589199464314],[145.925510651416,-17.6618278714429],[145.925676152542,-17.6620857808928],[145.928135025606,-17.6731528447139],[145.928141767618,-17.6731912397212],[145.928714517567,-17.677608061941],[145.928329821086,-17.6781086043276],[145.902225013731,-17.6825878017522],[145.902102455122,-17.6825932737903],[145.899053449792,-17.6823472702189],[145.898892441828,-17.6823059293234],[145.887159043754,-17.6770179565747],[145.887083738594,-17.6769754321872],[145.875525106521,-17.6689773714442]]]}","{""OBJECTID"":910564,""EVENT_ID"":""26FN9477"",""TYPE"":""UNPLANNED"",""STATUS"":""Crews working on-site"",""CUSTOMERS_AFFECTED"":49,""SUBURBS"":""MENA CREEK, UTCHEE CREEK"",""STREETS"":""FRANCIS RD, HOLDER RD, MCFADDEN RD, MENA CREEK RD, ROBERTSON RD, SERES RD"",""START"":1790311242000,""FINISH"":null,""EST_FIX_TIME"":1790330400000,""REASON"":""The loss of supply is due to damage requiring emergency repairs. Fault finding is in progress."",""CRC"":""6266934F"",""EXTRACTED"":1790323804875,""SHAPE__Area"":12111675.8671875,""SHAPE__Length"":14360.890048109068}"
2026-09-25T09:15:40Z,2026-09-25T19:15:40+10:00,au.qld.ergon,Ergon Energy,au.qld.ergon|unplanned|910566,910566,unplanned,Crews working on-site,The loss of supply is due to damage requiring emergency repairs.,5,true,EMERALD,"FOLEY RD, LOCHARBOR RD, MOODEWARRA RD",2026-09-25T08:11:26Z,,148.3232655,-23.4831032,Central Highlands Regional,2270,https://services.arcgis.com/33eHbTVqo7gtiCE8/arcgis/rest/services/VwErgonOutages/FeatureServer/0,Polygon,"{""type"":""Polygon"",""coordinates"":[[[148.310105107179,-23.48851711914],[148.309610193731,-23.4878863611374],[148.315144910006,-23.4762376720351],[148.315672980799,-23.4759733982345],[148.319924542364,-23.476620619351],[148.320020969039,-23.4766448340431],[148.342867751498,-23.4847694070718],[148.343176697718,-23.4852520617917],[148.342738321287,-23.4856402194772],[148.310105107179,-23.48851711914]]]}","{""OBJECTID"":910566,""EVENT_ID"":""26CA10758"",""TYPE"":""UNPLANNED"",""STATUS"":""Crews working on-site"",""CUSTOMERS_AFFECTED"":5,""SUBURBS"":""EMERALD"",""STREETS"":""FOLEY RD, LOCHARBOR RD, MOODEWARRA RD"",""START"":1790323886000,""FINISH"":null,""EST_FIX_TIME"":null,""REASON"":""The loss of supply is due to damage requiring emergency repairs. "",""CRC"":""B541AE18"",""EXTRACTED"":1790327104897,""SHAPE__Area"":3059625.9921875,""SHAPE__Length"":8707.37931726895}"
2026-09-25T09:15:40Z,2026-09-25T19:15:40+10:00,au.qld.ergon,Ergon Energy,au.qld.ergon|unplanned|910567,910567,unplanned,Crews working on-site,The loss of supply is to allow emergency maintenance of the electricity network.,4,true,KINGAROY,COUCHMANS RD,2026-09-25T08:51:00Z,,151.8418614,-26.4914338,South Burnett Regional,6630,https://services.arcgis.com/33eHbTVqo7gtiCE8/arcgis/rest/services/VwErgonOutages/FeatureServer/0,Polygon,"{""type"":""Polygon"",""coordinates"":[[[151.839792406885,-26.4917550329951],[151.839390506246,-26.4913294537006],[151.83975811802,-26.4908794743987],[151.840960717226,-26.4905825949737],[151.841172331921,-26.4905722387711],[151.843473261436,-26.4909044267126],[151.843880759688,-26.4912449213438],[151.844045530474,-26.4918694106023],[151.843460731398,-26.492414830734],[151.839792406885,-26.4917550329951]]]}","{""OBJECTID"":910567,""EVENT_ID"":""26WB8874"",""TYPE"":""UNPLANNED"",""STATUS"":""Crews working on-site"",""CUSTOMERS_AFFECTED"":4,""SUBURBS"":""KINGAROY"",""STREETS"":""COUCHMANS RD"",""START"":1790326260000,""FINISH"":null,""EST_FIX_TIME"":null,""REASON"":""The loss of supply is to allow emergency maintenance of the electricity network."",""CRC"":""E3429A87"",""EXTRACTED"":1790326504438,""SHAPE__Area"":79198.7578125,""SHAPE__Length"":1212.9648486035671}"
2026-09-25T09:15:40Z,2026-09-25T19:15:40+10:00,au.qld.ergon,Ergon Energy,au.qld.ergon|unplanned|910568,910568,unplanned,Crews on route,The loss of supply is due to damage requiring emergency repairs. Fault finding is in progress.,192,true,"BROOKSTEAD, KINCORA, NORTH BRANCH, PAMPAS, PITTSWORTH, SCRUBBY MOUNTAIN, YARRANLEA","BALMORAL RD, BANTRY RD, BLACK GULLY RD, BOUNDARY RD, BYCULLA RD, CLIFTON PITTSWORTH RD, CLIFTON RD, CLIFTON-PITTSWORTH RD, DESMOND LANE, FAIRWAY DR, GIBBS RD, GORE HWY, GUNBOWER RD, HEINEMANN RD, HOGARTH RD, HOLMES RD, JANZ RD, JENTZ RD, KEENE RD, KINCORA RD, LESLIE BRIDGE RD, LOCK RD, MADDERN RD, MANN SILO RD, MORRISON RD, PITTSWORTH-SCRUBBY RD, QUINNS RD, SCHICK RD, SCRUBBY HALL RD, SCRUBBY RD, STIRLING RD, SULLIVAN RD, TUMMAVILLE RD, VALERA RD, YARRAMALONG RD",2026-09-25T08:25:00Z,,151.5722191,-27.7983368,Toowoomba Regional,6910,https://services.arcgis.com/33eHbTVqo7gtiCE8/arcgis/rest/services/VwErgonOutages/FeatureServer/0,Polygon,"{""type"":""Polygon"",""coordinates"":[[[151.439265846837,-27.7786823418154],[151.439478740946,-27.7779420690821],[151.569106094655,-27.7412705169937],[151.569108469699,-27.7412698495234],[151.59128559933,-27.7350886083427],[151.591290041376,-27.7350873897455],[151.626531433313,-27.7255718880245],[151.626726885739,-27.725554543008],[151.630763121807,-27.7259001782065],[151.630882191043,-27.7259235048766],[151.632172101449,-27.7263262777917],[151.63219813744,-27.7263351313384],[151.638310337387,-27.7285869787555],[151.638604637837,-27.7288835381451],[151.658851934183,-27.7943219399222],[151.658850393541,-27.7945658592099],[151.637928079406,-27.8592527725652],[151.637921889453,-27.8592705149378],[151.632017831493,-27.8750340794936],[151.631496106566,-27.8753406263477],[151.600867348459,-27.8731265553788],[151.600702749238,-27.8730892487524],[151.531781607113,-27.8458477384698],[151.531676258242,-27.8457915664336],[151.45212305616,-27.7906433889293],[151.452068461996,-27.790599468547],[151.439265846837,-27.7786823418154]]]}","{""OBJECTID"":910568,""EVENT_ID"":""26SW11693"",""TYPE"":""UNPLANNED"",""STATUS"":""Crews on route"",""CUSTOMERS_AFFECTED"":192,""SUBURBS"":""BROOKSTEAD, KINCORA, NORTH BRANCH, PAMPAS, PITTSWORTH, SCRUBBY MOUNTAIN, YARRANLEA"",""STREETS"":""BALMORAL RD, BANTRY RD, BLACK GULLY RD, BOUNDARY RD, BYCULLA RD, CLIFTON PITTSWORTH RD, CLIFTON RD, CLIFTON-PITTSWORTH RD, DESMOND LANE, FAIRWAY DR, GIBBS RD, GORE HWY, GUNBOWER RD, HEINEMANN RD, HOGARTH RD, HOLMES RD, JANZ RD, JENTZ RD, KEENE RD, KINCORA RD, LESLIE BRIDGE RD, LOCK RD, MADDERN RD, MANN SILO RD, MORRISON RD, PITTSWORTH-SCRUBBY RD, QUINNS RD, SCHICK RD, SCRUBBY HALL RD, SCRUBBY RD, STIRLING RD, SULLIVAN RD, TUMMAVILLE RD, VALERA RD, YARRAMALONG RD"",""START"":1790324700000,""FINISH"":null,""EST_FIX_TIME"":null,""REASON"":""The loss of supply is due to damage requiring emergency repairs. Fault finding is in progress."",""CRC"":""0C6D2357"",""EXTRACTED"":1790327104897,""SHAPE__Area"":271349576.84375,""SHAPE__Length"":67749.53351673843}"
2026-09-25T09:30:48Z,2026-09-25T19:30:48+10:00,au.qld.energex,Energex,au.qld.energex|unplanned|INCD-983594-g,INCD-983594-g,unplanned,Awaiting,Emergency Repairs,30,true,PULLENVALE,"LYNDALE RD, PULLENVALE RD",2026-09-25T05:33:02Z,2026-09-25T11:30:00Z,152.8906893,-27.5163202,Brisbane City,1000,https://services.arcgis.com/bfVzktoY0OhzQCDj/ArcGIS/rest/services/VwEnergexOutages/FeatureServer/0,Polygon,"{""type"":""Polygon"",""coordinates"":[[[152.885369970362,-27.5173190904535],[152.885264903725,-27.5165517254271],[152.888562068977,-27.5142502730629],[152.888840658839,-27.5141552919698],[152.894998564875,-27.5137909824774],[152.895191609622,-27.5138129815099],[152.895462498775,-27.5138931619176],[152.895747146533,-27.5145382105028],[152.893516677428,-27.5181732768988],[152.893244766653,-27.5183810933283],[152.890551316833,-27.5192499275824],[152.890172055026,-27.5192373980885],[152.885369970362,-27.5173190904535]]]}","{""OBJECTID"":413255,""EVENT_ID"":""INCD-983594-g"",""TYPE"":""UNPLANNED"",""STATUS"":""Awaiting"",""CUSTOMERS_AFFECTED"":30,""SUBURBS"":""PULLENVALE"",""STREETS"":""LYNDALE RD, PULLENVALE RD"",""START"":1790314382876,""FINISH"":null,""EST_FIX_TIME"":1790335800000,""REASON"":""Emergency Repairs"",""CRC"":""BDAD546A"",""EXTRACTED"":1790328004611,""SHAPE__Area"":527265.8984375,""SHAPE__Length"":2931.7520249679224}"
2026-09-25T09:30:48Z,2026-09-25T19:30:48+10:00,au.qld.energex,Energex,au.qld.energex|unplanned|INCD-983617-g,INCD-983617-g,unplanned,Awaiting,Emergency Repairs,19,true,ARATULA,ADAM DR,2026-09-25T08:42:52Z,2026-09-25T11:30:00Z,152.5336376,-27.9861001,Scenic Rim Regional,6510,https://services.arcgis.com/bfVzktoY0OhzQCDj/ArcGIS/rest/services/VwEnergexOutages/FeatureServer/0,Polygon,"{""type"":""Polygon"",""coordinates"":[[[152.532840497947,-27.9884260277265],[152.532253670298,-27.9885081764334],[152.531979633629,-27.9880402788407],[152.532560321383,-27.9844964582856],[152.53318244529,-27.984122602115],[152.534581584076,-27.9844215256569],[152.534783127132,-27.9845099685021],[152.53572415495,-27.9851883057985],[152.535761342941,-27.9858594616754],[152.532840497947,-27.9884260277265]]]}","{""OBJECTID"":413256,""EVENT_ID"":""INCD-983617-g"",""TYPE"":""UNPLANNED"",""STATUS"":""Awaiting"",""CUSTOMERS_AFFECTED"":19,""SUBURBS"":""ARATULA"",""STREETS"":""ADAM DR"",""START"":1790325772032,""FINISH"":null,""EST_FIX_TIME"":1790335800000,""REASON"":""Emergency Repairs"",""CRC"":""33B5E2FF"",""EXTRACTED"":1790325904436,""SHAPE__Area"":142184.8984375,""SHAPE__Length"":1531.6334054380443}"
2026-09-25T09:30:48Z,2026-09-25T19:30:48+10:00,au.qld.ergon,Ergon Energy,au.qld.ergon|unplanned|910564,910564,unplanned,Crews working on-site,The loss of supply is due to damage requiring emergency repairs. Fault finding is in progress.,49,true,"MENA CREEK, UTCHEE CREEK","FRANCIS RD, HOLDER RD, MCFADDEN RD, MENA CREEK RD, ROBERTSON RD, SERES RD",2026-09-25T04:40:42Z,2026-09-25T10:00:00Z,145.9050139,-17.6699220,Cassowary Coast Regional,2260,https://services.arcgis.com/33eHbTVqo7gtiCE8/arcgis/rest/services/VwErgonOutages/FeatureServer/0,Polygon,"{""type"":""Polygon"",""coordinates"":[[[145.875525106521,-17.6689773714442],[145.875596469171,-17.6682038724249],[145.897048607942,-17.658297992716],[145.897264714082,-17.658253352954],[145.921457472542,-17.6588202426978],[145.921741491091,-17.6589199464314],[145.925510651416,-17.6618278714429],[145.925676152542,-17.6620857808928],[145.928135025606,-17.6731528447139],[145.928141767618,-17.6731912397212],[145.928714517567,-17.677608061941],[145.928329821086,-17.6781086043276],[145.902225013731,-17.6825878017522],[145.902102455122,-17.6825932737903],[145.899053449792,-17.6823472702189],[145.898892441828,-17.6823059293234],[145.887159043754,-17.6770179565747],[145.887083738594,-17.6769754321872],[145.875525106521,-17.6689773714442]]]}","{""OBJECTID"":910564,""EVENT_ID"":""26FN9477"",""TYPE"":""UNPLANNED"",""STATUS"":""Crews working on-site"",""CUSTOMERS_AFFECTED"":49,""SUBURBS"":""MENA CREEK, UTCHEE CREEK"",""STREETS"":""FRANCIS RD, HOLDER RD, MCFADDEN RD, MENA CREEK RD, ROBERTSON RD, SERES RD"",""START"":1790311242000,""FINISH"":null,""EST_FIX_TIME"":1790330400000,""REASON"":""The loss of supply is due to damage requiring emergency repairs. Fault finding is in progress."",""CRC"":""6266934F"",""EXTRACTED"":1790323804875,""SHAPE__Area"":12111675.8671875,""SHAPE__Length"":14360.890048109068}"
2026-09-25T09:30:48Z,2026-09-25T19:30:48+10:00,au.qld.ergon,Ergon Energy,au.qld.ergon|unplanned|910566,910566,unplanned,Crews working on-site,The loss of supply is due to damage requiring emergency repairs.,5,true,EMERALD,"FOLEY RD, LOCHARBOR RD, MOODEWARRA RD",2026-09-25T08:11:26Z,,148.3232655,-23.4831032,Central Highlands Regional,2270,https://services.arcgis.com/33eHbTVqo7gtiCE8/arcgis/rest/services/VwErgonOutages/FeatureServer/0,Polygon,"{""type"":""Polygon"",""coordinates"":[[[148.310105107179,-23.48851711914],[148.309610193731,-23.4878863611374],[148.315144910006,-23.4762376720351],[148.315672980799,-23.4759733982345],[148.319924542364,-23.476620619351],[148.320020969039,-23.4766448340431],[148.342867751498,-23.4847694070718],[148.343176697718,-23.4852520617917],[148.342738321287,-23.4856402194772],[148.310105107179,-23.48851711914]]]}","{""OBJECTID"":910566,""EVENT_ID"":""26CA10758"",""TYPE"":""UNPLANNED"",""STATUS"":""Crews working on-site"",""CUSTOMERS_AFFECTED"":5,""SUBURBS"":""EMERALD"",""STREETS"":""FOLEY RD, LOCHARBOR RD, MOODEWARRA RD"",""START"":1790323886000,""FINISH"":null,""EST_FIX_TIME"":null,""REASON"":""The loss of supply is due to damage requiring emergency repairs. "",""CRC"":""B541AE18"",""EXTRACTED"":1790327104897,""SHAPE__Area"":3059625.9921875,""SHAPE__Length"":8707.37931726895}"
2026-09-25T09:30:48Z,2026-09-25T19:30:48+10:00,au.qld.ergon,Ergon Energy,au.qld.ergon|unplanned|910567,910567,unplanned,Crews working on-site,The loss of supply is to allow emergency maintenance of the electricity network.,4,true,KINGAROY,COUCHMANS RD,2026-09-25T08:51:00Z,,151.8418614,-26.4914338,South Burnett Regional,6630,https://services.arcgis.com/33eHbTVqo7gtiCE8/arcgis/rest/services/VwErgonOutages/FeatureServer/0,Polygon,"{""type"":""Polygon"",""coordinates"":[[[151.839792406885,-26.4917550329951],[151.839390506246,-26.4913294537006],[151.83975811802,-26.4908794743987],[151.840960717226,-26.4905825949737],[151.841172331921,-26.4905722387711],[151.843473261436,-26.4909044267126],[151.843880759688,-26.4912449213438],[151.844045530474,-26.4918694106023],[151.843460731398,-26.492414830734],[151.839792406885,-26.4917550329951]]]}","{""OBJECTID"":910567,""EVENT_ID"":""26WB8874"",""TYPE"":""UNPLANNED"",""STATUS"":""Crews working on-site"",""CUSTOMERS_AFFECTED"":4,""SUBURBS"":""KINGAROY"",""STREETS"":""COUCHMANS RD"",""START"":1790326260000,""FINISH"":null,""EST_FIX_TIME"":null,""REASON"":""The loss of supply is to allow emergency maintenance of the electricity network."",""CRC"":""E3429A87"",""EXTRACTED"":1790326504438,""SHAPE__Area"":79198.7578125,""SHAPE__Length"":1212.9648486035671}"
2026-09-25T09:30:48Z,2026-09-25T19:30:48+10:00,au.qld.ergon,Ergon Energy,au.qld.ergon|unplanned|910568,910568,unplanned,Crews on route,The loss of supply is due to damage requiring emergency repairs. Fault finding is in progress.,192,true,"BROOKSTEAD, KINCORA, NORTH BRANCH, PAMPAS, PITTSWORTH, SCRUBBY MOUNTAIN, YARRANLEA","BALMORAL RD, BANTRY RD, BLACK GULLY RD, BOUNDARY RD, BYCULLA RD, CLIFTON PITTSWORTH RD, CLIFTON RD, CLIFTON-PITTSWORTH RD, DESMOND LANE, FAIRWAY DR, GIBBS RD, GORE HWY, GUNBOWER RD, HEINEMANN RD, HOGARTH RD, HOLMES RD, JANZ RD, JENTZ RD, KEENE RD, KINCORA RD, LESLIE BRIDGE RD, LOCK RD, MADDERN RD, MANN SILO RD, MORRISON RD, PITTSWORTH-SCRUBBY RD, QUINNS RD, SCHICK RD, SCRUBBY HALL RD, SCRUBBY RD, STIRLING RD, SULLIVAN RD, TUMMAVILLE RD, VALERA RD, YARRAMALONG RD",2026-09-25T08:25:00Z,,151.5722191,-27.7983368,Toowoomba Regional,6910,https://services.arcgis.com/33eHbTVqo7gtiCE8/arcgis/rest/services/VwErgonOutages/FeatureServer/0,Polygon,"{""type"":""Polygon"",""coordinates"":[[[151.439265846837,-27.7786823418154],[151.439478740946,-27.7779420690821],[151.569106094655,-27.7412705169937],[151.569108469699,-27.7412698495234],[151.59128559933,-27.7350886083427],[151.591290041376,-27.7350873897455],[151.626531433313,-27.7255718880245],[151.626726885739,-27.725554543008],[151.630763121807,-27.7259001782065],[151.630882191043,-27.7259235048766],[151.632172101449,-27.7263262777917],[151.63219813744,-27.7263351313384],[151.638310337387,-27.7285869787555],[151.638604637837,-27.7288835381451],[151.658851934183,-27.7943219399222],[151.658850393541,-27.7945658592099],[151.637928079406,-27.8592527725652],[151.637921889453,-27.8592705149378],[151.632017831493,-27.8750340794936],[151.631496106566,-27.8753406263477],[151.600867348459,-27.8731265553788],[151.600702749238,-27.8730892487524],[151.531781607113,-27.8458477384698],[151.531676258242,-27.8457915664336],[151.45212305616,-27.7906433889293],[151.452068461996,-27.790599468547],[151.439265846837,-27.7786823418154]]]}","{""OBJECTID"":910568,""EVENT_ID"":""26SW11693"",""TYPE"":""UNPLANNED"",""STATUS"":""Crews on route"",""CUSTOMERS_AFFECTED"":192,""SUBURBS"":""BROOKSTEAD, KINCORA, NORTH BRANCH, PAMPAS, PITTSWORTH, SCRUBBY MOUNTAIN, YARRANLEA"",""STREETS"":""BALMORAL RD, BANTRY RD, BLACK GULLY RD, BOUNDARY RD, BYCULLA RD, CLIFTON PITTSWORTH RD, CLIFTON RD, CLIFTON-PITTSWORTH RD, DESMOND LANE, FAIRWAY DR, GIBBS RD, GORE HWY, GUNBOWER RD, HEINEMANN RD, HOGARTH RD, HOLMES RD, JANZ RD, JENTZ RD, KEENE RD, KINCORA RD, LESLIE BRIDGE RD, LOCK RD, MADDERN RD, MANN SILO RD, MORRISON RD, PITTSWORTH-SCRUBBY RD, QUINNS RD, SCHICK RD, SCRUBBY HALL RD, SCRUBBY RD, STIRLING RD, SULLIVAN RD, TUMMAVILLE RD, VALERA RD, YARRAMALONG RD"",""START"":1790324700000,""FINISH"":null,""EST_FIX_TIME"":null,""REASON"":""The loss of supply is due to damage requiring emergency repairs. Fault finding is in progress."",""CRC"":""0C6D2357"",""EXTRACTED"":1790327104897,""SHAPE__Area"":271349576.84375,""SHAPE__Length"":67749.53351673843}"
2026-09-25T09:45:37Z,2026-09-25T19:45:37+10:00,au.qld.energex,Energex,au.qld.energex|unplanned|INCD-983594-g,INCD-983594-g,unplanned,Awaiting,Emergency Repairs,30,true,PULLENVALE,"LYNDALE RD, PULLENVALE RD",2026-09-25T05:33:02Z,2026-09-25T11:30:00Z,152.8906893,-27.5163202,Brisbane City,1000,https://services.arcgis.com/bfVzktoY0OhzQCDj/ArcGIS/rest/services/VwEnergexOutages/FeatureServer/0,Polygon,"{""type"":""Polygon"",""coordinates"":[[[152.885369970362,-27.5173190904535],[152.885264903725,-27.5165517254271],[152.888562068977,-27.5142502730629],[152.888840658839,-27.5141552919698],[152.894998564875,-27.5137909824774],[152.895191609622,-27.5138129815099],[152.895462498775,-27.5138931619176],[152.895747146533,-27.5145382105028],[152.893516677428,-27.5181732768988],[152.893244766653,-27.5183810933283],[152.890551316833,-27.5192499275824],[152.890172055026,-27.5192373980885],[152.885369970362,-27.5173190904535]]]}","{""OBJECTID"":413255,""EVENT_ID"":""INCD-983594-g"",""TYPE"":""UNPLANNED"",""STATUS"":""Awaiting"",""CUSTOMERS_AFFECTED"":30,""SUBURBS"":""PULLENVALE"",""STREETS"":""LYNDALE RD, PULLENVALE RD"",""START"":1790314382876,""FINISH"":null,""EST_FIX_TIME"":1790335800000,""REASON"":""Emergency Repairs"",""CRC"":""BDAD546A"",""EXTRACTED"":1790328004611,""SHAPE__Area"":527265.8984375,""SHAPE__Length"":2931.7520249679224}"
2026-09-25T09:45:37Z,2026-09-25T19:45:37+10:00,au.qld.energex,Energex,au.qld.energex|unplanned|INCD-983617-g,INCD-983617-g,unplanned,Awaiting,Emergency Repairs,19,true,ARATULA,ADAM DR,2026-09-25T08:42:52Z,2026-09-25T11:30:00Z,152.5336376,-27.9861001,Scenic Rim Regional,6510,https://services.arcgis.com/bfVzktoY0OhzQCDj/ArcGIS/rest/services/VwEnergexOutages/FeatureServer/0,Polygon,"{""type"":""Polygon"",""coordinates"":[[[152.532840497947,-27.9884260277265],[152.532253670298,-27.9885081764334],[152.531979633629,-27.9880402788407],[152.532560321383,-27.9844964582856],[152.53318244529,-27.984122602115],[152.534581584076,-27.9844215256569],[152.534783127132,-27.9845099685021],[152.53572415495,-27.9851883057985],[152.535761342941,-27.9858594616754],[152.532840497947,-27.9884260277265]]]}","{""OBJECTID"":413256,""EVENT_ID"":""INCD-983617-g"",""TYPE"":""UNPLANNED"",""STATUS"":""Awaiting"",""CUSTOMERS_AFFECTED"":19,""SUBURBS"":""ARATULA"",""STREETS"":""ADAM DR"",""START"":1790325772032,""FINISH"":null,""EST_FIX_TIME"":1790335800000,""REASON"":""Emergency Repairs"",""CRC"":""33B5E2FF"",""EXTRACTED"":1790325904436,""SHAPE__Area"":142184.8984375,""SHAPE__Length"":1531.6334054380443}"
2026-09-25T09:45:37Z,2026-09-25T19:45:37+10:00,au.qld.ergon,Ergon Energy,au.qld.ergon|unplanned|910569,910569,unplanned,Crews working on-site,The loss of supply is due to damage requiring emergency repairs.,3,true,"ASHFIELD, WINDERMERE",ASHFIELD RD,2026-09-25T07:27:31Z,,152.4048441,-24.8609148,Bundaberg Regional,1820,https://services.arcgis.com/33eHbTVqo7gtiCE8/arcgis/rest/services/VwErgonOutages/FeatureServer/0,Polygon,"{""type"":""Polygon"",""coordinates"":[[[152.403930283017,-24.8604504933304],[152.404076855817,-24.8598902459842],[152.404707280819,-24.859920662364],[152.405510595137,-24.8606000141898],[152.405667247144,-24.8609619406821],[152.405612726112,-24.8616602514187],[152.405216221107,-24.8620696915838],[152.404679071683,-24.861828160766],[152.403930283017,-24.8604504933304]]]}","{""OBJECTID"":910569,""EVENT_ID"":""26WB8876"",""TYPE"":""UNPLANNED"",""STATUS"":""Crews working on-site"",""CUSTOMERS_AFFECTED"":3,""SUBURBS"":""ASHFIELD, WINDERMERE"",""STREETS"":""ASHFIELD RD"",""START"":1790321251000,""FINISH"":null,""EST_FIX_TIME"":null,""REASON"":""The loss of supply is due to damage requiring emergency repairs. "",""CRC"":""7FB8ABF1"",""EXTRACTED"":1790328905260,""SHAPE__Area"":32970.85546875,""SHAPE__Length"":718.8306324494094}"
2026-09-25T09:45:37Z,2026-09-25T19:45:37+10:00,au.qld.ergon,Ergon Energy,au.qld.ergon|unplanned|910564,910564,unplanned,Crews working on-site,The loss of supply is due to damage requiring emergency repairs. Fault finding is in progress.,49,true,"MENA CREEK, UTCHEE CREEK","FRANCIS RD, HOLDER RD, MCFADDEN RD, MENA CREEK RD, ROBERTSON RD, SERES RD",2026-09-25T04:40:42Z,2026-09-25T10:00:00Z,145.9050139,-17.6699220,Cassowary Coast Regional,2260,https://services.arcgis.com/33eHbTVqo7gtiCE8/arcgis/rest/services/VwErgonOutages/FeatureServer/0,Polygon,"{""type"":""Polygon"",""coordinates"":[[[145.875525106521,-17.6689773714442],[145.875596469171,-17.6682038724249],[145.897048607942,-17.658297992716],[145.897264714082,-17.658253352954],[145.921457472542,-17.6588202426978],[145.921741491091,-17.6589199464314],[145.925510651416,-17.6618278714429],[145.925676152542,-17.6620857808928],[145.928135025606,-17.6731528447139],[145.928141767618,-17.6731912397212],[145.928714517567,-17.677608061941],[145.928329821086,-17.6781086043276],[145.902225013731,-17.6825878017522],[145.902102455122,-17.6825932737903],[145.899053449792,-17.6823472702189],[145.898892441828,-17.6823059293234],[145.887159043754,-17.6770179565747],[145.887083738594,-17.6769754321872],[145.875525106521,-17.6689773714442]]]}","{""OBJECTID"":910564,""EVENT_ID"":""26FN9477"",""TYPE"":""UNPLANNED"",""STATUS"":""Crews working on-site"",""CUSTOMERS_AFFECTED"":49,""SUBURBS"":""MENA CREEK, UTCHEE CREEK"",""STREETS"":""FRANCIS RD, HOLDER RD, MCFADDEN RD, MENA CREEK RD, ROBERTSON RD, SERES RD"",""START"":1790311242000,""FINISH"":null,""EST_FIX_TIME"":1790330400000,""REASON"":""The loss of supply is due to damage requiring emergency repairs. Fault finding is in progress."",""CRC"":""6266934F"",""EXTRACTED"":1790323804875,""SHAPE__Area"":12111675.8671875,""SHAPE__Length"":14360.890048109068}"
2026-09-25T09:45:37Z,2026-09-25T19:45:37+10:00,au.qld.ergon,Ergon Energy,au.qld.ergon|unplanned|910566,910566,unplanned,Crews working on-site,The loss of supply is due to damage requiring emergency repairs.,5,true,EMERALD,"FOLEY RD, LOCHARBOR RD, MOODEWARRA RD",2026-09-25T08:11:26Z,,148.3232655,-23.4831032,Central Highlands Regional,2270,https://services.arcgis.com/33eHbTVqo7gtiCE8/arcgis/rest/services/VwErgonOutages/FeatureServer/0,Polygon,"{""type"":""Polygon"",""coordinates"":[[[148.310105107179,-23.48851711914],[148.309610193731,-23.4878863611374],[148.315144910006,-23.4762376720351],[148.315672980799,-23.4759733982345],[148.319924542364,-23.476620619351],[148.320020969039,-23.4766448340431],[148.342867751498,-23.4847694070718],[148.343176697718,-23.4852520617917],[148.342738321287,-23.4856402194772],[148.310105107179,-23.48851711914]]]}","{""OBJECTID"":910566,""EVENT_ID"":""26CA10758"",""TYPE"":""UNPLANNED"",""STATUS"":""Crews working on-site"",""CUSTOMERS_AFFECTED"":5,""SUBURBS"":""EMERALD"",""STREETS"":""FOLEY RD, LOCHARBOR RD, MOODEWARRA RD"",""START"":1790323886000,""FINISH"":null,""EST_FIX_TIME"":null,""REASON"":""The loss of supply is due to damage requiring emergency repairs. "",""CRC"":""B541AE18"",""EXTRACTED"":1790327104897,""SHAPE__Area"":3059625.9921875,""SHAPE__Length"":8707.37931726895}"
2026-09-25T09:45:37Z,2026-09-25T19:45:37+10:00,au.qld.ergon,Ergon Energy,au.qld.ergon|unplanned|910567,910567,unplanned,Crews working on-site,The loss of supply is to allow emergency maintenance of the electricity network.,4,true,KINGAROY,COUCHMANS RD,2026-09-25T08:51:00Z,,151.8418614,-26.4914338,South Burnett Regional,6630,https://services.arcgis.com/33eHbTVqo7gtiCE8/arcgis/rest/services/VwErgonOutages/FeatureServer/0,Polygon,"{""type"":""Polygon"",""coordinates"":[[[151.839792406885,-26.4917550329951],[151.839390506246,-26.4913294537006],[151.83975811802,-26.4908794743987],[151.840960717226,-26.4905825949737],[151.841172331921,-26.4905722387711],[151.843473261436,-26.4909044267126],[151.843880759688,-26.4912449213438],[151.844045530474,-26.4918694106023],[151.843460731398,-26.492414830734],[151.839792406885,-26.4917550329951]]]}","{""OBJECTID"":910567,""EVENT_ID"":""26WB8874"",""TYPE"":""UNPLANNED"",""STATUS"":""Crews working on-site"",""CUSTOMERS_AFFECTED"":4,""SUBURBS"":""KINGAROY"",""STREETS"":""COUCHMANS RD"",""START"":1790326260000,""FINISH"":null,""EST_FIX_TIME"":null,""REASON"":""The loss of supply is to allow emergency maintenance of the electricity network."",""CRC"":""E3429A87"",""EXTRACTED"":1790326504438,""SHAPE__Area"":79198.7578125,""SHAPE__Length"":1212.9648486035671}"
2026-09-25T09:45:37Z,2026-09-25T19:45:37+10:00,au.qld.ergon,Ergon Energy,au.qld.ergon|unplanned|910568,910568,unplanned,Crews on route,The loss of supply is due to damage requiring emergency repairs. Fault finding is in progress.,192,true,"BROOKSTEAD, KINCORA, NORTH BRANCH, PAMPAS, PITTSWORTH, SCRUBBY MOUNTAIN, YARRANLEA","BALMORAL RD, BANTRY RD, BLACK GULLY RD, BOUNDARY RD, BYCULLA RD, CLIFTON PITTSWORTH RD, CLIFTON RD, CLIFTON-PITTSWORTH RD, DESMOND LANE, FAIRWAY DR, GIBBS RD, GORE HWY, GUNBOWER RD, HEINEMANN RD, HOGARTH RD, HOLMES RD, JANZ RD, JENTZ RD, KEENE RD, KINCORA RD, LESLIE BRIDGE RD, LOCK RD, MADDERN RD, MANN SILO RD, MORRISON RD, PITTSWORTH-SCRUBBY RD, QUINNS RD, SCHICK RD, SCRUBBY HALL RD, SCRUBBY RD, STIRLING RD, SULLIVAN RD, TUMMAVILLE RD, VALERA RD, YARRAMALONG RD",2026-09-25T08:25:00Z,,151.5722191,-27.7983368,Toowoomba Regional,6910,https://services.arcgis.com/33eHbTVqo7gtiCE8/arcgis/rest/services/VwErgonOutages/FeatureServer/0,Polygon,"{""type"":""Polygon"",""coordinates"":[[[151.439265846837,-27.7786823418154],[151.439478740946,-27.7779420690821],[151.569106094655,-27.7412705169937],[151.569108469699,-27.7412698495234],[151.59128559933,-27.7350886083427],[151.591290041376,-27.7350873897455],[151.626531433313,-27.7255718880245],[151.626726885739,-27.725554543008],[151.630763121807,-27.7259001782065],[151.630882191043,-27.7259235048766],[151.632172101449,-27.7263262777917],[151.63219813744,-27.7263351313384],[151.638310337387,-27.7285869787555],[151.638604637837,-27.7288835381451],[151.658851934183,-27.7943219399222],[151.658850393541,-27.7945658592099],[151.637928079406,-27.8592527725652],[151.637921889453,-27.8592705149378],[151.632017831493,-27.8750340794936],[151.631496106566,-27.8753406263477],[151.600867348459,-27.8731265553788],[151.600702749238,-27.8730892487524],[151.531781607113,-27.8458477384698],[151.531676258242,-27.8457915664336],[151.45212305616,-27.7906433889293],[151.452068461996,-27.790599468547],[151.439265846837,-27.7786823418154]]]}","{""OBJECTID"":910568,""EVENT_ID"":""26SW11693"",""TYPE"":""UNPLANNED"",""STATUS"":""Crews on route"",""CUSTOMERS_AFFECTED"":192,""SUBURBS"":""BROOKSTEAD, KINCORA, NORTH BRANCH, PAMPAS, PITTSWORTH, SCRUBBY MOUNTAIN, YARRANLEA"",""STREETS"":""BALMORAL RD, BANTRY RD, BLACK GULLY RD, BOUNDARY RD, BYCULLA RD, CLIFTON PITTSWORTH RD, CLIFTON RD, CLIFTON-PITTSWORTH RD, DESMOND LANE, FAIRWAY DR, GIBBS RD, GORE HWY, GUNBOWER RD, HEINEMANN RD, HOGARTH RD, HOLMES RD, JANZ RD, JENTZ RD, KEENE RD, KINCORA RD, LESLIE BRIDGE RD, LOCK RD, MADDERN RD, MANN SILO RD, MORRISON RD, PITTSWORTH-SCRUBBY RD, QUINNS RD, SCHICK RD, SCRUBBY HALL RD, SCRUBBY RD, STIRLING RD, SULLIVAN RD, TUMMAVILLE RD, VALERA RD, YARRAMALONG RD"",""START"":1790324700000,""FINISH"":null,""EST_FIX_TIME"":null,""REASON"":""The loss of supply is due to damage requiring emergency repairs. Fault finding is in progress."",""CRC"":""0C6D2357"",""EXTRACTED"":1790327104897,""SHAPE__Area"":271349576.84375,""SHAPE__Length"":67749.53351673843}"
2026-09-25T10:00:59Z,2026-09-25T20:00:59+10:00,au.qld.energex,Energex,au.qld.energex|unplanned|INCD-983594-g,INCD-983594-g,unplanned,Awaiting,Emergency Repairs,30,true,PULLENVALE,"LYNDALE RD, PULLENVALE RD",2026-09-25T05:33:02Z,2026-09-25T11:30:00Z,152.8906893,-27.5163202,Brisbane City,1000,https://services.arcgis.com/bfVzktoY0OhzQCDj/ArcGIS/rest/services/VwEnergexOutages/FeatureServer/0,Polygon,"{""type"":""Polygon"",""coordinates"":[[[152.885369970362,-27.5173190904535],[152.885264903725,-27.5165517254271],[152.888562068977,-27.5142502730629],[152.888840658839,-27.5141552919698],[152.894998564875,-27.5137909824774],[152.895191609622,-27.5138129815099],[152.895462498775,-27.5138931619176],[152.895747146533,-27.5145382105028],[152.893516677428,-27.5181732768988],[152.893244766653,-27.5183810933283],[152.890551316833,-27.5192499275824],[152.890172055026,-27.5192373980885],[152.885369970362,-27.5173190904535]]]}","{""OBJECTID"":413255,""EVENT_ID"":""INCD-983594-g"",""TYPE"":""UNPLANNED"",""STATUS"":""Awaiting"",""CUSTOMERS_AFFECTED"":30,""SUBURBS"":""PULLENVALE"",""STREETS"":""LYNDALE RD, PULLENVALE RD"",""START"":1790314382876,""FINISH"":null,""EST_FIX_TIME"":1790335800000,""REASON"":""Emergency Repairs"",""CRC"":""BDAD546A"",""EXTRACTED"":1790328004611,""SHAPE__Area"":527265.8984375,""SHAPE__Length"":2931.7520249679224}"
2026-09-25T10:00:59Z,2026-09-25T20:00:59+10:00,au.qld.energex,Energex,au.qld.energex|unplanned|INCD-983617-g,INCD-983617-g,unplanned,Awaiting,Emergency Repairs,19,true,ARATULA,ADAM DR,2026-09-25T08:42:52Z,2026-09-25T11:30:00Z,152.5336376,-27.9861001,Scenic Rim Regional,6510,https://services.arcgis.com/bfVzktoY0OhzQCDj/ArcGIS/rest/services/VwEnergexOutages/FeatureServer/0,Polygon,"{""type"":""Polygon"",""coordinates"":[[[152.532840497947,-27.9884260277265],[152.532253670298,-27.9885081764334],[152.531979633629,-27.9880402788407],[152.532560321383,-27.9844964582856],[152.53318244529,-27.984122602115],[152.534581584076,-27.9844215256569],[152.534783127132,-27.9845099685021],[152.53572415495,-27.9851883057985],[152.535761342941,-27.9858594616754],[152.532840497947,-27.9884260277265]]]}","{""OBJECTID"":413256,""EVENT_ID"":""INCD-983617-g"",""TYPE"":""UNPLANNED"",""STATUS"":""Awaiting"",""CUSTOMERS_AFFECTED"":19,""SUBURBS"":""ARATULA"",""STREETS"":""ADAM DR"",""START"":1790325772032,""FINISH"":null,""EST_FIX_TIME"":1790335800000,""REASON"":""Emergency Repairs"",""CRC"":""33B5E2FF"",""EXTRACTED"":1790325904436,""SHAPE__Area"":142184.8984375,""SHAPE__Length"":1531.6334054380443}"
2026-09-25T10:00:59Z,2026-09-25T20:00:59+10:00,au.qld.ergon,Ergon Energy,au.qld.ergon|unplanned|910569,910569,unplanned,Crews working on-site,The loss of supply is due to damage requiring emergency repairs.,3,true,"ASHFIELD, WINDERMERE",ASHFIELD RD,2026-09-25T07:27:31Z,,152.4048441,-24.8609148,Bundaberg Regional,1820,https://services.arcgis.com/33eHbTVqo7gtiCE8/arcgis/rest/services/VwErgonOutages/FeatureServer/0,Polygon,"{""type"":""Polygon"",""coordinates"":[[[152.403930283017,-24.8604504933304],[152.404076855817,-24.8598902459842],[152.404707280819,-24.859920662364],[152.405510595137,-24.8606000141898],[152.405667247144,-24.8609619406821],[152.405612726112,-24.8616602514187],[152.405216221107,-24.8620696915838],[152.404679071683,-24.861828160766],[152.403930283017,-24.8604504933304]]]}","{""OBJECTID"":910569,""EVENT_ID"":""26WB8876"",""TYPE"":""UNPLANNED"",""STATUS"":""Crews working on-site"",""CUSTOMERS_AFFECTED"":3,""SUBURBS"":""ASHFIELD, WINDERMERE"",""STREETS"":""ASHFIELD RD"",""START"":1790321251000,""FINISH"":null,""EST_FIX_TIME"":null,""REASON"":""The loss of supply is due to damage requiring emergency repairs. "",""CRC"":""7FB8ABF1"",""EXTRACTED"":1790328905260,""SHAPE__Area"":32970.85546875,""SHAPE__Length"":718.8306324494094}"
2026-09-25T10:00:59Z,2026-09-25T20:00:59+10:00,au.qld.ergon,Ergon Energy,au.qld.ergon|unplanned|910564,910564,unplanned,Crews working on-site,The loss of supply is due to damage requiring emergency repairs. Fault finding is in progress.,49,true,"MENA CREEK, UTCHEE CREEK","FRANCIS RD, HOLDER RD, MCFADDEN RD, MENA CREEK RD, ROBERTSON RD, SERES RD",2026-09-25T04:40:42Z,2026-09-25T10:00:00Z,145.9050139,-17.6699220,Cassowary Coast Regional,2260,https://services.arcgis.com/33eHbTVqo7gtiCE8/arcgis/rest/services/VwErgonOutages/FeatureServer/0,Polygon,"{""type"":""Polygon"",""coordinates"":[[[145.875525106521,-17.6689773714442],[145.875596469171,-17.6682038724249],[145.897048607942,-17.658297992716],[145.897264714082,-17.658253352954],[145.921457472542,-17.6588202426978],[145.921741491091,-17.6589199464314],[145.925510651416,-17.6618278714429],[145.925676152542,-17.6620857808928],[145.928135025606,-17.6731528447139],[145.928141767618,-17.6731912397212],[145.928714517567,-17.677608061941],[145.928329821086,-17.6781086043276],[145.902225013731,-17.6825878017522],[145.902102455122,-17.6825932737903],[145.899053449792,-17.6823472702189],[145.898892441828,-17.6823059293234],[145.887159043754,-17.6770179565747],[145.887083738594,-17.6769754321872],[145.875525106521,-17.6689773714442]]]}","{""OBJECTID"":910564,""EVENT_ID"":""26FN9477"",""TYPE"":""UNPLANNED"",""STATUS"":""Crews working on-site"",""CUSTOMERS_AFFECTED"":49,""SUBURBS"":""MENA CREEK, UTCHEE CREEK"",""STREETS"":""FRANCIS RD, HOLDER RD, MCFADDEN RD, MENA CREEK RD, ROBERTSON RD, SERES RD"",""START"":1790311242000,""FINISH"":null,""EST_FIX_TIME"":1790330400000,""REASON"":""The loss of supply is due to damage requiring emergency repairs. Fault finding is in progress."",""CRC"":""6266934F"",""EXTRACTED"":1790323804875,""SHAPE__Area"":12111675.8671875,""SHAPE__Length"":14360.890048109068}"
2026-09-25T10:00:59Z,2026-09-25T20:00:59+10:00,au.qld.ergon,Ergon Energy,au.qld.ergon|unplanned|910567,910567,unplanned,Crews working on-site,The loss of supply is to allow emergency maintenance of the electricity network.,4,true,KINGAROY,COUCHMANS RD,2026-09-25T08:51:00Z,,151.8418614,-26.4914338,South Burnett Regional,6630,https://services.arcgis.com/33eHbTVqo7gtiCE8/arcgis/rest/services/VwErgonOutages/FeatureServer/0,Polygon,"{""type"":""Polygon"",""coordinates"":[[[151.839792406885,-26.4917550329951],[151.839390506246,-26.4913294537006],[151.83975811802,-26.4908794743987],[151.840960717226,-26.4905825949737],[151.841172331921,-26.4905722387711],[151.843473261436,-26.4909044267126],[151.843880759688,-26.4912449213438],[151.844045530474,-26.4918694106023],[151.843460731398,-26.492414830734],[151.839792406885,-26.4917550329951]]]}","{""OBJECTID"":910567,""EVENT_ID"":""26WB8874"",""TYPE"":""UNPLANNED"",""STATUS"":""Crews working on-site"",""CUSTOMERS_AFFECTED"":4,""SUBURBS"":""KINGAROY"",""STREETS"":""COUCHMANS RD"",""START"":1790326260000,""FINISH"":null,""EST_FIX_TIME"":null,""REASON"":""The loss of supply is to allow emergency maintenance of the electricity network."",""CRC"":""E3429A87"",""EXTRACTED"":1790326504438,""SHAPE__Area"":79198.7578125,""SHAPE__Length"":1212.9648486035671}"
2026-09-25T10:00:59Z,2026-09-25T20:00:59+10:00,au.qld.ergon,Ergon Energy,au.qld.ergon|unplanned|910568,910568,unplanned,Crews on route,The loss of supply is due to damage requiring emergency repairs. Fault finding is in progress.,192,true,"BROOKSTEAD, KINCORA, NORTH BRANCH, PAMPAS, PITTSWORTH, SCRUBBY MOUNTAIN, YARRANLEA","BALMORAL RD, BANTRY RD, BLACK GULLY RD, BOUNDARY RD, BYCULLA RD, CLIFTON PITTSWORTH RD, CLIFTON RD, CLIFTON-PITTSWORTH RD, DESMOND LANE, FAIRWAY DR, GIBBS RD, GORE HWY, GUNBOWER RD, HEINEMANN RD, HOGARTH RD, HOLMES RD, JANZ RD, JENTZ RD, KEENE RD, KINCORA RD, LESLIE BRIDGE RD, LOCK RD, MADDERN RD, MANN SILO RD, MORRISON RD, PITTSWORTH-SCRUBBY RD, QUINNS RD, SCHICK RD, SCRUBBY HALL RD, SCRUBBY RD, STIRLING RD, SULLIVAN RD, TUMMAVILLE RD, VALERA RD, YARRAMALONG RD",2026-09-25T08:25:00Z,,151.5722191,-27.7983368,Toowoomba Regional,6910,https://services.arcgis.com/33eHbTVqo7gtiCE8/arcgis/rest/services/VwErgonOutages/FeatureServer/0,Polygon,"{""type"":""Polygon"",""coordinates"":[[[151.439265846837,-27.7786823418154],[151.439478740946,-27.7779420690821],[151.569106094655,-27.7412705169937],[151.569108469699,-27.7412698495234],[151.59128559933,-27.7350886083427],[151.591290041376,-27.7350873897455],[151.626531433313,-27.7255718880245],[151.626726885739,-27.725554543008],[151.630763121807,-27.7259001782065],[151.630882191043,-27.7259235048766],[151.632172101449,-27.7263262777917],[151.63219813744,-27.7263351313384],[151.638310337387,-27.7285869787555],[151.638604637837,-27.7288835381451],[151.658851934183,-27.7943219399222],[151.658850393541,-27.7945658592099],[151.637928079406,-27.8592527725652],[151.637921889453,-27.8592705149378],[151.632017831493,-27.8750340794936],[151.631496106566,-27.8753406263477],[151.600867348459,-27.8731265553788],[151.600702749238,-27.8730892487524],[151.531781607113,-27.8458477384698],[151.531676258242,-27.8457915664336],[151.45212305616,-27.7906433889293],[151.452068461996,-27.790599468547],[151.439265846837,-27.7786823418154]]]}","{""OBJECTID"":910568,""EVENT_ID"":""26SW11693"",""TYPE"":""UNPLANNED"",""STATUS"":""Crews on route"",""CUSTOMERS_AFFECTED"":192,""SUBURBS"":""BROOKSTEAD, KINCORA, NORTH BRANCH, PAMPAS, PITTSWORTH, SCRUBBY MOUNTAIN, YARRANLEA"",""STREETS"":""BALMORAL RD, BANTRY RD, BLACK GULLY RD, BOUNDARY RD, BYCULLA RD, CLIFTON PITTSWORTH RD, CLIFTON RD, CLIFTON-PITTSWORTH RD, DESMOND LANE, FAIRWAY DR, GIBBS RD, GORE HWY, GUNBOWER RD, HEINEMANN RD, HOGARTH RD, HOLMES RD, JANZ RD, JENTZ RD, KEENE RD, KINCORA RD, LESLIE BRIDGE RD, LOCK RD, MADDERN RD, MANN SILO RD, MORRISON RD, PITTSWORTH-SCRUBBY RD, QUINNS RD, SCHICK RD, SCRUBBY HALL RD, SCRUBBY RD, STIRLING RD, SULLIVAN RD, TUMMAVILLE RD, VALERA RD, YARRAMALONG RD"",""START"":1790324700000,""FINISH"":null,""EST_FIX_TIME"":null,""REASON"":""The loss of supply is due to damage requiring emergency repairs. Fault finding is in progress."",""CRC"":""0C6D2357"",""EXTRACTED"":1790327104897,""SHAPE__Area"":271349576.84375,""SHAPE__Length"":67749.53351673843}"
2026-09-25T10:15:39Z,2026-09-25T20:15:39+10:00,au.qld.energex,Energex,au.qld.energex|unplanned|INCD-983594-g,INCD-983594-g,unplanned,Awaiting,Emergency Repairs,30,true,PULLENVALE,"LYNDALE RD, PULLENVALE RD",2026-09-25T05:33:02Z,2026-09-25T11:30:00Z,152.8906893,-27.5163202,Brisbane City,1000,https://services.arcgis.com/bfVzktoY0OhzQCDj/ArcGIS/rest/services/VwEnergexOutages/FeatureServer/0,Polygon,"{""type"":""Polygon"",""coordinates"":[[[152.885369970362,-27.5173190904535],[152.885264903725,-27.5165517254271],[152.888562068977,-27.5142502730629],[152.888840658839,-27.5141552919698],[152.894998564875,-27.5137909824774],[152.895191609622,-27.5138129815099],[152.895462498775,-27.5138931619176],[152.895747146533,-27.5145382105028],[152.893516677428,-27.5181732768988],[152.893244766653,-27.5183810933283],[152.890551316833,-27.5192499275824],[152.890172055026,-27.5192373980885],[152.885369970362,-27.5173190904535]]]}","{""OBJECTID"":413255,""EVENT_ID"":""INCD-983594-g"",""TYPE"":""UNPLANNED"",""STATUS"":""Awaiting"",""CUSTOMERS_AFFECTED"":30,""SUBURBS"":""PULLENVALE"",""STREETS"":""LYNDALE RD, PULLENVALE RD"",""START"":1790314382876,""FINISH"":null,""EST_FIX_TIME"":1790335800000,""REASON"":""Emergency Repairs"",""CRC"":""BDAD546A"",""EXTRACTED"":1790328004611,""SHAPE__Area"":527265.8984375,""SHAPE__Length"":2931.7520249679224}"
2026-09-25T10:15:39Z,2026-09-25T20:15:39+10:00,au.qld.ergon,Ergon Energy,au.qld.ergon|unplanned|910569,910569,unplanned,Crews working on-site,The loss of supply is due to damage requiring emergency repairs.,3,true,"ASHFIELD, WINDERMERE",ASHFIELD RD,2026-09-25T07:27:31Z,,152.4048441,-24.8609148,Bundaberg Regional,1820,https://services.arcgis.com/33eHbTVqo7gtiCE8/arcgis/rest/services/VwErgonOutages/FeatureServer/0,Polygon,"{""type"":""Polygon"",""coordinates"":[[[152.403930283017,-24.8604504933304],[152.404076855817,-24.8598902459842],[152.404707280819,-24.859920662364],[152.405510595137,-24.8606000141898],[152.405667247144,-24.8609619406821],[152.405612726112,-24.8616602514187],[152.405216221107,-24.8620696915838],[152.404679071683,-24.861828160766],[152.403930283017,-24.8604504933304]]]}","{""OBJECTID"":910569,""EVENT_ID"":""26WB8876"",""TYPE"":""UNPLANNED"",""STATUS"":""Crews working on-site"",""CUSTOMERS_AFFECTED"":3,""SUBURBS"":""ASHFIELD, WINDERMERE"",""STREETS"":""ASHFIELD RD"",""START"":1790321251000,""FINISH"":null,""EST_FIX_TIME"":null,""REASON"":""The loss of supply is due to damage requiring emergency repairs. "",""CRC"":""7FB8ABF1"",""EXTRACTED"":1790328905260,""SHAPE__Area"":32970.85546875,""SHAPE__Length"":718.8306324494094}"
2026-09-25T10:15:39Z,2026-09-25T20:15:39+10:00,au.qld.ergon,Ergon Energy,au.qld.ergon|unplanned|910564,910564,unplanned,Crews working on-site,The loss of supply is due to damage requiring emergency repairs. Fault finding is in progress.,49,true,"MENA CREEK, UTCHEE CREEK","FRANCIS RD, HOLDER RD, MCFADDEN RD, MENA CREEK RD, ROBERTSON RD, SERES RD",2026-09-25T04:40:42Z,2026-09-25T10:00:00Z,145.9050139,-17.6699220,Cassowary Coast Regional,2260,https://services.arcgis.com/33eHbTVqo7gtiCE8/arcgis/rest/services/VwErgonOutages/FeatureServer/0,Polygon,"{""type"":""Polygon"",""coordinates"":[[[145.875525106521,-17.6689773714442],[145.875596469171,-17.6682038724249],[145.897048607942,-17.658297992716],[145.897264714082,-17.658253352954],[145.921457472542,-17.6588202426978],[145.921741491091,-17.6589199464314],[145.925510651416,-17.6618278714429],[145.925676152542,-17.6620857808928],[145.928135025606,-17.6731528447139],[145.928141767618,-17.6731912397212],[145.928714517567,-17.677608061941],[145.928329821086,-17.6781086043276],[145.902225013731,-17.6825878017522],[145.902102455122,-17.6825932737903],[145.899053449792,-17.6823472702189],[145.898892441828,-17.6823059293234],[145.887159043754,-17.6770179565747],[145.887083738594,-17.6769754321872],[145.875525106521,-17.6689773714442]]]}","{""OBJECTID"":910564,""EVENT_ID"":""26FN9477"",""TYPE"":""UNPLANNED"",""STATUS"":""Crews working on-site"",""CUSTOMERS_AFFECTED"":49,""SUBURBS"":""MENA CREEK, UTCHEE CREEK"",""STREETS"":""FRANCIS RD, HOLDER RD, MCFADDEN RD, MENA CREEK RD, ROBERTSON RD, SERES RD"",""START"":1790311242000,""FINISH"":null,""EST_FIX_TIME"":1790330400000,""REASON"":""The loss of supply is due to damage requiring emergency repairs. Fault finding is in progress."",""CRC"":""6266934F"",""EXTRACTED"":1790323804875,""SHAPE__Area"":12111675.8671875,""SHAPE__Length"":14360.890048109068}"
2026-09-25T10:15:39Z,2026-09-25T20:15:39+10:00,au.qld.ergon,Ergon Energy,au.qld.ergon|unplanned|910567,910567,unplanned,Crews working on-site,The loss of supply is to allow emergency maintenance of the electricity network.,4,true,KINGAROY,COUCHMANS RD,2026-09-25T08:51:00Z,,151.8418614,-26.4914338,South Burnett Regional,6630,https://services.arcgis.com/33eHbTVqo7gtiCE8/arcgis/rest/services/VwErgonOutages/FeatureServer/0,Polygon,"{""type"":""Polygon"",""coordinates"":[[[151.839792406885,-26.4917550329951],[151.839390506246,-26.4913294537006],[151.83975811802,-26.4908794743987],[151.840960717226,-26.4905825949737],[151.841172331921,-26.4905722387711],[151.843473261436,-26.4909044267126],[151.843880759688,-26.4912449213438],[151.844045530474,-26.4918694106023],[151.843460731398,-26.492414830734],[151.839792406885,-26.4917550329951]]]}","{""OBJECTID"":910567,""EVENT_ID"":""26WB8874"",""TYPE"":""UNPLANNED"",""STATUS"":""Crews working on-site"",""CUSTOMERS_AFFECTED"":4,""SUBURBS"":""KINGAROY"",""STREETS"":""COUCHMANS RD"",""START"":1790326260000,""FINISH"":null,""EST_FIX_TIME"":null,""REASON"":""The loss of supply is to allow emergency maintenance of the electricity network."",""CRC"":""E3429A87"",""EXTRACTED"":1790326504438,""SHAPE__Area"":79198.7578125,""SHAPE__Length"":1212.9648486035671}"
2026-09-25T10:15:39Z,2026-09-25T20:15:39+10:00,au.qld.ergon,Ergon Energy,au.qld.ergon|unplanned|910568,910568,unplanned,Crews on route,The loss of supply is due to damage requiring emergency repairs. Fault finding is in progress.,192,true,"BROOKSTEAD, KINCORA, NORTH BRANCH, PAMPAS, PITTSWORTH, SCRUBBY MOUNTAIN, YARRANLEA","BALMORAL RD, BANTRY RD, BLACK GULLY RD, BOUNDARY RD, BYCULLA RD, CLIFTON PITTSWORTH RD, CLIFTON RD, CLIFTON-PITTSWORTH RD, DESMOND LANE, FAIRWAY DR, GIBBS RD, GORE HWY, GUNBOWER RD, HEINEMANN RD, HOGARTH RD, HOLMES RD, JANZ RD, JENTZ RD, KEENE RD, KINCORA RD, LESLIE BRIDGE RD, LOCK RD, MADDERN RD, MANN SILO RD, MORRISON RD, PITTSWORTH-SCRUBBY RD, QUINNS RD, SCHICK RD, SCRUBBY HALL RD, SCRUBBY RD, STIRLING RD, SULLIVAN RD, TUMMAVILLE RD, VALERA RD, YARRAMALONG RD",2026-09-25T08:25:00Z,,151.5722191,-27.7983368,Toowoomba Regional,6910,https://services.arcgis.com/33eHbTVqo7gtiCE8/arcgis/rest/services/VwErgonOutages/FeatureServer/0,Polygon,"{""type"":""Polygon"",""coordinates"":[[[151.439265846837,-27.7786823418154],[151.439478740946,-27.7779420690821],[151.569106094655,-27.7412705169937],[151.569108469699,-27.7412698495234],[151.59128559933,-27.7350886083427],[151.591290041376,-27.7350873897455],[151.626531433313,-27.7255718880245],[151.626726885739,-27.725554543008],[151.630763121807,-27.7259001782065],[151.630882191043,-27.7259235048766],[151.632172101449,-27.7263262777917],[151.63219813744,-27.7263351313384],[151.638310337387,-27.7285869787555],[151.638604637837,-27.7288835381451],[151.658851934183,-27.7943219399222],[151.658850393541,-27.7945658592099],[151.637928079406,-27.8592527725652],[151.637921889453,-27.8592705149378],[151.632017831493,-27.8750340794936],[151.631496106566,-27.8753406263477],[151.600867348459,-27.8731265553788],[151.600702749238,-27.8730892487524],[151.531781607113,-27.8458477384698],[151.531676258242,-27.8457915664336],[151.45212305616,-27.7906433889293],[151.452068461996,-27.790599468547],[151.439265846837,-27.7786823418154]]]}","{""OBJECTID"":910568,""EVENT_ID"":""26SW11693"",""TYPE"":""UNPLANNED"",""STATUS"":""Crews on route"",""CUSTOMERS_AFFECTED"":192,""SUBURBS"":""BROOKSTEAD, KINCORA, NORTH BRANCH, PAMPAS, PITTSWORTH, SCRUBBY MOUNTAIN, YARRANLEA"",""STREETS"":""BALMORAL RD, BANTRY RD, BLACK GULLY RD, BOUNDARY RD, BYCULLA RD, CLIFTON PITTSWORTH RD, CLIFTON RD, CLIFTON-PITTSWORTH RD, DESMOND LANE, FAIRWAY DR, GIBBS RD, GORE HWY, GUNBOWER RD, HEINEMANN RD, HOGARTH RD, HOLMES RD, JANZ RD, JENTZ RD, KEENE RD, KINCORA RD, LESLIE BRIDGE RD, LOCK RD, MADDERN RD, MANN SILO RD, MORRISON RD, PITTSWORTH-SCRUBBY RD, QUINNS RD, SCHICK RD, SCRUBBY HALL RD, SCRUBBY RD, STIRLING RD, SULLIVAN RD, TUMMAVILLE RD, VALERA RD, YARRAMALONG RD"",""START"":1790324700000,""FINISH"":null,""EST_FIX_TIME"":null,""REASON"":""The loss of supply is due to damage requiring emergency repairs. Fault finding is in progress."",""CRC"":""0C6D2357"",""EXTRACTED"":1790327104897,""SHAPE__Area"":271349576.84375,""SHAPE__Length"":67749.53351673843}"
2026-09-25T10:30:50Z,2026-09-25T20:30:50+10:00,au.qld.energex,Energex,au.qld.energex|unplanned|INCD-983594-g,INCD-983594-g,unplanned,Awaiting,Emergency Repairs,30,true,PULLENVALE,"LYNDALE RD, PULLENVALE RD",2026-09-25T05:33:02Z,2026-09-25T11:30:00Z,152.8906893,-27.5163202,Brisbane City,1000,https://services.arcgis.com/bfVzktoY0OhzQCDj/ArcGIS/rest/services/VwEnergexOutages/FeatureServer/0,Polygon,"{""type"":""Polygon"",""coordinates"":[[[152.885369970362,-27.5173190904535],[152.885264903725,-27.5165517254271],[152.888562068977,-27.5142502730629],[152.888840658839,-27.5141552919698],[152.894998564875,-27.5137909824774],[152.895191609622,-27.5138129815099],[152.895462498775,-27.5138931619176],[152.895747146533,-27.5145382105028],[152.893516677428,-27.5181732768988],[152.893244766653,-27.5183810933283],[152.890551316833,-27.5192499275824],[152.890172055026,-27.5192373980885],[152.885369970362,-27.5173190904535]]]}","{""OBJECTID"":413255,""EVENT_ID"":""INCD-983594-g"",""TYPE"":""UNPLANNED"",""STATUS"":""Awaiting"",""CUSTOMERS_AFFECTED"":30,""SUBURBS"":""PULLENVALE"",""STREETS"":""LYNDALE RD, PULLENVALE RD"",""START"":1790314382876,""FINISH"":null,""EST_FIX_TIME"":1790335800000,""REASON"":""Emergency Repairs"",""CRC"":""BDAD546A"",""EXTRACTED"":1790328004611,""SHAPE__Area"":527265.8984375,""SHAPE__Length"":2931.7520249679224}"
2026-09-25T10:30:50Z,2026-09-25T20:30:50+10:00,au.qld.ergon,Ergon Energy,au.qld.ergon|unplanned|910569,910569,unplanned,Crews working on-site,The loss of supply is due to damage requiring emergency repairs.,3,true,"ASHFIELD, WINDERMERE",ASHFIELD RD,2026-09-25T07:27:31Z,,152.4048441,-24.8609148,Bundaberg Regional,1820,https://services.arcgis.com/33eHbTVqo7gtiCE8/arcgis/rest/services/VwErgonOutages/FeatureServer/0,Polygon,"{""type"":""Polygon"",""coordinates"":[[[152.403930283017,-24.8604504933304],[152.404076855817,-24.8598902459842],[152.404707280819,-24.859920662364],[152.405510595137,-24.8606000141898],[152.405667247144,-24.8609619406821],[152.405612726112,-24.8616602514187],[152.405216221107,-24.8620696915838],[152.404679071683,-24.861828160766],[152.403930283017,-24.8604504933304]]]}","{""OBJECTID"":910569,""EVENT_ID"":""26WB8876"",""TYPE"":""UNPLANNED"",""STATUS"":""Crews working on-site"",""CUSTOMERS_AFFECTED"":3,""SUBURBS"":""ASHFIELD, WINDERMERE"",""STREETS"":""ASHFIELD RD"",""START"":1790321251000,""FINISH"":null,""EST_FIX_TIME"":null,""REASON"":""The loss of supply is due to damage requiring emergency repairs. "",""CRC"":""7FB8ABF1"",""EXTRACTED"":1790328905260,""SHAPE__Area"":32970.85546875,""SHAPE__Length"":718.8306324494094}"
2026-09-25T10:30:50Z,2026-09-25T20:30:50+10:00,au.qld.ergon,Ergon Energy,au.qld.ergon|unplanned|910564,910564,unplanned,Crews working on-site,The loss of supply is due to damage requiring emergency repairs. Fault finding is in progress.,49,true,"MENA CREEK, UTCHEE CREEK","FRANCIS RD, HOLDER RD, MCFADDEN RD, MENA CREEK RD, ROBERTSON RD, SERES RD",2026-09-25T04:40:42Z,2026-09-25T10:00:00Z,145.9050139,-17.6699220,Cassowary Coast Regional,2260,https://services.arcgis.com/33eHbTVqo7gtiCE8/arcgis/rest/services/VwErgonOutages/FeatureServer/0,Polygon,"{""type"":""Polygon"",""coordinates"":[[[145.875525106521,-17.6689773714442],[145.875596469171,-17.6682038724249],[145.897048607942,-17.658297992716],[145.897264714082,-17.658253352954],[145.921457472542,-17.6588202426978],[145.921741491091,-17.6589199464314],[145.925510651416,-17.6618278714429],[145.925676152542,-17.6620857808928],[145.928135025606,-17.6731528447139],[145.928141767618,-17.6731912397212],[145.928714517567,-17.677608061941],[145.928329821086,-17.6781086043276],[145.902225013731,-17.6825878017522],[145.902102455122,-17.6825932737903],[145.899053449792,-17.6823472702189],[145.898892441828,-17.6823059293234],[145.887159043754,-17.6770179565747],[145.887083738594,-17.6769754321872],[145.875525106521,-17.6689773714442]]]}","{""OBJECTID"":910564,""EVENT_ID"":""26FN9477"",""TYPE"":""UNPLANNED"",""STATUS"":""Crews working on-site"",""CUSTOMERS_AFFECTED"":49,""SUBURBS"":""MENA CREEK, UTCHEE CREEK"",""STREETS"":""FRANCIS RD, HOLDER RD, MCFADDEN RD, MENA CREEK RD, ROBERTSON RD, SERES RD"",""START"":1790311242000,""FINISH"":null,""EST_FIX_TIME"":1790330400000,""REASON"":""The loss of supply is due to damage requiring emergency repairs. Fault finding is in progress."",""CRC"":""6266934F"",""EXTRACTED"":1790323804875,""SHAPE__Area"":12111675.8671875,""SHAPE__Length"":14360.890048109068}"
2026-09-25T10:30:50Z,2026-09-25T20:30:50+10:00,au.qld.ergon,Ergon Energy,au.qld.ergon|unplanned|910567,910567,unplanned,Crews working on-site,The loss of supply is to allow emergency maintenance of the electricity network.,4,true,KINGAROY,COUCHMANS RD,2026-09-25T08:51:00Z,,151.8418614,-26.4914338,South Burnett Regional,6630,https://services.arcgis.com/33eHbTVqo7gtiCE8/arcgis/rest/services/VwErgonOutages/FeatureServer/0,Polygon,"{""type"":""Polygon"",""coordinates"":[[[151.839792406885,-26.4917550329951],[151.839390506246,-26.4913294537006],[151.83975811802,-26.4908794743987],[151.840960717226,-26.4905825949737],[151.841172331921,-26.4905722387711],[151.843473261436,-26.4909044267126],[151.843880759688,-26.4912449213438],[151.844045530474,-26.4918694106023],[151.843460731398,-26.492414830734],[151.839792406885,-26.4917550329951]]]}","{""OBJECTID"":910567,""EVENT_ID"":""26WB8874"",""TYPE"":""UNPLANNED"",""STATUS"":""Crews working on-site"",""CUSTOMERS_AFFECTED"":4,""SUBURBS"":""KINGAROY"",""STREETS"":""COUCHMANS RD"",""START"":1790326260000,""FINISH"":null,""EST_FIX_TIME"":null,""REASON"":""The loss of supply is to allow emergency maintenance of the electricity network."",""CRC"":""E3429A87"",""EXTRACTED"":1790326504438,""SHAPE__Area"":79198.7578125,""SHAPE__Length"":1212.9648486035671}"
2026-09-25T10:30:50Z,2026-09-25T20:30:50+10:00,au.qld.ergon,Ergon Energy,au.qld.ergon|unplanned|910568,910568,unplanned,Crews on route,The loss of supply is due to damage requiring emergency repairs. Fault finding is in progress.,192,true,"BROOKSTEAD, KINCORA, NORTH BRANCH, PAMPAS, PITTSWORTH, SCRUBBY MOUNTAIN, YARRANLEA","BALMORAL RD, BANTRY RD, BLACK GULLY RD, BOUNDARY RD, BYCULLA RD, CLIFTON PITTSWORTH RD, CLIFTON RD, CLIFTON-PITTSWORTH RD, DESMOND LANE, FAIRWAY DR, GIBBS RD, GORE HWY, GUNBOWER RD, HEINEMANN RD, HOGARTH RD, HOLMES RD, JANZ RD, JENTZ RD, KEENE RD, KINCORA RD, LESLIE BRIDGE RD, LOCK RD, MADDERN RD, MANN SILO RD, MORRISON RD, PITTSWORTH-SCRUBBY RD, QUINNS RD, SCHICK RD, SCRUBBY HALL RD, SCRUBBY RD, STIRLING RD, SULLIVAN RD, TUMMAVILLE RD, VALERA RD, YARRAMALONG RD",2026-09-25T08:25:00Z,,151.5722191,-27.7983368,Toowoomba Regional,6910,https://services.arcgis.com/33eHbTVqo7gtiCE8/arcgis/rest/services/VwErgonOutages/FeatureServer/0,Polygon,"{""type"":""Polygon"",""coordinates"":[[[151.439265846837,-27.7786823418154],[151.439478740946,-27.7779420690821],[151.569106094655,-27.7412705169937],[151.569108469699,-27.7412698495234],[151.59128559933,-27.7350886083427],[151.591290041376,-27.7350873897455],[151.626531433313,-27.7255718880245],[151.626726885739,-27.725554543008],[151.630763121807,-27.7259001782065],[151.630882191043,-27.7259235048766],[151.632172101449,-27.7263262777917],[151.63219813744,-27.7263351313384],[151.638310337387,-27.7285869787555],[151.638604637837,-27.7288835381451],[151.658851934183,-27.7943219399222],[151.658850393541,-27.7945658592099],[151.637928079406,-27.8592527725652],[151.637921889453,-27.8592705149378],[151.632017831493,-27.8750340794936],[151.631496106566,-27.8753406263477],[151.600867348459,-27.8731265553788],[151.600702749238,-27.8730892487524],[151.531781607113,-27.8458477384698],[151.531676258242,-27.8457915664336],[151.45212305616,-27.7906433889293],[151.452068461996,-27.790599468547],[151.439265846837,-27.7786823418154]]]}","{""OBJECTID"":910568,""EVENT_ID"":""26SW11693"",""TYPE"":""UNPLANNED"",""STATUS"":""Crews on route"",""CUSTOMERS_AFFECTED"":192,""SUBURBS"":""BROOKSTEAD, KINCORA, NORTH BRANCH, PAMPAS, PITTSWORTH, SCRUBBY MOUNTAIN, YARRANLEA"",""STREETS"":""BALMORAL RD, BANTRY RD, BLACK GULLY RD, BOUNDARY RD, BYCULLA RD, CLIFTON PITTSWORTH RD, CLIFTON RD, CLIFTON-PITTSWORTH RD, DESMOND LANE, FAIRWAY DR, GIBBS RD, GORE HWY, GUNBOWER RD, HEINEMANN RD, HOGARTH RD, HOLMES RD, JANZ RD, JENTZ RD, KEENE RD, KINCORA RD, LESLIE BRIDGE RD, LOCK RD, MADDERN RD, MANN SILO RD, MORRISON RD, PITTSWORTH-SCRUBBY RD, QUINNS RD, SCHICK RD, SCRUBBY HALL RD, SCRUBBY RD, STIRLING RD, SULLIVAN RD, TUMMAVILLE RD, VALERA RD, YARRAMALONG RD"",""START"":1790324700000,""FINISH"":null,""EST_FIX_TIME"":null,""REASON"":""The loss of supply is due to damage requiring emergency repairs. Fault finding is in progress."",""CRC"":""0C6D2357"",""EXTRACTED"":1790327104897,""SHAPE__Area"":271349576.84375,""SHAPE__Length"":67749.53351673843}"
2026-09-25T10:45:41Z,2026-09-25T20:45:41+10:00,au.qld.energex,Energex,au.qld.energex|unplanned|INCD-983594-g,INCD-983594-g,unplanned,Awaiting,Emergency Repairs,30,true,PULLENVALE,"LYNDALE RD, PULLENVALE RD",2026-09-25T05:33:02Z,2026-09-25T11:30:00Z,152.8906893,-27.5163202,Brisbane City,1000,https://services.arcgis.com/bfVzktoY0OhzQCDj/ArcGIS/rest/services/VwEnergexOutages/FeatureServer/0,Polygon,"{""type"":""Polygon"",""coordinates"":[[[152.885369970362,-27.5173190904535],[152.885264903725,-27.5165517254271],[152.888562068977,-27.5142502730629],[152.888840658839,-27.5141552919698],[152.894998564875,-27.5137909824774],[152.895191609622,-27.5138129815099],[152.895462498775,-27.5138931619176],[152.895747146533,-27.5145382105028],[152.893516677428,-27.5181732768988],[152.893244766653,-27.5183810933283],[152.890551316833,-27.5192499275824],[152.890172055026,-27.5192373980885],[152.885369970362,-27.5173190904535]]]}","{""OBJECTID"":413255,""EVENT_ID"":""INCD-983594-g"",""TYPE"":""UNPLANNED"",""STATUS"":""Awaiting"",""CUSTOMERS_AFFECTED"":30,""SUBURBS"":""PULLENVALE"",""STREETS"":""LYNDALE RD, PULLENVALE RD"",""START"":1790314382876,""FINISH"":null,""EST_FIX_TIME"":1790335800000,""REASON"":""Emergency Repairs"",""CRC"":""BDAD546A"",""EXTRACTED"":1790328004611,""SHAPE__Area"":527265.8984375,""SHAPE__Length"":2931.7520249679224}"
2026-09-25T10:45:41Z,2026-09-25T20:45:41+10:00,au.qld.ergon,Ergon Energy,au.qld.ergon|unplanned|910569,910569,unplanned,Crews working on-site,The loss of supply is due to damage requiring emergency repairs.,3,true,"ASHFIELD, WINDERMERE",ASHFIELD RD,2026-09-25T07:27:31Z,,152.4048441,-24.8609148,Bundaberg Regional,1820,https://services.arcgis.com/33eHbTVqo7gtiCE8/arcgis/rest/services/VwErgonOutages/FeatureServer/0,Polygon,"{""type"":""Polygon"",""coordinates"":[[[152.403930283017,-24.8604504933304],[152.404076855817,-24.8598902459842],[152.404707280819,-24.859920662364],[152.405510595137,-24.8606000141898],[152.405667247144,-24.8609619406821],[152.405612726112,-24.8616602514187],[152.405216221107,-24.8620696915838],[152.404679071683,-24.861828160766],[152.403930283017,-24.8604504933304]]]}","{""OBJECTID"":910569,""EVENT_ID"":""26WB8876"",""TYPE"":""UNPLANNED"",""STATUS"":""Crews working on-site"",""CUSTOMERS_AFFECTED"":3,""SUBURBS"":""ASHFIELD, WINDERMERE"",""STREETS"":""ASHFIELD RD"",""START"":1790321251000,""FINISH"":null,""EST_FIX_TIME"":null,""REASON"":""The loss of supply is due to damage requiring emergency repairs. "",""CRC"":""7FB8ABF1"",""EXTRACTED"":1790328905260,""SHAPE__Area"":32970.85546875,""SHAPE__Length"":718.8306324494094}"
2026-09-25T10:45:41Z,2026-09-25T20:45:41+10:00,au.qld.ergon,Ergon Energy,au.qld.ergon|unplanned|910564,910564,unplanned,Crews working on-site,The loss of supply is due to damage requiring emergency repairs. Fault finding is in progress.,49,true,"MENA CREEK, UTCHEE CREEK","FRANCIS RD, HOLDER RD, MCFADDEN RD, MENA CREEK RD, ROBERTSON RD, SERES RD",2026-09-25T04:40:42Z,2026-09-25T10:00:00Z,145.9050139,-17.6699220,Cassowary Coast Regional,2260,https://services.arcgis.com/33eHbTVqo7gtiCE8/arcgis/rest/services/VwErgonOutages/FeatureServer/0,Polygon,"{""type"":""Polygon"",""coordinates"":[[[145.875525106521,-17.6689773714442],[145.875596469171,-17.6682038724249],[145.897048607942,-17.658297992716],[145.897264714082,-17.658253352954],[145.921457472542,-17.6588202426978],[145.921741491091,-17.6589199464314],[145.925510651416,-17.6618278714429],[145.925676152542,-17.6620857808928],[145.928135025606,-17.6731528447139],[145.928141767618,-17.6731912397212],[145.928714517567,-17.677608061941],[145.928329821086,-17.6781086043276],[145.902225013731,-17.6825878017522],[145.902102455122,-17.6825932737903],[145.899053449792,-17.6823472702189],[145.898892441828,-17.6823059293234],[145.887159043754,-17.6770179565747],[145.887083738594,-17.6769754321872],[145.875525106521,-17.6689773714442]]]}","{""OBJECTID"":910564,""EVENT_ID"":""26FN9477"",""TYPE"":""UNPLANNED"",""STATUS"":""Crews working on-site"",""CUSTOMERS_AFFECTED"":49,""SUBURBS"":""MENA CREEK, UTCHEE CREEK"",""STREETS"":""FRANCIS RD, HOLDER RD, MCFADDEN RD, MENA CREEK RD, ROBERTSON RD, SERES RD"",""START"":1790311242000,""FINISH"":null,""EST_FIX_TIME"":1790330400000,""REASON"":""The loss of supply is due to damage requiring emergency repairs. Fault finding is in progress."",""CRC"":""6266934F"",""EXTRACTED"":1790323804875,""SHAPE__Area"":12111675.8671875,""SHAPE__Length"":14360.890048109068}"
2026-09-25T10:45:41Z,2026-09-25T20:45:41+10:00,au.qld.ergon,Ergon Energy,au.qld.ergon|unplanned|910568,910568,unplanned,Crews on route,The loss of supply is due to damage requiring emergency repairs. Fault finding is in progress.,192,true,"BROOKSTEAD, KINCORA, NORTH BRANCH, PAMPAS, PITTSWORTH, SCRUBBY MOUNTAIN, YARRANLEA","BALMORAL RD, BANTRY RD, BLACK GULLY RD, BOUNDARY RD, BYCULLA RD, CLIFTON PITTSWORTH RD, CLIFTON RD, CLIFTON-PITTSWORTH RD, DESMOND LANE, FAIRWAY DR, GIBBS RD, GORE HWY, GUNBOWER RD, HEINEMANN RD, HOGARTH RD, HOLMES RD, JANZ RD, JENTZ RD, KEENE RD, KINCORA RD, LESLIE BRIDGE RD, LOCK RD, MADDERN RD, MANN SILO RD, MORRISON RD, PITTSWORTH-SCRUBBY RD, QUINNS RD, SCHICK RD, SCRUBBY HALL RD, SCRUBBY RD, STIRLING RD, SULLIVAN RD, TUMMAVILLE RD, VALERA RD, YARRAMALONG RD",2026-09-25T08:25:00Z,,151.5722191,-27.7983368,Toowoomba Regional,6910,https://services.arcgis.com/33eHbTVqo7gtiCE8/arcgis/rest/services/VwErgonOutages/FeatureServer/0,Polygon,"{""type"":""Polygon"",""coordinates"":[[[151.439265846837,-27.7786823418154],[151.439478740946,-27.7779420690821],[151.569106094655,-27.7412705169937],[151.569108469699,-27.7412698495234],[151.59128559933,-27.7350886083427],[151.591290041376,-27.7350873897455],[151.626531433313,-27.7255718880245],[151.626726885739,-27.725554543008],[151.630763121807,-27.7259001782065],[151.630882191043,-27.7259235048766],[151.632172101449,-27.7263262777917],[151.63219813744,-27.7263351313384],[151.638310337387,-27.7285869787555],[151.638604637837,-27.7288835381451],[151.658851934183,-27.7943219399222],[151.658850393541,-27.7945658592099],[151.637928079406,-27.8592527725652],[151.637921889453,-27.8592705149378],[151.632017831493,-27.8750340794936],[151.631496106566,-27.8753406263477],[151.600867348459,-27.8731265553788],[151.600702749238,-27.8730892487524],[151.531781607113,-27.8458477384698],[151.531676258242,-27.8457915664336],[151.45212305616,-27.7906433889293],[151.452068461996,-27.790599468547],[151.439265846837,-27.7786823418154]]]}","{""OBJECTID"":910568,""EVENT_ID"":""26SW11693"",""TYPE"":""UNPLANNED"",""STATUS"":""Crews on route"",""CUSTOMERS_AFFECTED"":192,""SUBURBS"":""BROOKSTEAD, KINCORA, NORTH BRANCH, PAMPAS, PITTSWORTH, SCRUBBY MOUNTAIN, YARRANLEA"",""STREETS"":""BALMORAL RD, BANTRY RD, BLACK GULLY RD, BOUNDARY RD, BYCULLA RD, CLIFTON PITTSWORTH RD, CLIFTON RD, CLIFTON-PITTSWORTH RD, DESMOND LANE, FAIRWAY DR, GIBBS RD, GORE HWY, GUNBOWER RD, HEINEMANN RD, HOGARTH RD, HOLMES RD, JANZ RD, JENTZ RD, KEENE RD, KINCORA RD, LESLIE BRIDGE RD, LOCK RD, MADDERN RD, MANN SILO RD, MORRISON RD, PITTSWORTH-SCRUBBY RD, QUINNS RD, SCHICK RD, SCRUBBY HALL RD, SCRUBBY RD, STIRLING RD, SULLIVAN RD, TUMMAVILLE RD, VALERA RD, YARRAMALONG RD"",""START"":1790324700000,""FINISH"":null,""EST_FIX_TIME"":null,""REASON"":""The loss of supply is due to damage requiring emergency repairs. Fault finding is in progress."",""CRC"":""0C6D2357"",""EXTRACTED"":1790327104897,""SHAPE__Area"":271349576.84375,""SHAPE__Length"":67749.53351673843}"
2026-09-25T11:00:58Z,2026-09-25T21:00:58+10:00,au.qld.energex,Energex,au.qld.energex|unplanned|INCD-983594-g,INCD-983594-g,unplanned,Awaiting,Emergency Repairs,30,true,PULLENVALE,"LYNDALE RD, PULLENVALE RD",2026-09-25T05:33:02Z,2026-09-25T13:00:00Z,152.8906893,-27.5163202,Brisbane City,1000,https://services.arcgis.com/bfVzktoY0OhzQCDj/ArcGIS/rest/services/VwEnergexOutages/FeatureServer/0,Polygon,"{""type"":""Polygon"",""coordinates"":[[[152.885369970362,-27.5173190904535],[152.885264903725,-27.5165517254271],[152.888562068977,-27.5142502730629],[152.888840658839,-27.5141552919698],[152.894998564875,-27.5137909824774],[152.895191609622,-27.5138129815099],[152.895462498775,-27.5138931619176],[152.895747146533,-27.5145382105028],[152.893516677428,-27.5181732768988],[152.893244766653,-27.5183810933283],[152.890551316833,-27.5192499275824],[152.890172055026,-27.5192373980885],[152.885369970362,-27.5173190904535]]]}","{""OBJECTID"":413255,""EVENT_ID"":""INCD-983594-g"",""TYPE"":""UNPLANNED"",""STATUS"":""Awaiting"",""CUSTOMERS_AFFECTED"":30,""SUBURBS"":""PULLENVALE"",""STREETS"":""LYNDALE RD, PULLENVALE RD"",""START"":1790314382876,""FINISH"":null,""EST_FIX_TIME"":1790341200000,""REASON"":""Emergency Repairs"",""CRC"":""B4F53963"",""EXTRACTED"":1790333404221,""SHAPE__Area"":527265.8984375,""SHAPE__Length"":2931.7520249679224}"
2026-09-25T11:00:58Z,2026-09-25T21:00:58+10:00,au.qld.ergon,Ergon Energy,au.qld.ergon|unplanned|910569,910569,unplanned,Crews working on-site,The loss of supply is due to damage requiring emergency repairs.,3,true,"ASHFIELD, WINDERMERE",ASHFIELD RD,2026-09-25T07:27:31Z,,152.4048441,-24.8609148,Bundaberg Regional,1820,https://services.arcgis.com/33eHbTVqo7gtiCE8/arcgis/rest/services/VwErgonOutages/FeatureServer/0,Polygon,"{""type"":""Polygon"",""coordinates"":[[[152.403930283017,-24.8604504933304],[152.404076855817,-24.8598902459842],[152.404707280819,-24.859920662364],[152.405510595137,-24.8606000141898],[152.405667247144,-24.8609619406821],[152.405612726112,-24.8616602514187],[152.405216221107,-24.8620696915838],[152.404679071683,-24.861828160766],[152.403930283017,-24.8604504933304]]]}","{""OBJECTID"":910569,""EVENT_ID"":""26WB8876"",""TYPE"":""UNPLANNED"",""STATUS"":""Crews working on-site"",""CUSTOMERS_AFFECTED"":3,""SUBURBS"":""ASHFIELD, WINDERMERE"",""STREETS"":""ASHFIELD RD"",""START"":1790321251000,""FINISH"":null,""EST_FIX_TIME"":null,""REASON"":""The loss of supply is due to damage requiring emergency repairs. "",""CRC"":""7FB8ABF1"",""EXTRACTED"":1790328905260,""SHAPE__Area"":32970.85546875,""SHAPE__Length"":718.8306324494094}"
2026-09-25T11:00:58Z,2026-09-25T21:00:58+10:00,au.qld.ergon,Ergon Energy,au.qld.ergon|unplanned|910568,910568,unplanned,Crews on route,The loss of supply is due to damage requiring emergency repairs. Fault finding is in progress.,192,true,"BROOKSTEAD, KINCORA, NORTH BRANCH, PAMPAS, PITTSWORTH, SCRUBBY MOUNTAIN, YARRANLEA","BALMORAL RD, BANTRY RD, BLACK GULLY RD, BOUNDARY RD, BYCULLA RD, CLIFTON PITTSWORTH RD, CLIFTON RD, CLIFTON-PITTSWORTH RD, DESMOND LANE, FAIRWAY DR, GIBBS RD, GORE HWY, GUNBOWER RD, HEINEMANN RD, HOGARTH RD, HOLMES RD, JANZ RD, JENTZ RD, KEENE RD, KINCORA RD, LESLIE BRIDGE RD, LOCK RD, MADDERN RD, MANN SILO RD, MORRISON RD, PITTSWORTH-SCRUBBY RD, QUINNS RD, SCHICK RD, SCRUBBY HALL RD, SCRUBBY RD, STIRLING RD, SULLIVAN RD, TUMMAVILLE RD, VALERA RD, YARRAMALONG RD",2026-09-25T08:25:00Z,,151.5722191,-27.7983368,Toowoomba Regional,6910,https://services.arcgis.com/33eHbTVqo7gtiCE8/arcgis/rest/services/VwErgonOutages/FeatureServer/0,Polygon,"{""type"":""Polygon"",""coordinates"":[[[151.439265846837,-27.7786823418154],[151.439478740946,-27.7779420690821],[151.569106094655,-27.7412705169937],[151.569108469699,-27.7412698495234],[151.59128559933,-27.7350886083427],[151.591290041376,-27.7350873897455],[151.626531433313,-27.7255718880245],[151.626726885739,-27.725554543008],[151.630763121807,-27.7259001782065],[151.630882191043,-27.7259235048766],[151.632172101449,-27.7263262777917],[151.63219813744,-27.7263351313384],[151.638310337387,-27.7285869787555],[151.638604637837,-27.7288835381451],[151.658851934183,-27.7943219399222],[151.658850393541,-27.7945658592099],[151.637928079406,-27.8592527725652],[151.637921889453,-27.8592705149378],[151.632017831493,-27.8750340794936],[151.631496106566,-27.8753406263477],[151.600867348459,-27.8731265553788],[151.600702749238,-27.8730892487524],[151.531781607113,-27.8458477384698],[151.531676258242,-27.8457915664336],[151.45212305616,-27.7906433889293],[151.452068461996,-27.790599468547],[151.439265846837,-27.7786823418154]]]}","{""OBJECTID"":910568,""EVENT_ID"":""26SW11693"",""TYPE"":""UNPLANNED"",""STATUS"":""Crews on route"",""CUSTOMERS_AFFECTED"":192,""SUBURBS"":""BROOKSTEAD, KINCORA, NORTH BRANCH, PAMPAS, PITTSWORTH, SCRUBBY MOUNTAIN, YARRANLEA"",""STREETS"":""BALMORAL RD, BANTRY RD, BLACK GULLY RD, BOUNDARY RD, BYCULLA RD, CLIFTON PITTSWORTH RD, CLIFTON RD, CLIFTON-PITTSWORTH RD, DESMOND LANE, FAIRWAY DR, GIBBS RD, GORE HWY, GUNBOWER RD, HEINEMANN RD, HOGARTH RD, HOLMES RD, JANZ RD, JENTZ RD, KEENE RD, KINCORA RD, LESLIE BRIDGE RD, LOCK RD, MADDERN RD, MANN SILO RD, MORRISON RD, PITTSWORTH-SCRUBBY RD, QUINNS RD, SCHICK RD, SCRUBBY HALL RD, SCRUBBY RD, STIRLING RD, SULLIVAN RD, TUMMAVILLE RD, VALERA RD, YARRAMALONG RD"",""START"":1790324700000,""FINISH"":null,""EST_FIX_TIME"":null,""REASON"":""The loss of supply is due to damage requiring emergency repairs. Fault finding is in progress."",""CRC"":""0C6D2357"",""EXTRACTED"":1790327104897,""SHAPE__Area"":271349576.84375,""SHAPE__Length"":67749.53351673843}"
2026-09-25T11:15:39Z,2026-09-25T21:15:39+10:00,au.qld.energex,Energex,au.qld.energex|unplanned|INCD-983594-g,INCD-983594-g,unplanned,Awaiting,Emergency Repairs,30,true,PULLENVALE,"LYNDALE RD, PULLENVALE RD",2026-09-25T05:33:02Z,2026-09-25T13:00:00Z,152.8906893,-27.5163202,Brisbane City,1000,https://services.arcgis.com/bfVzktoY0OhzQCDj/ArcGIS/rest/services/VwEnergexOutages/FeatureServer/0,Polygon,"{""type"":""Polygon"",""coordinates"":[[[152.885369970362,-27.5173190904535],[152.885264903725,-27.5165517254271],[152.888562068977,-27.5142502730629],[152.888840658839,-27.5141552919698],[152.894998564875,-27.5137909824774],[152.895191609622,-27.5138129815099],[152.895462498775,-27.5138931619176],[152.895747146533,-27.5145382105028],[152.893516677428,-27.5181732768988],[152.893244766653,-27.5183810933283],[152.890551316833,-27.5192499275824],[152.890172055026,-27.5192373980885],[152.885369970362,-27.5173190904535]]]}","{""OBJECTID"":413255,""EVENT_ID"":""INCD-983594-g"",""TYPE"":""UNPLANNED"",""STATUS"":""Awaiting"",""CUSTOMERS_AFFECTED"":30,""SUBURBS"":""PULLENVALE"",""STREETS"":""LYNDALE RD, PULLENVALE RD"",""START"":1790314382876,""FINISH"":null,""EST_FIX_TIME"":1790341200000,""REASON"":""Emergency Repairs"",""CRC"":""B4F53963"",""EXTRACTED"":1790333404221,""SHAPE__Area"":527265.8984375,""SHAPE__Length"":2931.7520249679224}"
2026-09-25T11:15:39Z,2026-09-25T21:15:39+10:00,au.qld.ergon,Ergon Energy,au.qld.ergon|unplanned|910568,910568,unplanned,Crews on route,The loss of supply is due to damage requiring emergency repairs. Fault finding is in progress.,192,true,"BROOKSTEAD, KINCORA, NORTH BRANCH, PAMPAS, PITTSWORTH, SCRUBBY MOUNTAIN, YARRANLEA","BALMORAL RD, BANTRY RD, BLACK GULLY RD, BOUNDARY RD, BYCULLA RD, CLIFTON PITTSWORTH RD, CLIFTON RD, CLIFTON-PITTSWORTH RD, DESMOND LANE, FAIRWAY DR, GIBBS RD, GORE HWY, GUNBOWER RD, HEINEMANN RD, HOGARTH RD, HOLMES RD, JANZ RD, JENTZ RD, KEENE RD, KINCORA RD, LESLIE BRIDGE RD, LOCK RD, MADDERN RD, MANN SILO RD, MORRISON RD, PITTSWORTH-SCRUBBY RD, QUINNS RD, SCHICK RD, SCRUBBY HALL RD, SCRUBBY RD, STIRLING RD, SULLIVAN RD, TUMMAVILLE RD, VALERA RD, YARRAMALONG RD",2026-09-25T08:25:00Z,,151.5722191,-27.7983368,Toowoomba Regional,6910,https://services.arcgis.com/33eHbTVqo7gtiCE8/arcgis/rest/services/VwErgonOutages/FeatureServer/0,Polygon,"{""type"":""Polygon"",""coordinates"":[[[151.439265846837,-27.7786823418154],[151.439478740946,-27.7779420690821],[151.569106094655,-27.7412705169937],[151.569108469699,-27.7412698495234],[151.59128559933,-27.7350886083427],[151.591290041376,-27.7350873897455],[151.626531433313,-27.7255718880245],[151.626726885739,-27.725554543008],[151.630763121807,-27.7259001782065],[151.630882191043,-27.7259235048766],[151.632172101449,-27.7263262777917],[151.63219813744,-27.7263351313384],[151.638310337387,-27.7285869787555],[151.638604637837,-27.7288835381451],[151.658851934183,-27.7943219399222],[151.658850393541,-27.7945658592099],[151.637928079406,-27.8592527725652],[151.637921889453,-27.8592705149378],[151.632017831493,-27.8750340794936],[151.631496106566,-27.8753406263477],[151.600867348459,-27.8731265553788],[151.600702749238,-27.8730892487524],[151.531781607113,-27.8458477384698],[151.531676258242,-27.8457915664336],[151.45212305616,-27.7906433889293],[151.452068461996,-27.790599468547],[151.439265846837,-27.7786823418154]]]}","{""OBJECTID"":910568,""EVENT_ID"":""26SW11693"",""TYPE"":""UNPLANNED"",""STATUS"":""Crews on route"",""CUSTOMERS_AFFECTED"":192,""SUBURBS"":""BROOKSTEAD, KINCORA, NORTH BRANCH, PAMPAS, PITTSWORTH, SCRUBBY MOUNTAIN, YARRANLEA"",""STREETS"":""BALMORAL RD, BANTRY RD, BLACK GULLY RD, BOUNDARY RD, BYCULLA RD, CLIFTON PITTSWORTH RD, CLIFTON RD, CLIFTON-PITTSWORTH RD, DESMOND LANE, FAIRWAY DR, GIBBS RD, GORE HWY, GUNBOWER RD, HEINEMANN RD, HOGARTH RD, HOLMES RD, JANZ RD, JENTZ RD, KEENE RD, KINCORA RD, LESLIE BRIDGE RD, LOCK RD, MADDERN RD, MANN SILO RD, MORRISON RD, PITTSWORTH-SCRUBBY RD, QUINNS RD, SCHICK RD, SCRUBBY HALL RD, SCRUBBY RD, STIRLING RD, SULLIVAN RD, TUMMAVILLE RD, VALERA RD, YARRAMALONG RD"",""START"":1790324700000,""FINISH"":null,""EST_FIX_TIME"":null,""REASON"":""The loss of supply is due to damage requiring emergency repairs. Fault finding is in progress."",""CRC"":""0C6D2357"",""EXTRACTED"":1790327104897,""SHAPE__Area"":271349576.84375,""SHAPE__Length"":67749.53351673843}"
2026-09-25T11:30:51Z,2026-09-25T21:30:51+10:00,au.qld.energex,Energex,au.qld.energex|unplanned|INCD-983594-g,INCD-983594-g,unplanned,Awaiting,Emergency Repairs,30,true,PULLENVALE,"LYNDALE RD, PULLENVALE RD",2026-09-25T05:33:02Z,2026-09-25T13:00:00Z,152.8906893,-27.5163202,Brisbane City,1000,https://services.arcgis.com/bfVzktoY0OhzQCDj/ArcGIS/rest/services/VwEnergexOutages/FeatureServer/0,Polygon,"{""type"":""Polygon"",""coordinates"":[[[152.885369970362,-27.5173190904535],[152.885264903725,-27.5165517254271],[152.888562068977,-27.5142502730629],[152.888840658839,-27.5141552919698],[152.894998564875,-27.5137909824774],[152.895191609622,-27.5138129815099],[152.895462498775,-27.5138931619176],[152.895747146533,-27.5145382105028],[152.893516677428,-27.5181732768988],[152.893244766653,-27.5183810933283],[152.890551316833,-27.5192499275824],[152.890172055026,-27.5192373980885],[152.885369970362,-27.5173190904535]]]}","{""OBJECTID"":413255,""EVENT_ID"":""INCD-983594-g"",""TYPE"":""UNPLANNED"",""STATUS"":""Awaiting"",""CUSTOMERS_AFFECTED"":30,""SUBURBS"":""PULLENVALE"",""STREETS"":""LYNDALE RD, PULLENVALE RD"",""START"":1790314382876,""FINISH"":null,""EST_FIX_TIME"":1790341200000,""REASON"":""Emergency Repairs"",""CRC"":""B4F53963"",""EXTRACTED"":1790333404221,""SHAPE__Area"":527265.8984375,""SHAPE__Length"":2931.7520249679224}"
2026-09-25T11:30:51Z,2026-09-25T21:30:51+10:00,au.qld.ergon,Ergon Energy,au.qld.ergon|unplanned|910568,910568,unplanned,Crews on route,The loss of supply is due to damage requiring emergency repairs. Fault finding is in progress.,192,true,"BROOKSTEAD, KINCORA, NORTH BRANCH, PAMPAS, PITTSWORTH, SCRUBBY MOUNTAIN, YARRANLEA","BALMORAL RD, BANTRY RD, BLACK GULLY RD, BOUNDARY RD, BYCULLA RD, CLIFTON PITTSWORTH RD, CLIFTON RD, CLIFTON-PITTSWORTH RD, DESMOND LANE, FAIRWAY DR, GIBBS RD, GORE HWY, GUNBOWER RD, HEINEMANN RD, HOGARTH RD, HOLMES RD, JANZ RD, JENTZ RD, KEENE RD, KINCORA RD, LESLIE BRIDGE RD, LOCK RD, MADDERN RD, MANN SILO RD, MORRISON RD, PITTSWORTH-SCRUBBY RD, QUINNS RD, SCHICK RD, SCRUBBY HALL RD, SCRUBBY RD, STIRLING RD, SULLIVAN RD, TUMMAVILLE RD, VALERA RD, YARRAMALONG RD",2026-09-25T08:25:00Z,,151.5722191,-27.7983368,Toowoomba Regional,6910,https://services.arcgis.com/33eHbTVqo7gtiCE8/arcgis/rest/services/VwErgonOutages/FeatureServer/0,Polygon,"{""type"":""Polygon"",""coordinates"":[[[151.439265846837,-27.7786823418154],[151.439478740946,-27.7779420690821],[151.569106094655,-27.7412705169937],[151.569108469699,-27.7412698495234],[151.59128559933,-27.7350886083427],[151.591290041376,-27.7350873897455],[151.626531433313,-27.7255718880245],[151.626726885739,-27.725554543008],[151.630763121807,-27.7259001782065],[151.630882191043,-27.7259235048766],[151.632172101449,-27.7263262777917],[151.63219813744,-27.7263351313384],[151.638310337387,-27.7285869787555],[151.638604637837,-27.7288835381451],[151.658851934183,-27.7943219399222],[151.658850393541,-27.7945658592099],[151.637928079406,-27.8592527725652],[151.637921889453,-27.8592705149378],[151.632017831493,-27.8750340794936],[151.631496106566,-27.8753406263477],[151.600867348459,-27.8731265553788],[151.600702749238,-27.8730892487524],[151.531781607113,-27.8458477384698],[151.531676258242,-27.8457915664336],[151.45212305616,-27.7906433889293],[151.452068461996,-27.790599468547],[151.439265846837,-27.7786823418154]]]}","{""OBJECTID"":910568,""EVENT_ID"":""26SW11693"",""TYPE"":""UNPLANNED"",""STATUS"":""Crews on route"",""CUSTOMERS_AFFECTED"":192,""SUBURBS"":""BROOKSTEAD, KINCORA, NORTH BRANCH, PAMPAS, PITTSWORTH, SCRUBBY MOUNTAIN, YARRANLEA"",""STREETS"":""BALMORAL RD, BANTRY RD, BLACK GULLY RD, BOUNDARY RD, BYCULLA RD, CLIFTON PITTSWORTH RD, CLIFTON RD, CLIFTON-PITTSWORTH RD, DESMOND LANE, FAIRWAY DR, GIBBS RD, GORE HWY, GUNBOWER RD, HEINEMANN RD, HOGARTH RD, HOLMES RD, JANZ RD, JENTZ RD, KEENE RD, KINCORA RD, LESLIE BRIDGE RD, LOCK RD, MADDERN RD, MANN SILO RD, MORRISON RD, PITTSWORTH-SCRUBBY RD, QUINNS RD, SCHICK RD, SCRUBBY HALL RD, SCRUBBY RD, STIRLING RD, SULLIVAN RD, TUMMAVILLE RD, VALERA RD, YARRAMALONG RD"",""START"":1790324700000,""FINISH"":null,""EST_FIX_TIME"":null,""REASON"":""The loss of supply is due to damage requiring emergency repairs. Fault finding is in progress."",""CRC"":""0C6D2357"",""EXTRACTED"":1790327104897,""SHAPE__Area"":271349576.84375,""SHAPE__Length"":67749.53351673843}"
2026-09-25T11:30:51Z,2026-09-25T21:30:51+10:00,au.qld.ergon,Ergon Energy,au.qld.ergon|unplanned|910570,910570,unplanned,Crews working on-site,The loss of supply is due to public safety concerns as directed by emergency services.,36,true,"AIRLIE BEACH, JUBILEE POCKET","LAGUNA CT, SEAVIEW DR",2026-09-25T11:19:00Z,,148.7135430,-20.2730574,Whitsunday Regional,7340,https://services.arcgis.com/33eHbTVqo7gtiCE8/arcgis/rest/services/VwErgonOutages/FeatureServer/0,Polygon,"{""type"":""Polygon"",""coordinates"":[[[148.71243893656,-20.274047239222],[148.711926124974,-20.2734208803755],[148.712187834697,-20.2728530806484],[148.712259986964,-20.2727430263143],[148.712366871101,-20.2726227417683],[148.712510944124,-20.2725131466738],[148.713440012773,-20.272052342304],[148.713764131091,-20.2720107383289],[148.714294252192,-20.272119208996],[148.714517383044,-20.2722286515697],[148.71506729536,-20.2727074093574],[148.715060240196,-20.273377315563],[148.714753950583,-20.2736335266694],[148.714510350399,-20.2737417874448],[148.71243893656,-20.274047239222]]]}","{""OBJECTID"":910570,""EVENT_ID"":""26MK6046"",""TYPE"":""UNPLANNED"",""STATUS"":""Crews working on-site"",""CUSTOMERS_AFFECTED"":36,""SUBURBS"":""AIRLIE BEACH, JUBILEE POCKET"",""STREETS"":""LAGUNA CT, SEAVIEW DR"",""START"":1790335140000,""FINISH"":null,""EST_FIX_TIME"":null,""REASON"":""The loss of supply is due to public safety concerns as directed by emergency services."",""CRC"":""3D21E2A0"",""EXTRACTED"":1790335204547,""SHAPE__Area"":60498.734375,""SHAPE__Length"":935.6644541287703}"
2026-09-25T11:45:41Z,2026-09-25T21:45:41+10:00,au.qld.energex,Energex,au.qld.energex|unplanned|INCD-983594-g,INCD-983594-g,unplanned,Awaiting,Emergency Repairs,30,true,PULLENVALE,"LYNDALE RD, PULLENVALE RD",2026-09-25T05:33:02Z,2026-09-25T13:00:00Z,152.8906893,-27.5163202,Brisbane City,1000,https://services.arcgis.com/bfVzktoY0OhzQCDj/ArcGIS/rest/services/VwEnergexOutages/FeatureServer/0,Polygon,"{""type"":""Polygon"",""coordinates"":[[[152.885369970362,-27.5173190904535],[152.885264903725,-27.5165517254271],[152.888562068977,-27.5142502730629],[152.888840658839,-27.5141552919698],[152.894998564875,-27.5137909824774],[152.895191609622,-27.5138129815099],[152.895462498775,-27.5138931619176],[152.895747146533,-27.5145382105028],[152.893516677428,-27.5181732768988],[152.893244766653,-27.5183810933283],[152.890551316833,-27.5192499275824],[152.890172055026,-27.5192373980885],[152.885369970362,-27.5173190904535]]]}","{""OBJECTID"":413255,""EVENT_ID"":""INCD-983594-g"",""TYPE"":""UNPLANNED"",""STATUS"":""Awaiting"",""CUSTOMERS_AFFECTED"":30,""SUBURBS"":""PULLENVALE"",""STREETS"":""LYNDALE RD, PULLENVALE RD"",""START"":1790314382876,""FINISH"":null,""EST_FIX_TIME"":1790341200000,""REASON"":""Emergency Repairs"",""CRC"":""B4F53963"",""EXTRACTED"":1790333404221,""SHAPE__Area"":527265.8984375,""SHAPE__Length"":2931.7520249679224}"
2026-09-25T11:45:41Z,2026-09-25T21:45:41+10:00,au.qld.ergon,Ergon Energy,au.qld.ergon|unplanned|910568,910568,unplanned,Crews on route,The loss of supply is due to damage requiring emergency repairs. Fault finding is in progress.,192,true,"BROOKSTEAD, KINCORA, NORTH BRANCH, PAMPAS, PITTSWORTH, SCRUBBY MOUNTAIN, YARRANLEA","BALMORAL RD, BANTRY RD, BLACK GULLY RD, BOUNDARY RD, BYCULLA RD, CLIFTON PITTSWORTH RD, CLIFTON RD, CLIFTON-PITTSWORTH RD, DESMOND LANE, FAIRWAY DR, GIBBS RD, GORE HWY, GUNBOWER RD, HEINEMANN RD, HOGARTH RD, HOLMES RD, JANZ RD, JENTZ RD, KEENE RD, KINCORA RD, LESLIE BRIDGE RD, LOCK RD, MADDERN RD, MANN SILO RD, MORRISON RD, PITTSWORTH-SCRUBBY RD, QUINNS RD, SCHICK RD, SCRUBBY HALL RD, SCRUBBY RD, STIRLING RD, SULLIVAN RD, TUMMAVILLE RD, VALERA RD, YARRAMALONG RD",2026-09-25T08:25:00Z,,151.5722191,-27.7983368,Toowoomba Regional,6910,https://services.arcgis.com/33eHbTVqo7gtiCE8/arcgis/rest/services/VwErgonOutages/FeatureServer/0,Polygon,"{""type"":""Polygon"",""coordinates"":[[[151.439265846837,-27.7786823418154],[151.439478740946,-27.7779420690821],[151.569106094655,-27.7412705169937],[151.569108469699,-27.7412698495234],[151.59128559933,-27.7350886083427],[151.591290041376,-27.7350873897455],[151.626531433313,-27.7255718880245],[151.626726885739,-27.725554543008],[151.630763121807,-27.7259001782065],[151.630882191043,-27.7259235048766],[151.632172101449,-27.7263262777917],[151.63219813744,-27.7263351313384],[151.638310337387,-27.7285869787555],[151.638604637837,-27.7288835381451],[151.658851934183,-27.7943219399222],[151.658850393541,-27.7945658592099],[151.637928079406,-27.8592527725652],[151.637921889453,-27.8592705149378],[151.632017831493,-27.8750340794936],[151.631496106566,-27.8753406263477],[151.600867348459,-27.8731265553788],[151.600702749238,-27.8730892487524],[151.531781607113,-27.8458477384698],[151.531676258242,-27.8457915664336],[151.45212305616,-27.7906433889293],[151.452068461996,-27.790599468547],[151.439265846837,-27.7786823418154]]]}","{""OBJECTID"":910568,""EVENT_ID"":""26SW11693"",""TYPE"":""UNPLANNED"",""STATUS"":""Crews on route"",""CUSTOMERS_AFFECTED"":192,""SUBURBS"":""BROOKSTEAD, KINCORA, NORTH BRANCH, PAMPAS, PITTSWORTH, SCRUBBY MOUNTAIN, YARRANLEA"",""STREETS"":""BALMORAL RD, BANTRY RD, BLACK GULLY RD, BOUNDARY RD, BYCULLA RD, CLIFTON PITTSWORTH RD, CLIFTON RD, CLIFTON-PITTSWORTH RD, DESMOND LANE, FAIRWAY DR, GIBBS RD, GORE HWY, GUNBOWER RD, HEINEMANN RD, HOGARTH RD, HOLMES RD, JANZ RD, JENTZ RD, KEENE RD, KINCORA RD, LESLIE BRIDGE RD, LOCK RD, MADDERN RD, MANN SILO RD, MORRISON RD, PITTSWORTH-SCRUBBY RD, QUINNS RD, SCHICK RD, SCRUBBY HALL RD, SCRUBBY RD, STIRLING RD, SULLIVAN RD, TUMMAVILLE RD, VALERA RD, YARRAMALONG RD"",""START"":1790324700000,""FINISH"":null,""EST_FIX_TIME"":null,""REASON"":""The loss of supply is due to damage requiring emergency repairs. Fault finding is in progress."",""CRC"":""0C6D2357"",""EXTRACTED"":1790327104897,""SHAPE__Area"":271349576.84375,""SHAPE__Length"":67749.53351673843}"
2026-09-25T11:45:41Z,2026-09-25T21:45:41+10:00,au.qld.ergon,Ergon Energy,au.qld.ergon|unplanned|910570,910570,unplanned,Crews working on-site,The loss of supply is due to public safety concerns as directed by emergency services.,36,true,"AIRLIE BEACH, JUBILEE POCKET","LAGUNA CT, SEAVIEW DR",2026-09-25T11:19:00Z,,148.7135430,-20.2730574,Whitsunday Regional,7340,https://services.arcgis.com/33eHbTVqo7gtiCE8/arcgis/rest/services/VwErgonOutages/FeatureServer/0,Polygon,"{""type"":""Polygon"",""coordinates"":[[[148.71243893656,-20.274047239222],[148.711926124974,-20.2734208803755],[148.712187834697,-20.2728530806484],[148.712259986964,-20.2727430263143],[148.712366871101,-20.2726227417683],[148.712510944124,-20.2725131466738],[148.713440012773,-20.272052342304],[148.713764131091,-20.2720107383289],[148.714294252192,-20.272119208996],[148.714517383044,-20.2722286515697],[148.71506729536,-20.2727074093574],[148.715060240196,-20.273377315563],[148.714753950583,-20.2736335266694],[148.714510350399,-20.2737417874448],[148.71243893656,-20.274047239222]]]}","{""OBJECTID"":910570,""EVENT_ID"":""26MK6046"",""TYPE"":""UNPLANNED"",""STATUS"":""Crews working on-site"",""CUSTOMERS_AFFECTED"":36,""SUBURBS"":""AIRLIE BEACH, JUBILEE POCKET"",""STREETS"":""LAGUNA CT, SEAVIEW DR"",""START"":1790335140000,""FINISH"":null,""EST_FIX_TIME"":null,""REASON"":""The loss of supply is due to public safety concerns as directed by emergency services."",""CRC"":""3D21E2A0"",""EXTRACTED"":1790335204547,""SHAPE__Area"":60498.734375,""SHAPE__Length"":935.6644541287703}"
2026-09-25T12:01:20Z,2026-09-25T22:01:20+10:00,au.qld.energex,Energex,au.qld.energex|unplanned|INCD-983594-g,INCD-983594-g,unplanned,Awaiting,Emergency Repairs,30,true,PULLENVALE,"LYNDALE RD, PULLENVALE RD",2026-09-25T05:33:02Z,2026-09-25T13:00:00Z,152.8906893,-27.5163202,Brisbane City,1000,https://services.arcgis.com/bfVzktoY0OhzQCDj/ArcGIS/rest/services/VwEnergexOutages/FeatureServer/0,Polygon,"{""type"":""Polygon"",""coordinates"":[[[152.885369970362,-27.5173190904535],[152.885264903725,-27.5165517254271],[152.888562068977,-27.5142502730629],[152.888840658839,-27.5141552919698],[152.894998564875,-27.5137909824774],[152.895191609622,-27.5138129815099],[152.895462498775,-27.5138931619176],[152.895747146533,-27.5145382105028],[152.893516677428,-27.5181732768988],[152.893244766653,-27.5183810933283],[152.890551316833,-27.5192499275824],[152.890172055026,-27.5192373980885],[152.885369970362,-27.5173190904535]]]}","{""OBJECTID"":413255,""EVENT_ID"":""INCD-983594-g"",""TYPE"":""UNPLANNED"",""STATUS"":""Awaiting"",""CUSTOMERS_AFFECTED"":30,""SUBURBS"":""PULLENVALE"",""STREETS"":""LYNDALE RD, PULLENVALE RD"",""START"":1790314382876,""FINISH"":null,""EST_FIX_TIME"":1790341200000,""REASON"":""Emergency Repairs"",""CRC"":""B4F53963"",""EXTRACTED"":1790333404221,""SHAPE__Area"":527265.8984375,""SHAPE__Length"":2931.7520249679224}"
2026-09-25T12:01:20Z,2026-09-25T22:01:20+10:00,au.qld.ergon,Ergon Energy,au.qld.ergon|unplanned|910568,910568,unplanned,Crews on route,The loss of supply is due to damage requiring emergency repairs. Fault finding is in progress.,192,true,"BROOKSTEAD, KINCORA, NORTH BRANCH, PAMPAS, PITTSWORTH, SCRUBBY MOUNTAIN, YARRANLEA","BALMORAL RD, BANTRY RD, BLACK GULLY RD, BOUNDARY RD, BYCULLA RD, CLIFTON PITTSWORTH RD, CLIFTON RD, CLIFTON-PITTSWORTH RD, DESMOND LANE, FAIRWAY DR, GIBBS RD, GORE HWY, GUNBOWER RD, HEINEMANN RD, HOGARTH RD, HOLMES RD, JANZ RD, JENTZ RD, KEENE RD, KINCORA RD, LESLIE BRIDGE RD, LOCK RD, MADDERN RD, MANN SILO RD, MORRISON RD, PITTSWORTH-SCRUBBY RD, QUINNS RD, SCHICK RD, SCRUBBY HALL RD, SCRUBBY RD, STIRLING RD, SULLIVAN RD, TUMMAVILLE RD, VALERA RD, YARRAMALONG RD",2026-09-25T08:25:00Z,,151.5722191,-27.7983368,Toowoomba Regional,6910,https://services.arcgis.com/33eHbTVqo7gtiCE8/arcgis/rest/services/VwErgonOutages/FeatureServer/0,Polygon,"{""type"":""Polygon"",""coordinates"":[[[151.439265846837,-27.7786823418154],[151.439478740946,-27.7779420690821],[151.569106094655,-27.7412705169937],[151.569108469699,-27.7412698495234],[151.59128559933,-27.7350886083427],[151.591290041376,-27.7350873897455],[151.626531433313,-27.7255718880245],[151.626726885739,-27.725554543008],[151.630763121807,-27.7259001782065],[151.630882191043,-27.7259235048766],[151.632172101449,-27.7263262777917],[151.63219813744,-27.7263351313384],[151.638310337387,-27.7285869787555],[151.638604637837,-27.7288835381451],[151.658851934183,-27.7943219399222],[151.658850393541,-27.7945658592099],[151.637928079406,-27.8592527725652],[151.637921889453,-27.8592705149378],[151.632017831493,-27.8750340794936],[151.631496106566,-27.8753406263477],[151.600867348459,-27.8731265553788],[151.600702749238,-27.8730892487524],[151.531781607113,-27.8458477384698],[151.531676258242,-27.8457915664336],[151.45212305616,-27.7906433889293],[151.452068461996,-27.790599468547],[151.439265846837,-27.7786823418154]]]}","{""OBJECTID"":910568,""EVENT_ID"":""26SW11693"",""TYPE"":""UNPLANNED"",""STATUS"":""Crews on route"",""CUSTOMERS_AFFECTED"":192,""SUBURBS"":""BROOKSTEAD, KINCORA, NORTH BRANCH, PAMPAS, PITTSWORTH, SCRUBBY MOUNTAIN, YARRANLEA"",""STREETS"":""BALMORAL RD, BANTRY RD, BLACK GULLY RD, BOUNDARY RD, BYCULLA RD, CLIFTON PITTSWORTH RD, CLIFTON RD, CLIFTON-PITTSWORTH RD, DESMOND LANE, FAIRWAY DR, GIBBS RD, GORE HWY, GUNBOWER RD, HEINEMANN RD, HOGARTH RD, HOLMES RD, JANZ RD, JENTZ RD, KEENE RD, KINCORA RD, LESLIE BRIDGE RD, LOCK RD, MADDERN RD, MANN SILO RD, MORRISON RD, PITTSWORTH-SCRUBBY RD, QUINNS RD, SCHICK RD, SCRUBBY HALL RD, SCRUBBY RD, STIRLING RD, SULLIVAN RD, TUMMAVILLE RD, VALERA RD, YARRAMALONG RD"",""START"":1790324700000,""FINISH"":null,""EST_FIX_TIME"":null,""REASON"":""The loss of supply is due to damage requiring emergency repairs. Fault finding is in progress."",""CRC"":""0C6D2357"",""EXTRACTED"":1790327104897,""SHAPE__Area"":271349576.84375,""SHAPE__Length"":67749.53351673843}"
2026-09-25T12:01:20Z,2026-09-25T22:01:20+10:00,au.qld.ergon,Ergon Energy,au.qld.ergon|unplanned|910570,910570,unplanned,Crews working on-site,The loss of supply is due to public safety concerns as directed by emergency services.,36,true,"AIRLIE BEACH, JUBILEE POCKET","LAGUNA CT, SEAVIEW DR",2026-09-25T11:19:00Z,,148.7135430,-20.2730574,Whitsunday Regional,7340,https://services.arcgis.com/33eHbTVqo7gtiCE8/arcgis/rest/services/VwErgonOutages/FeatureServer/0,Polygon,"{""type"":""Polygon"",""coordinates"":[[[148.71243893656,-20.274047239222],[148.711926124974,-20.2734208803755],[148.712187834697,-20.2728530806484],[148.712259986964,-20.2727430263143],[148.712366871101,-20.2726227417683],[148.712510944124,-20.2725131466738],[148.713440012773,-20.272052342304],[148.713764131091,-20.2720107383289],[148.714294252192,-20.272119208996],[148.714517383044,-20.2722286515697],[148.71506729536,-20.2727074093574],[148.715060240196,-20.273377315563],[148.714753950583,-20.2736335266694],[148.714510350399,-20.2737417874448],[148.71243893656,-20.274047239222]]]}","{""OBJECTID"":910570,""EVENT_ID"":""26MK6046"",""TYPE"":""UNPLANNED"",""STATUS"":""Crews working on-site"",""CUSTOMERS_AFFECTED"":36,""SUBURBS"":""AIRLIE BEACH, JUBILEE POCKET"",""STREETS"":""LAGUNA CT, SEAVIEW DR"",""START"":1790335140000,""FINISH"":null,""EST_FIX_TIME"":null,""REASON"":""The loss of supply is due to public safety concerns as directed by emergency services."",""CRC"":""3D21E2A0"",""EXTRACTED"":1790335204547,""SHAPE__Area"":60498.734375,""SHAPE__Length"":935.6644541287703}"
2026-09-25T12:15:37Z,2026-09-25T22:15:37+10:00,au.qld.energex,Energex,au.qld.energex|unplanned|INCD-983594-g,INCD-983594-g,unplanned,Awaiting,Emergency Repairs,30,true,PULLENVALE,"LYNDALE RD, PULLENVALE RD",2026-09-25T05:33:02Z,2026-09-25T13:00:00Z,152.8906893,-27.5163202,Brisbane City,1000,https://services.arcgis.com/bfVzktoY0OhzQCDj/ArcGIS/rest/services/VwEnergexOutages/FeatureServer/0,Polygon,"{""type"":""Polygon"",""coordinates"":[[[152.885369970362,-27.5173190904535],[152.885264903725,-27.5165517254271],[152.888562068977,-27.5142502730629],[152.888840658839,-27.5141552919698],[152.894998564875,-27.5137909824774],[152.895191609622,-27.5138129815099],[152.895462498775,-27.5138931619176],[152.895747146533,-27.5145382105028],[152.893516677428,-27.5181732768988],[152.893244766653,-27.5183810933283],[152.890551316833,-27.5192499275824],[152.890172055026,-27.5192373980885],[152.885369970362,-27.5173190904535]]]}","{""OBJECTID"":413255,""EVENT_ID"":""INCD-983594-g"",""TYPE"":""UNPLANNED"",""STATUS"":""Awaiting"",""CUSTOMERS_AFFECTED"":30,""SUBURBS"":""PULLENVALE"",""STREETS"":""LYNDALE RD, PULLENVALE RD"",""START"":1790314382876,""FINISH"":null,""EST_FIX_TIME"":1790341200000,""REASON"":""Emergency Repairs"",""CRC"":""B4F53963"",""EXTRACTED"":1790333404221,""SHAPE__Area"":527265.8984375,""SHAPE__Length"":2931.7520249679224}"
2026-09-25T12:15:37Z,2026-09-25T22:15:37+10:00,au.qld.ergon,Ergon Energy,au.qld.ergon|unplanned|910568,910568,unplanned,Crews on route,The loss of supply is due to damage requiring emergency repairs. Fault finding is in progress.,192,true,"BROOKSTEAD, KINCORA, NORTH BRANCH, PAMPAS, PITTSWORTH, SCRUBBY MOUNTAIN, YARRANLEA","BALMORAL RD, BANTRY RD, BLACK GULLY RD, BOUNDARY RD, BYCULLA RD, CLIFTON PITTSWORTH RD, CLIFTON RD, CLIFTON-PITTSWORTH RD, DESMOND LANE, FAIRWAY DR, GIBBS RD, GORE HWY, GUNBOWER RD, HEINEMANN RD, HOGARTH RD, HOLMES RD, JANZ RD, JENTZ RD, KEENE RD, KINCORA RD, LESLIE BRIDGE RD, LOCK RD, MADDERN RD, MANN SILO RD, MORRISON RD, PITTSWORTH-SCRUBBY RD, QUINNS RD, SCHICK RD, SCRUBBY HALL RD, SCRUBBY RD, STIRLING RD, SULLIVAN RD, TUMMAVILLE RD, VALERA RD, YARRAMALONG RD",2026-09-25T08:25:00Z,,151.5722191,-27.7983368,Toowoomba Regional,6910,https://services.arcgis.com/33eHbTVqo7gtiCE8/arcgis/rest/services/VwErgonOutages/FeatureServer/0,Polygon,"{""type"":""Polygon"",""coordinates"":[[[151.439265846837,-27.7786823418154],[151.439478740946,-27.7779420690821],[151.569106094655,-27.7412705169937],[151.569108469699,-27.7412698495234],[151.59128559933,-27.7350886083427],[151.591290041376,-27.7350873897455],[151.626531433313,-27.7255718880245],[151.626726885739,-27.725554543008],[151.630763121807,-27.7259001782065],[151.630882191043,-27.7259235048766],[151.632172101449,-27.7263262777917],[151.63219813744,-27.7263351313384],[151.638310337387,-27.7285869787555],[151.638604637837,-27.7288835381451],[151.658851934183,-27.7943219399222],[151.658850393541,-27.7945658592099],[151.637928079406,-27.8592527725652],[151.637921889453,-27.8592705149378],[151.632017831493,-27.8750340794936],[151.631496106566,-27.8753406263477],[151.600867348459,-27.8731265553788],[151.600702749238,-27.8730892487524],[151.531781607113,-27.8458477384698],[151.531676258242,-27.8457915664336],[151.45212305616,-27.7906433889293],[151.452068461996,-27.790599468547],[151.439265846837,-27.7786823418154]]]}","{""OBJECTID"":910568,""EVENT_ID"":""26SW11693"",""TYPE"":""UNPLANNED"",""STATUS"":""Crews on route"",""CUSTOMERS_AFFECTED"":192,""SUBURBS"":""BROOKSTEAD, KINCORA, NORTH BRANCH, PAMPAS, PITTSWORTH, SCRUBBY MOUNTAIN, YARRANLEA"",""STREETS"":""BALMORAL RD, BANTRY RD, BLACK GULLY RD, BOUNDARY RD, BYCULLA RD, CLIFTON PITTSWORTH RD, CLIFTON RD, CLIFTON-PITTSWORTH RD, DESMOND LANE, FAIRWAY DR, GIBBS RD, GORE HWY, GUNBOWER RD, HEINEMANN RD, HOGARTH RD, HOLMES RD, JANZ RD, JENTZ RD, KEENE RD, KINCORA RD, LESLIE BRIDGE RD, LOCK RD, MADDERN RD, MANN SILO RD, MORRISON RD, PITTSWORTH-SCRUBBY RD, QUINNS RD, SCHICK RD, SCRUBBY HALL RD, SCRUBBY RD, STIRLING RD, SULLIVAN RD, TUMMAVILLE RD, VALERA RD, YARRAMALONG RD"",""START"":1790324700000,""FINISH"":null,""EST_FIX_TIME"":null,""REASON"":""The loss of supply is due to damage requiring emergency repairs. Fault finding is in progress."",""CRC"":""0C6D2357"",""EXTRACTED"":1790327104897,""SHAPE__Area"":271349576.84375,""SHAPE__Length"":67749.53351673843}"
2026-09-25T12:15:37Z,2026-09-25T22:15:37+10:00,au.qld.ergon,Ergon Energy,au.qld.ergon|unplanned|910570,910570,unplanned,Crews working on-site,The loss of supply is due to public safety concerns as directed by emergency services.,36,true,"AIRLIE BEACH, JUBILEE POCKET","LAGUNA CT, SEAVIEW DR",2026-09-25T11:19:00Z,,148.7135430,-20.2730574,Whitsunday Regional,7340,https://services.arcgis.com/33eHbTVqo7gtiCE8/arcgis/rest/services/VwErgonOutages/FeatureServer/0,Polygon,"{""type"":""Polygon"",""coordinates"":[[[148.71243893656,-20.274047239222],[148.711926124974,-20.2734208803755],[148.712187834697,-20.2728530806484],[148.712259986964,-20.2727430263143],[148.712366871101,-20.2726227417683],[148.712510944124,-20.2725131466738],[148.713440012773,-20.272052342304],[148.713764131091,-20.2720107383289],[148.714294252192,-20.272119208996],[148.714517383044,-20.2722286515697],[148.71506729536,-20.2727074093574],[148.715060240196,-20.273377315563],[148.714753950583,-20.2736335266694],[148.714510350399,-20.2737417874448],[148.71243893656,-20.274047239222]]]}","{""OBJECTID"":910570,""EVENT_ID"":""26MK6046"",""TYPE"":""UNPLANNED"",""STATUS"":""Crews working on-site"",""CUSTOMERS_AFFECTED"":36,""SUBURBS"":""AIRLIE BEACH, JUBILEE POCKET"",""STREETS"":""LAGUNA CT, SEAVIEW DR"",""START"":1790335140000,""FINISH"":null,""EST_FIX_TIME"":null,""REASON"":""The loss of supply is due to public safety concerns as directed by emergency services."",""CRC"":""3D21E2A0"",""EXTRACTED"":1790335204547,""SHAPE__Area"":60498.734375,""SHAPE__Length"":935.6644541287703}"
2026-09-25T12:30:50Z,2026-09-25T22:30:50+10:00,au.qld.energex,Energex,au.qld.energex|unplanned|INCD-983594-g,INCD-983594-g,unplanned,Awaiting,Emergency Repairs,30,true,PULLENVALE,"LYNDALE RD, PULLENVALE RD",2026-09-25T05:33:02Z,2026-09-25T14:30:00Z,152.8906893,-27.5163202,Brisbane City,1000,https://services.arcgis.com/bfVzktoY0OhzQCDj/ArcGIS/rest/services/VwEnergexOutages/FeatureServer/0,Polygon,"{""type"":""Polygon"",""coordinates"":[[[152.885369970362,-27.5173190904535],[152.885264903725,-27.5165517254271],[152.888562068977,-27.5142502730629],[152.888840658839,-27.5141552919698],[152.894998564875,-27.5137909824774],[152.895191609622,-27.5138129815099],[152.895462498775,-27.5138931619176],[152.895747146533,-27.5145382105028],[152.893516677428,-27.5181732768988],[152.893244766653,-27.5183810933283],[152.890551316833,-27.5192499275824],[152.890172055026,-27.5192373980885],[152.885369970362,-27.5173190904535]]]}","{""OBJECTID"":413255,""EVENT_ID"":""INCD-983594-g"",""TYPE"":""UNPLANNED"",""STATUS"":""Awaiting"",""CUSTOMERS_AFFECTED"":30,""SUBURBS"":""PULLENVALE"",""STREETS"":""LYNDALE RD, PULLENVALE RD"",""START"":1790314382876,""FINISH"":null,""EST_FIX_TIME"":1790346600000,""REASON"":""Emergency Repairs"",""CRC"":""5C053A54"",""EXTRACTED"":1790338805278,""SHAPE__Area"":527265.8984375,""SHAPE__Length"":2931.7520249679224}"
2026-09-25T12:30:50Z,2026-09-25T22:30:50+10:00,au.qld.ergon,Ergon Energy,au.qld.ergon|unplanned|910571,910571,unplanned,Crews on route,The loss of supply is due to damage requiring emergency repairs. Fault finding is in progress.,5,true,ALLOWAY,"BARAZZAS RD, NEW FARM RD",2026-09-25T12:04:21Z,,152.3887779,-24.9449006,Bundaberg Regional,1820,https://services.arcgis.com/33eHbTVqo7gtiCE8/arcgis/rest/services/VwErgonOutages/FeatureServer/0,Polygon,"{""type"":""Polygon"",""coordinates"":[[[152.386794756164,-24.9419539230337],[152.387525125287,-24.9414712424875],[152.390483691051,-24.9430368598267],[152.39071724386,-24.9435254286353],[152.389379123986,-24.9489082231769],[152.38889455307,-24.9492586718272],[152.388415164594,-24.9489023474023],[152.386794756164,-24.9419539230337]]]}","{""OBJECTID"":910571,""EVENT_ID"":""26WB8877"",""TYPE"":""UNPLANNED"",""STATUS"":""Outage reported"",""CUSTOMERS_AFFECTED"":5,""SUBURBS"":""ALLOWAY"",""STREETS"":""BARAZZAS RD, NEW FARM RD"",""START"":1790337861000,""FINISH"":null,""EST_FIX_TIME"":null,""REASON"":""The loss of supply is due to damage requiring emergency repairs. Fault finding is in progress."",""CRC"":""A0DD9BAF"",""EXTRACTED"":1790338805015,""SHAPE__Area"":234846.33203125,""SHAPE__Length"":2234.7066757685743}"
2026-09-25T12:30:50Z,2026-09-25T22:30:50+10:00,au.qld.ergon,Ergon Energy,au.qld.ergon|unplanned|910568,910568,unplanned,Crews on route,The loss of supply is due to damage requiring emergency repairs. Fault finding is in progress.,192,true,"BROOKSTEAD, KINCORA, NORTH BRANCH, PAMPAS, PITTSWORTH, SCRUBBY MOUNTAIN, YARRANLEA","BALMORAL RD, BANTRY RD, BLACK GULLY RD, BOUNDARY RD, BYCULLA RD, CLIFTON PITTSWORTH RD, CLIFTON RD, CLIFTON-PITTSWORTH RD, DESMOND LANE, FAIRWAY DR, GIBBS RD, GORE HWY, GUNBOWER RD, HEINEMANN RD, HOGARTH RD, HOLMES RD, JANZ RD, JENTZ RD, KEENE RD, KINCORA RD, LESLIE BRIDGE RD, LOCK RD, MADDERN RD, MANN SILO RD, MORRISON RD, PITTSWORTH-SCRUBBY RD, QUINNS RD, SCHICK RD, SCRUBBY HALL RD, SCRUBBY RD, STIRLING RD, SULLIVAN RD, TUMMAVILLE RD, VALERA RD, YARRAMALONG RD",2026-09-25T08:25:00Z,,151.5722191,-27.7983368,Toowoomba Regional,6910,https://services.arcgis.com/33eHbTVqo7gtiCE8/arcgis/rest/services/VwErgonOutages/FeatureServer/0,Polygon,"{""type"":""Polygon"",""coordinates"":[[[151.439265846837,-27.7786823418154],[151.439478740946,-27.7779420690821],[151.569106094655,-27.7412705169937],[151.569108469699,-27.7412698495234],[151.59128559933,-27.7350886083427],[151.591290041376,-27.7350873897455],[151.626531433313,-27.7255718880245],[151.626726885739,-27.725554543008],[151.630763121807,-27.7259001782065],[151.630882191043,-27.7259235048766],[151.632172101449,-27.7263262777917],[151.63219813744,-27.7263351313384],[151.638310337387,-27.7285869787555],[151.638604637837,-27.7288835381451],[151.658851934183,-27.7943219399222],[151.658850393541,-27.7945658592099],[151.637928079406,-27.8592527725652],[151.637921889453,-27.8592705149378],[151.632017831493,-27.8750340794936],[151.631496106566,-27.8753406263477],[151.600867348459,-27.8731265553788],[151.600702749238,-27.8730892487524],[151.531781607113,-27.8458477384698],[151.531676258242,-27.8457915664336],[151.45212305616,-27.7906433889293],[151.452068461996,-27.790599468547],[151.439265846837,-27.7786823418154]]]}","{""OBJECTID"":910568,""EVENT_ID"":""26SW11693"",""TYPE"":""UNPLANNED"",""STATUS"":""Crews on route"",""CUSTOMERS_AFFECTED"":192,""SUBURBS"":""BROOKSTEAD, KINCORA, NORTH BRANCH, PAMPAS, PITTSWORTH, SCRUBBY MOUNTAIN, YARRANLEA"",""STREETS"":""BALMORAL RD, BANTRY RD, BLACK GULLY RD, BOUNDARY RD, BYCULLA RD, CLIFTON PITTSWORTH RD, CLIFTON RD, CLIFTON-PITTSWORTH RD, DESMOND LANE, FAIRWAY DR, GIBBS RD, GORE HWY, GUNBOWER RD, HEINEMANN RD, HOGARTH RD, HOLMES RD, JANZ RD, JENTZ RD, KEENE RD, KINCORA RD, LESLIE BRIDGE RD, LOCK RD, MADDERN RD, MANN SILO RD, MORRISON RD, PITTSWORTH-SCRUBBY RD, QUINNS RD, SCHICK RD, SCRUBBY HALL RD, SCRUBBY RD, STIRLING RD, SULLIVAN RD, TUMMAVILLE RD, VALERA RD, YARRAMALONG RD"",""START"":1790324700000,""FINISH"":null,""EST_FIX_TIME"":null,""REASON"":""The loss of supply is due to damage requiring emergency repairs. Fault finding is in progress."",""CRC"":""0C6D2357"",""EXTRACTED"":1790327104897,""SHAPE__Area"":271349576.84375,""SHAPE__Length"":67749.53351673843}"
2026-09-25T12:45:42Z,2026-09-25T22:45:42+10:00,au.qld.energex,Energex,au.qld.energex|unplanned|INCD-983594-g,INCD-983594-g,unplanned,Awaiting,Emergency Repairs,30,true,PULLENVALE,"LYNDALE RD, PULLENVALE RD",2026-09-25T05:33:02Z,2026-09-25T14:30:00Z,152.8906893,-27.5163202,Brisbane City,1000,https://services.arcgis.com/bfVzktoY0OhzQCDj/ArcGIS/rest/services/VwEnergexOutages/FeatureServer/0,Polygon,"{""type"":""Polygon"",""coordinates"":[[[152.885369970362,-27.5173190904535],[152.885264903725,-27.5165517254271],[152.888562068977,-27.5142502730629],[152.888840658839,-27.5141552919698],[152.894998564875,-27.5137909824774],[152.895191609622,-27.5138129815099],[152.895462498775,-27.5138931619176],[152.895747146533,-27.5145382105028],[152.893516677428,-27.5181732768988],[152.893244766653,-27.5183810933283],[152.890551316833,-27.5192499275824],[152.890172055026,-27.5192373980885],[152.885369970362,-27.5173190904535]]]}","{""OBJECTID"":413255,""EVENT_ID"":""INCD-983594-g"",""TYPE"":""UNPLANNED"",""STATUS"":""Awaiting"",""CUSTOMERS_AFFECTED"":30,""SUBURBS"":""PULLENVALE"",""STREETS"":""LYNDALE RD, PULLENVALE RD"",""START"":1790314382876,""FINISH"":null,""EST_FIX_TIME"":1790346600000,""REASON"":""Emergency Repairs"",""CRC"":""5C053A54"",""EXTRACTED"":1790338805278,""SHAPE__Area"":527265.8984375,""SHAPE__Length"":2931.7520249679224}"
2026-09-25T12:45:42Z,2026-09-25T22:45:42+10:00,au.qld.ergon,Ergon Energy,au.qld.ergon|unplanned|910571,910571,unplanned,Crews on route,The loss of supply is due to damage requiring emergency repairs. Fault finding is in progress.,5,true,ALLOWAY,"BARAZZAS RD, NEW FARM RD",2026-09-25T12:04:21Z,,152.3887779,-24.9449006,Bundaberg Regional,1820,https://services.arcgis.com/33eHbTVqo7gtiCE8/arcgis/rest/services/VwErgonOutages/FeatureServer/0,Polygon,"{""type"":""Polygon"",""coordinates"":[[[152.386794756164,-24.9419539230337],[152.387525125287,-24.9414712424875],[152.390483691051,-24.9430368598267],[152.39071724386,-24.9435254286353],[152.389379123986,-24.9489082231769],[152.38889455307,-24.9492586718272],[152.388415164594,-24.9489023474023],[152.386794756164,-24.9419539230337]]]}","{""OBJECTID"":910571,""EVENT_ID"":""26WB8877"",""TYPE"":""UNPLANNED"",""STATUS"":""Outage reported"",""CUSTOMERS_AFFECTED"":5,""SUBURBS"":""ALLOWAY"",""STREETS"":""BARAZZAS RD, NEW FARM RD"",""START"":1790337861000,""FINISH"":null,""EST_FIX_TIME"":null,""REASON"":""The loss of supply is due to damage requiring emergency repairs. Fault finding is in progress."",""CRC"":""A0DD9BAF"",""EXTRACTED"":1790338805015,""SHAPE__Area"":234846.33203125,""SHAPE__Length"":2234.7066757685743}"
2026-09-25T12:45:42Z,2026-09-25T22:45:42+10:00,au.qld.ergon,Ergon Energy,au.qld.ergon|unplanned|910568,910568,unplanned,Crews on route,The loss of supply is due to damage requiring emergency repairs. Fault finding is in progress.,192,true,"BROOKSTEAD, KINCORA, NORTH BRANCH, PAMPAS, PITTSWORTH, SCRUBBY MOUNTAIN, YARRANLEA","BALMORAL RD, BANTRY RD, BLACK GULLY RD, BOUNDARY RD, BYCULLA RD, CLIFTON PITTSWORTH RD, CLIFTON RD, CLIFTON-PITTSWORTH RD, DESMOND LANE, FAIRWAY DR, GIBBS RD, GORE HWY, GUNBOWER RD, HEINEMANN RD, HOGARTH RD, HOLMES RD, JANZ RD, JENTZ RD, KEENE RD, KINCORA RD, LESLIE BRIDGE RD, LOCK RD, MADDERN RD, MANN SILO RD, MORRISON RD, PITTSWORTH-SCRUBBY RD, QUINNS RD, SCHICK RD, SCRUBBY HALL RD, SCRUBBY RD, STIRLING RD, SULLIVAN RD, TUMMAVILLE RD, VALERA RD, YARRAMALONG RD",2026-09-25T08:25:00Z,,151.5722191,-27.7983368,Toowoomba Regional,6910,https://services.arcgis.com/33eHbTVqo7gtiCE8/arcgis/rest/services/VwErgonOutages/FeatureServer/0,Polygon,"{""type"":""Polygon"",""coordinates"":[[[151.439265846837,-27.7786823418154],[151.439478740946,-27.7779420690821],[151.569106094655,-27.7412705169937],[151.569108469699,-27.7412698495234],[151.59128559933,-27.7350886083427],[151.591290041376,-27.7350873897455],[151.626531433313,-27.7255718880245],[151.626726885739,-27.725554543008],[151.630763121807,-27.7259001782065],[151.630882191043,-27.7259235048766],[151.632172101449,-27.7263262777917],[151.63219813744,-27.7263351313384],[151.638310337387,-27.7285869787555],[151.638604637837,-27.7288835381451],[151.658851934183,-27.7943219399222],[151.658850393541,-27.7945658592099],[151.637928079406,-27.8592527725652],[151.637921889453,-27.8592705149378],[151.632017831493,-27.8750340794936],[151.631496106566,-27.8753406263477],[151.600867348459,-27.8731265553788],[151.600702749238,-27.8730892487524],[151.531781607113,-27.8458477384698],[151.531676258242,-27.8457915664336],[151.45212305616,-27.7906433889293],[151.452068461996,-27.790599468547],[151.439265846837,-27.7786823418154]]]}","{""OBJECTID"":910568,""EVENT_ID"":""26SW11693"",""TYPE"":""UNPLANNED"",""STATUS"":""Crews on route"",""CUSTOMERS_AFFECTED"":192,""SUBURBS"":""BROOKSTEAD, KINCORA, NORTH BRANCH, PAMPAS, PITTSWORTH, SCRUBBY MOUNTAIN, YARRANLEA"",""STREETS"":""BALMORAL RD, BANTRY RD, BLACK GULLY RD, BOUNDARY RD, BYCULLA RD, CLIFTON PITTSWORTH RD, CLIFTON RD, CLIFTON-PITTSWORTH RD, DESMOND LANE, FAIRWAY DR, GIBBS RD, GORE HWY, GUNBOWER RD, HEINEMANN RD, HOGARTH RD, HOLMES RD, JANZ RD, JENTZ RD, KEENE RD, KINCORA RD, LESLIE BRIDGE RD, LOCK RD, MADDERN RD, MANN SILO RD, MORRISON RD, PITTSWORTH-SCRUBBY RD, QUINNS RD, SCHICK RD, SCRUBBY HALL RD, SCRUBBY RD, STIRLING RD, SULLIVAN RD, TUMMAVILLE RD, VALERA RD, YARRAMALONG RD"",""START"":1790324700000,""FINISH"":null,""EST_FIX_TIME"":null,""REASON"":""The loss of supply is due to damage requiring emergency repairs. Fault finding is in progress."",""CRC"":""0C6D2357"",""EXTRACTED"":1790327104897,""SHAPE__Area"":271349576.84375,""SHAPE__Length"":67749.53351673843}"
2026-09-25T13:01:03Z,2026-09-25T23:01:03+10:00,au.qld.energex,Energex,au.qld.energex|unplanned|INCD-983594-g,INCD-983594-g,unplanned,Awaiting,Emergency Repairs,30,true,PULLENVALE,"LYNDALE RD, PULLENVALE RD",2026-09-25T05:33:02Z,2026-09-25T14:30:00Z,152.8906893,-27.5163202,Brisbane City,1000,https://services.arcgis.com/bfVzktoY0OhzQCDj/ArcGIS/rest/services/VwEnergexOutages/FeatureServer/0,Polygon,"{""type"":""Polygon"",""coordinates"":[[[152.885369970362,-27.5173190904535],[152.885264903725,-27.5165517254271],[152.888562068977,-27.5142502730629],[152.888840658839,-27.5141552919698],[152.894998564875,-27.5137909824774],[152.895191609622,-27.5138129815099],[152.895462498775,-27.5138931619176],[152.895747146533,-27.5145382105028],[152.893516677428,-27.5181732768988],[152.893244766653,-27.5183810933283],[152.890551316833,-27.5192499275824],[152.890172055026,-27.5192373980885],[152.885369970362,-27.5173190904535]]]}","{""OBJECTID"":413255,""EVENT_ID"":""INCD-983594-g"",""TYPE"":""UNPLANNED"",""STATUS"":""Awaiting"",""CUSTOMERS_AFFECTED"":30,""SUBURBS"":""PULLENVALE"",""STREETS"":""LYNDALE RD, PULLENVALE RD"",""START"":1790314382876,""FINISH"":null,""EST_FIX_TIME"":1790346600000,""REASON"":""Emergency Repairs"",""CRC"":""5C053A54"",""EXTRACTED"":1790338805278,""SHAPE__Area"":527265.8984375,""SHAPE__Length"":2931.7520249679224}"
2026-09-25T13:01:03Z,2026-09-25T23:01:03+10:00,au.qld.ergon,Ergon Energy,au.qld.ergon|unplanned|910571,910571,unplanned,Crews on route,The loss of supply is due to damage requiring emergency repairs. Fault finding is in progress.,5,true,ALLOWAY,"BARAZZAS RD, NEW FARM RD",2026-09-25T12:04:21Z,,152.3887779,-24.9449006,Bundaberg Regional,1820,https://services.arcgis.com/33eHbTVqo7gtiCE8/arcgis/rest/services/VwErgonOutages/FeatureServer/0,Polygon,"{""type"":""Polygon"",""coordinates"":[[[152.386794756164,-24.9419539230337],[152.387525125287,-24.9414712424875],[152.390483691051,-24.9430368598267],[152.39071724386,-24.9435254286353],[152.389379123986,-24.9489082231769],[152.38889455307,-24.9492586718272],[152.388415164594,-24.9489023474023],[152.386794756164,-24.9419539230337]]]}","{""OBJECTID"":910571,""EVENT_ID"":""26WB8877"",""TYPE"":""UNPLANNED"",""STATUS"":""Crews on route"",""CUSTOMERS_AFFECTED"":5,""SUBURBS"":""ALLOWAY"",""STREETS"":""BARAZZAS RD, NEW FARM RD"",""START"":1790337861000,""FINISH"":null,""EST_FIX_TIME"":null,""REASON"":""The loss of supply is due to damage requiring emergency repairs. Fault finding is in progress."",""CRC"":""A46A571D"",""EXTRACTED"":1790340605498,""SHAPE__Area"":234846.33203125,""SHAPE__Length"":2234.7066757685743}"
2026-09-25T13:01:03Z,2026-09-25T23:01:03+10:00,au.qld.ergon,Ergon Energy,au.qld.ergon|unplanned|910568,910568,unplanned,Crews on route,The loss of supply is due to damage requiring emergency repairs. Fault finding is in progress.,192,true,"BROOKSTEAD, KINCORA, NORTH BRANCH, PAMPAS, PITTSWORTH, SCRUBBY MOUNTAIN, YARRANLEA","BALMORAL RD, BANTRY RD, BLACK GULLY RD, BOUNDARY RD, BYCULLA RD, CLIFTON PITTSWORTH RD, CLIFTON RD, CLIFTON-PITTSWORTH RD, DESMOND LANE, FAIRWAY DR, GIBBS RD, GORE HWY, GUNBOWER RD, HEINEMANN RD, HOGARTH RD, HOLMES RD, JANZ RD, JENTZ RD, KEENE RD, KINCORA RD, LESLIE BRIDGE RD, LOCK RD, MADDERN RD, MANN SILO RD, MORRISON RD, PITTSWORTH-SCRUBBY RD, QUINNS RD, SCHICK RD, SCRUBBY HALL RD, SCRUBBY RD, STIRLING RD, SULLIVAN RD, TUMMAVILLE RD, VALERA RD, YARRAMALONG RD",2026-09-25T08:25:00Z,,151.5722191,-27.7983368,Toowoomba Regional,6910,https://services.arcgis.com/33eHbTVqo7gtiCE8/arcgis/rest/services/VwErgonOutages/FeatureServer/0,Polygon,"{""type"":""Polygon"",""coordinates"":[[[151.439265846837,-27.7786823418154],[151.439478740946,-27.7779420690821],[151.569106094655,-27.7412705169937],[151.569108469699,-27.7412698495234],[151.59128559933,-27.7350886083427],[151.591290041376,-27.7350873897455],[151.626531433313,-27.7255718880245],[151.626726885739,-27.725554543008],[151.630763121807,-27.7259001782065],[151.630882191043,-27.7259235048766],[151.632172101449,-27.7263262777917],[151.63219813744,-27.7263351313384],[151.638310337387,-27.7285869787555],[151.638604637837,-27.7288835381451],[151.658851934183,-27.7943219399222],[151.658850393541,-27.7945658592099],[151.637928079406,-27.8592527725652],[151.637921889453,-27.8592705149378],[151.632017831493,-27.8750340794936],[151.631496106566,-27.8753406263477],[151.600867348459,-27.8731265553788],[151.600702749238,-27.8730892487524],[151.531781607113,-27.8458477384698],[151.531676258242,-27.8457915664336],[151.45212305616,-27.7906433889293],[151.452068461996,-27.790599468547],[151.439265846837,-27.7786823418154]]]}","{""OBJECTID"":910568,""EVENT_ID"":""26SW11693"",""TYPE"":""UNPLANNED"",""STATUS"":""Crews on route"",""CUSTOMERS_AFFECTED"":192,""SUBURBS"":""BROOKSTEAD, KINCORA, NORTH BRANCH, PAMPAS, PITTSWORTH, SCRUBBY MOUNTAIN, YARRANLEA"",""STREETS"":""BALMORAL RD, BANTRY RD, BLACK GULLY RD, BOUNDARY RD, BYCULLA RD, CLIFTON PITTSWORTH RD, CLIFTON RD, CLIFTON-PITTSWORTH RD, DESMOND LANE, FAIRWAY DR, GIBBS RD, GORE HWY, GUNBOWER RD, HEINEMANN RD, HOGARTH RD, HOLMES RD, JANZ RD, JENTZ RD, KEENE RD, KINCORA RD, LESLIE BRIDGE RD, LOCK RD, MADDERN RD, MANN SILO RD, MORRISON RD, PITTSWORTH-SCRUBBY RD, QUINNS RD, SCHICK RD, SCRUBBY HALL RD, SCRUBBY RD, STIRLING RD, SULLIVAN RD, TUMMAVILLE RD, VALERA RD, YARRAMALONG RD"",""START"":1790324700000,""FINISH"":null,""EST_FIX_TIME"":null,""REASON"":""The loss of supply is due to damage requiring emergency repairs. Fault finding is in progress."",""CRC"":""0C6D2357"",""EXTRACTED"":1790327104897,""SHAPE__Area"":271349576.84375,""SHAPE__Length"":67749.53351673843}"
2026-09-25T13:15:41Z,2026-09-25T23:15:41+10:00,au.qld.energex,Energex,au.qld.energex|unplanned|INCD-983594-g,INCD-983594-g,unplanned,Awaiting,Emergency Repairs,30,true,PULLENVALE,"LYNDALE RD, PULLENVALE RD",2026-09-25T05:33:02Z,2026-09-25T14:30:00Z,152.8906893,-27.5163202,Brisbane City,1000,https://services.arcgis.com/bfVzktoY0OhzQCDj/ArcGIS/rest/services/VwEnergexOutages/FeatureServer/0,Polygon,"{""type"":""Polygon"",""coordinates"":[[[152.885369970362,-27.5173190904535],[152.885264903725,-27.5165517254271],[152.888562068977,-27.5142502730629],[152.888840658839,-27.5141552919698],[152.894998564875,-27.5137909824774],[152.895191609622,-27.5138129815099],[152.895462498775,-27.5138931619176],[152.895747146533,-27.5145382105028],[152.893516677428,-27.5181732768988],[152.893244766653,-27.5183810933283],[152.890551316833,-27.5192499275824],[152.890172055026,-27.5192373980885],[152.885369970362,-27.5173190904535]]]}","{""OBJECTID"":413255,""EVENT_ID"":""INCD-983594-g"",""TYPE"":""UNPLANNED"",""STATUS"":""Awaiting"",""CUSTOMERS_AFFECTED"":30,""SUBURBS"":""PULLENVALE"",""STREETS"":""LYNDALE RD, PULLENVALE RD"",""START"":1790314382876,""FINISH"":null,""EST_FIX_TIME"":1790346600000,""REASON"":""Emergency Repairs"",""CRC"":""5C053A54"",""EXTRACTED"":1790338805278,""SHAPE__Area"":527265.8984375,""SHAPE__Length"":2931.7520249679224}"
2026-09-25T13:15:41Z,2026-09-25T23:15:41+10:00,au.qld.ergon,Ergon Energy,au.qld.ergon|unplanned|910571,910571,unplanned,Crews on route,The loss of supply is due to damage requiring emergency repairs. Fault finding is in progress.,5,true,ALLOWAY,"BARAZZAS RD, NEW FARM RD",2026-09-25T12:04:21Z,,152.3887779,-24.9449006,Bundaberg Regional,1820,https://services.arcgis.com/33eHbTVqo7gtiCE8/arcgis/rest/services/VwErgonOutages/FeatureServer/0,Polygon,"{""type"":""Polygon"",""coordinates"":[[[152.386794756164,-24.9419539230337],[152.387525125287,-24.9414712424875],[152.390483691051,-24.9430368598267],[152.39071724386,-24.9435254286353],[152.389379123986,-24.9489082231769],[152.38889455307,-24.9492586718272],[152.388415164594,-24.9489023474023],[152.386794756164,-24.9419539230337]]]}","{""OBJECTID"":910571,""EVENT_ID"":""26WB8877"",""TYPE"":""UNPLANNED"",""STATUS"":""Crews on route"",""CUSTOMERS_AFFECTED"":5,""SUBURBS"":""ALLOWAY"",""STREETS"":""BARAZZAS RD, NEW FARM RD"",""START"":1790337861000,""FINISH"":null,""EST_FIX_TIME"":null,""REASON"":""The loss of supply is due to damage requiring emergency repairs. Fault finding is in progress."",""CRC"":""A46A571D"",""EXTRACTED"":1790340605498,""SHAPE__Area"":234846.33203125,""SHAPE__Length"":2234.7066757685743}"
2026-09-25T13:15:41Z,2026-09-25T23:15:41+10:00,au.qld.ergon,Ergon Energy,au.qld.ergon|unplanned|910568,910568,unplanned,Crews on route,The loss of supply is due to damage requiring emergency repairs. Fault finding is in progress.,192,true,"BROOKSTEAD, KINCORA, NORTH BRANCH, PAMPAS, PITTSWORTH, SCRUBBY MOUNTAIN, YARRANLEA","BALMORAL RD, BANTRY RD, BLACK GULLY RD, BOUNDARY RD, BYCULLA RD, CLIFTON PITTSWORTH RD, CLIFTON RD, CLIFTON-PITTSWORTH RD, DESMOND LANE, FAIRWAY DR, GIBBS RD, GORE HWY, GUNBOWER RD, HEINEMANN RD, HOGARTH RD, HOLMES RD, JANZ RD, JENTZ RD, KEENE RD, KINCORA RD, LESLIE BRIDGE RD, LOCK RD, MADDERN RD, MANN SILO RD, MORRISON RD, PITTSWORTH-SCRUBBY RD, QUINNS RD, SCHICK RD, SCRUBBY HALL RD, SCRUBBY RD, STIRLING RD, SULLIVAN RD, TUMMAVILLE RD, VALERA RD, YARRAMALONG RD",2026-09-25T08:25:00Z,,151.5722191,-27.7983368,Toowoomba Regional,6910,https://services.arcgis.com/33eHbTVqo7gtiCE8/arcgis/rest/services/VwErgonOutages/FeatureServer/0,Polygon,"{""type"":""Polygon"",""coordinates"":[[[151.439265846837,-27.7786823418154],[151.439478740946,-27.7779420690821],[151.569106094655,-27.7412705169937],[151.569108469699,-27.7412698495234],[151.59128559933,-27.7350886083427],[151.591290041376,-27.7350873897455],[151.626531433313,-27.7255718880245],[151.626726885739,-27.725554543008],[151.630763121807,-27.7259001782065],[151.630882191043,-27.7259235048766],[151.632172101449,-27.7263262777917],[151.63219813744,-27.7263351313384],[151.638310337387,-27.7285869787555],[151.638604637837,-27.7288835381451],[151.658851934183,-27.7943219399222],[151.658850393541,-27.7945658592099],[151.637928079406,-27.8592527725652],[151.637921889453,-27.8592705149378],[151.632017831493,-27.8750340794936],[151.631496106566,-27.8753406263477],[151.600867348459,-27.8731265553788],[151.600702749238,-27.8730892487524],[151.531781607113,-27.8458477384698],[151.531676258242,-27.8457915664336],[151.45212305616,-27.7906433889293],[151.452068461996,-27.790599468547],[151.439265846837,-27.7786823418154]]]}","{""OBJECTID"":910568,""EVENT_ID"":""26SW11693"",""TYPE"":""UNPLANNED"",""STATUS"":""Crews on route"",""CUSTOMERS_AFFECTED"":192,""SUBURBS"":""BROOKSTEAD, KINCORA, NORTH BRANCH, PAMPAS, PITTSWORTH, SCRUBBY MOUNTAIN, YARRANLEA"",""STREETS"":""BALMORAL RD, BANTRY RD, BLACK GULLY RD, BOUNDARY RD, BYCULLA RD, CLIFTON PITTSWORTH RD, CLIFTON RD, CLIFTON-PITTSWORTH RD, DESMOND LANE, FAIRWAY DR, GIBBS RD, GORE HWY, GUNBOWER RD, HEINEMANN RD, HOGARTH RD, HOLMES RD, JANZ RD, JENTZ RD, KEENE RD, KINCORA RD, LESLIE BRIDGE RD, LOCK RD, MADDERN RD, MANN SILO RD, MORRISON RD, PITTSWORTH-SCRUBBY RD, QUINNS RD, SCHICK RD, SCRUBBY HALL RD, SCRUBBY RD, STIRLING RD, SULLIVAN RD, TUMMAVILLE RD, VALERA RD, YARRAMALONG RD"",""START"":1790324700000,""FINISH"":null,""EST_FIX_TIME"":null,""REASON"":""The loss of supply is due to damage requiring emergency repairs. Fault finding is in progress."",""CRC"":""0C6D2357"",""EXTRACTED"":1790327104897,""SHAPE__Area"":271349576.84375,""SHAPE__Length"":67749.53351673843}"
2026-09-25T13:31:12Z,2026-09-25T23:31:12+10:00,au.qld.ergon,Ergon Energy,au.qld.ergon|unplanned|910571,910571,unplanned,Crews on route,The loss of supply is due to damage requiring emergency repairs. Fault finding is in progress.,5,true,ALLOWAY,"BARAZZAS RD, NEW FARM RD",2026-09-25T12:04:21Z,,152.3887779,-24.9449006,Bundaberg Regional,1820,https://services.arcgis.com/33eHbTVqo7gtiCE8/arcgis/rest/services/VwErgonOutages/FeatureServer/0,Polygon,"{""type"":""Polygon"",""coordinates"":[[[152.386794756164,-24.9419539230337],[152.387525125287,-24.9414712424875],[152.390483691051,-24.9430368598267],[152.39071724386,-24.9435254286353],[152.389379123986,-24.9489082231769],[152.38889455307,-24.9492586718272],[152.388415164594,-24.9489023474023],[152.386794756164,-24.9419539230337]]]}","{""OBJECTID"":910571,""EVENT_ID"":""26WB8877"",""TYPE"":""UNPLANNED"",""STATUS"":""Crews on route"",""CUSTOMERS_AFFECTED"":5,""SUBURBS"":""ALLOWAY"",""STREETS"":""BARAZZAS RD, NEW FARM RD"",""START"":1790337861000,""FINISH"":null,""EST_FIX_TIME"":null,""REASON"":""The loss of supply is due to damage requiring emergency repairs. Fault finding is in progress."",""CRC"":""A46A571D"",""EXTRACTED"":1790340605498,""SHAPE__Area"":234846.33203125,""SHAPE__Length"":2234.7066757685743}"
2026-09-25T13:31:12Z,2026-09-25T23:31:12+10:00,au.qld.ergon,Ergon Energy,au.qld.ergon|unplanned|910572,910572,unplanned,Crews working on-site,The loss of supply is due to public safety concerns.,766,true,"ALEXANDRA, BAKERS CREEK, COLSTON PARK, GREENMOUNT, HOMEBUSH, MACKAY, PALMYRA, PLEYSTOWE, SANDIFORD, SOUTH BINGERA, WALKERSTON","ALEXANDRIA RD, ANNE ST, BATTAIA PL, BELLS RD, BOLD ST, BRANSCOMBE RD, BRIDGE ST, CREEK ST, DANE ST, DAVIDSON ST, DENT ST, DUTTON ST, FADDEN ST, FORD ST, GRANTS RD, GRIMAS RD, HIGH ST, HOMEBUSH RD, KEILBACHS RD, KELLYS RD, LORNE RD, MACKAY EUNGELLA RD, MCCOLL ST, OLD PLEYSTOWE RD, PALMS RD, PEAK DOWNS HWY, PERRY RD, PITKIN ST, POUND ST, PUGSLEY ST, SARINA MARLBOROUGH RD, SAUNDERS ST, SCOTTS RD, SILINGARDIES RD, STATESMAN DR, STEWART ST, STOCKROUTE RD, TIDEMANN ST, WALKERSTON HOMEBUSH RD, WALKERSTON-HOMEBUSH RD, WEIGANDS RD, YOUNGS LANE",2026-09-25T13:03:00Z,,149.0721229,-21.1872610,Mackay Regional,4770,https://services.arcgis.com/33eHbTVqo7gtiCE8/arcgis/rest/services/VwErgonOutages/FeatureServer/0,Polygon,"{""type"":""Polygon"",""coordinates"":[[[149.041390369346,-21.1452695664762],[149.041851724436,-21.1447819604958],[149.075181966783,-21.1435839851617],[149.075305226553,-21.1435944832701],[149.075361484245,-21.1436062562963],[149.075433682133,-21.1436270613479],[149.099047911767,-21.152385091593],[149.099347836615,-21.1527436517101],[149.099510824865,-21.1538586516651],[149.099514788797,-21.1539405373556],[149.096016047527,-21.2259935255033],[149.095961259971,-21.2261830431948],[149.085548457749,-21.2447571322934],[149.084880415504,-21.2449375662497],[149.083542242781,-21.2442094987468],[149.083487530799,-21.2441748227304],[149.077305528078,-21.2396478264554],[149.07726246237,-21.2396122154599],[149.047231788099,-21.2116155765075],[149.047091386988,-21.2113318687277],[149.041390369346,-21.1452695664762]]]}","{""OBJECTID"":910572,""EVENT_ID"":""26MK6049"",""TYPE"":""UNPLANNED"",""STATUS"":""Crews working on-site"",""CUSTOMERS_AFFECTED"":766,""SUBURBS"":""ALEXANDRA, BAKERS CREEK, COLSTON PARK, GREENMOUNT, HOMEBUSH, MACKAY, PALMYRA, PLEYSTOWE, SANDIFORD, SOUTH BINGERA, WALKERSTON"",""STREETS"":""ALEXANDRIA RD, ANNE ST, BATTAIA PL, BELLS RD, BOLD ST, BRANSCOMBE RD, BRIDGE ST, CREEK ST, DANE ST, DAVIDSON ST, DENT ST, DUTTON ST, FADDEN ST, FORD ST, GRANTS RD, GRIMAS RD, HIGH ST, HOMEBUSH RD, KEILBACHS RD, KELLYS RD, LORNE RD, MACKAY EUNGELLA RD, MCCOLL ST, OLD PLEYSTOWE RD, PALMS RD, PEAK DOWNS HWY, PERRY RD, PITKIN ST, POUND ST, PUGSLEY ST, SARINA MARLBOROUGH RD, SAUNDERS ST, SCOTTS RD, SILINGARDIES RD, STATESMAN DR, STEWART ST, STOCKROUTE RD, TIDEMANN ST, WALKERSTON HOMEBUSH RD, WALKERSTON-HOMEBUSH RD, WEIGANDS RD, YOUNGS LANE"",""START"":1790341380000,""FINISH"":null,""EST_FIX_TIME"":null,""REASON"":""The loss of supply is due to public safety concerns."",""CRC"":""32EB1790"",""EXTRACTED"":1790341804976,""SHAPE__Area"":59612966.95703125,""SHAPE__Length"":31800.616375945134}"
2026-09-25T13:31:12Z,2026-09-25T23:31:12+10:00,au.qld.ergon,Ergon Energy,au.qld.ergon|unplanned|910568,910568,unplanned,Crews on route,The loss of supply is due to damage requiring emergency repairs. Fault finding is in progress.,6,true,KINCORA,GUNBOWER RD,2026-09-25T08:25:00Z,,151.5936755,-27.8322884,Toowoomba Regional,6910,https://services.arcgis.com/33eHbTVqo7gtiCE8/arcgis/rest/services/VwErgonOutages/FeatureServer/0,Polygon,"{""type"":""Polygon"",""coordinates"":[[[151.579079483713,-27.8248228192932],[151.579080418815,-27.8241422773379],[151.57970881972,-27.8236593697812],[151.580221612418,-27.8235797032648],[151.600786465268,-27.8306014312671],[151.601102181051,-27.830936317137],[151.603047128431,-27.8398821788103],[151.603052771123,-27.8399143236399],[151.603380690481,-27.8423593621334],[151.603119179991,-27.8428084517411],[151.602553097069,-27.8427582484639],[151.596230109918,-27.8380645948146],[151.596222681381,-27.8380589712007],[151.579079483713,-27.8248228192932]]]}","{""OBJECTID"":910568,""EVENT_ID"":""26SW11693"",""TYPE"":""UNPLANNED"",""STATUS"":""Crews on route"",""CUSTOMERS_AFFECTED"":6,""SUBURBS"":""KINCORA"",""STREETS"":""GUNBOWER RD"",""START"":1790324700000,""FINISH"":null,""EST_FIX_TIME"":null,""REASON"":""The loss of supply is due to damage requiring emergency repairs. Fault finding is in progress."",""CRC"":""F4BD3BC9"",""EXTRACTED"":1790342705067,""SHAPE__Area"":2152298.875,""SHAPE__Length"":7786.395961552686}"
2026-09-25T13:45:49Z,2026-09-25T23:45:49+10:00,au.qld.ergon,Ergon Energy,au.qld.ergon|unplanned|910571,910571,unplanned,Crews on route,The loss of supply is due to damage requiring emergency repairs. Fault finding is in progress.,5,true,ALLOWAY,"BARAZZAS RD, NEW FARM RD",2026-09-25T12:04:21Z,,152.3887779,-24.9449006,Bundaberg Regional,1820,https://services.arcgis.com/33eHbTVqo7gtiCE8/arcgis/rest/services/VwErgonOutages/FeatureServer/0,Polygon,"{""type"":""Polygon"",""coordinates"":[[[152.386794756164,-24.9419539230337],[152.387525125287,-24.9414712424875],[152.390483691051,-24.9430368598267],[152.39071724386,-24.9435254286353],[152.389379123986,-24.9489082231769],[152.38889455307,-24.9492586718272],[152.388415164594,-24.9489023474023],[152.386794756164,-24.9419539230337]]]}","{""OBJECTID"":910571,""EVENT_ID"":""26WB8877"",""TYPE"":""UNPLANNED"",""STATUS"":""Crews on route"",""CUSTOMERS_AFFECTED"":5,""SUBURBS"":""ALLOWAY"",""STREETS"":""BARAZZAS RD, NEW FARM RD"",""START"":1790337861000,""FINISH"":null,""EST_FIX_TIME"":null,""REASON"":""The loss of supply is due to damage requiring emergency repairs. Fault finding is in progress."",""CRC"":""A46A571D"",""EXTRACTED"":1790340605498,""SHAPE__Area"":234846.33203125,""SHAPE__Length"":2234.7066757685743}"
2026-09-25T13:45:49Z,2026-09-25T23:45:49+10:00,au.qld.ergon,Ergon Energy,au.qld.ergon|unplanned|910572,910572,unplanned,Crews working on-site,The loss of supply is due to public safety concerns.,766,true,"ALEXANDRA, BAKERS CREEK, COLSTON PARK, GREENMOUNT, HOMEBUSH, MACKAY, PALMYRA, PLEYSTOWE, SANDIFORD, SOUTH BINGERA, WALKERSTON","ALEXANDRIA RD, ANNE ST, BATTAIA PL, BELLS RD, BOLD ST, BRANSCOMBE RD, BRIDGE ST, CREEK ST, DANE ST, DAVIDSON ST, DENT ST, DUTTON ST, FADDEN ST, FORD ST, GRANTS RD, GRIMAS RD, HIGH ST, HOMEBUSH RD, KEILBACHS RD, KELLYS RD, LORNE RD, MACKAY EUNGELLA RD, MCCOLL ST, OLD PLEYSTOWE RD, PALMS RD, PEAK DOWNS HWY, PERRY RD, PITKIN ST, POUND ST, PUGSLEY ST, SARINA MARLBOROUGH RD, SAUNDERS ST, SCOTTS RD, SILINGARDIES RD, STATESMAN DR, STEWART ST, STOCKROUTE RD, TIDEMANN ST, WALKERSTON HOMEBUSH RD, WALKERSTON-HOMEBUSH RD, WEIGANDS RD, YOUNGS LANE",2026-09-25T13:03:00Z,,149.0721229,-21.1872610,Mackay Regional,4770,https://services.arcgis.com/33eHbTVqo7gtiCE8/arcgis/rest/services/VwErgonOutages/FeatureServer/0,Polygon,"{""type"":""Polygon"",""coordinates"":[[[149.041390369346,-21.1452695664762],[149.041851724436,-21.1447819604958],[149.075181966783,-21.1435839851617],[149.075305226553,-21.1435944832701],[149.075361484245,-21.1436062562963],[149.075433682133,-21.1436270613479],[149.099047911767,-21.152385091593],[149.099347836615,-21.1527436517101],[149.099510824865,-21.1538586516651],[149.099514788797,-21.1539405373556],[149.096016047527,-21.2259935255033],[149.095961259971,-21.2261830431948],[149.085548457749,-21.2447571322934],[149.084880415504,-21.2449375662497],[149.083542242781,-21.2442094987468],[149.083487530799,-21.2441748227304],[149.077305528078,-21.2396478264554],[149.07726246237,-21.2396122154599],[149.047231788099,-21.2116155765075],[149.047091386988,-21.2113318687277],[149.041390369346,-21.1452695664762]]]}","{""OBJECTID"":910572,""EVENT_ID"":""26MK6049"",""TYPE"":""UNPLANNED"",""STATUS"":""Crews working on-site"",""CUSTOMERS_AFFECTED"":766,""SUBURBS"":""ALEXANDRA, BAKERS CREEK, COLSTON PARK, GREENMOUNT, HOMEBUSH, MACKAY, PALMYRA, PLEYSTOWE, SANDIFORD, SOUTH BINGERA, WALKERSTON"",""STREETS"":""ALEXANDRIA RD, ANNE ST, BATTAIA PL, BELLS RD, BOLD ST, BRANSCOMBE RD, BRIDGE ST, CREEK ST, DANE ST, DAVIDSON ST, DENT ST, DUTTON ST, FADDEN ST, FORD ST, GRANTS RD, GRIMAS RD, HIGH ST, HOMEBUSH RD, KEILBACHS RD, KELLYS RD, LORNE RD, MACKAY EUNGELLA RD, MCCOLL ST, OLD PLEYSTOWE RD, PALMS RD, PEAK DOWNS HWY, PERRY RD, PITKIN ST, POUND ST, PUGSLEY ST, SARINA MARLBOROUGH RD, SAUNDERS ST, SCOTTS RD, SILINGARDIES RD, STATESMAN DR, STEWART ST, STOCKROUTE RD, TIDEMANN ST, WALKERSTON HOMEBUSH RD, WALKERSTON-HOMEBUSH RD, WEIGANDS RD, YOUNGS LANE"",""START"":1790341380000,""FINISH"":null,""EST_FIX_TIME"":null,""REASON"":""The loss of supply is due to public safety concerns."",""CRC"":""32EB1790"",""EXTRACTED"":1790341804976,""SHAPE__Area"":59612966.95703125,""SHAPE__Length"":31800.616375945134}"
2026-09-25T13:45:49Z,2026-09-25T23:45:49+10:00,au.qld.ergon,Ergon Energy,au.qld.ergon|unplanned|910568,910568,unplanned,Crews on route,The loss of supply is due to damage requiring emergency repairs. Fault finding is in progress.,6,true,KINCORA,GUNBOWER RD,2026-09-25T08:25:00Z,,151.5936755,-27.8322884,Toowoomba Regional,6910,https://services.arcgis.com/33eHbTVqo7gtiCE8/arcgis/rest/services/VwErgonOutages/FeatureServer/0,Polygon,"{""type"":""Polygon"",""coordinates"":[[[151.579079483713,-27.8248228192932],[151.579080418815,-27.8241422773379],[151.57970881972,-27.8236593697812],[151.580221612418,-27.8235797032648],[151.600786465268,-27.8306014312671],[151.601102181051,-27.830936317137],[151.603047128431,-27.8398821788103],[151.603052771123,-27.8399143236399],[151.603380690481,-27.8423593621334],[151.603119179991,-27.8428084517411],[151.602553097069,-27.8427582484639],[151.596230109918,-27.8380645948146],[151.596222681381,-27.8380589712007],[151.579079483713,-27.8248228192932]]]}","{""OBJECTID"":910568,""EVENT_ID"":""26SW11693"",""TYPE"":""UNPLANNED"",""STATUS"":""Crews on route"",""CUSTOMERS_AFFECTED"":6,""SUBURBS"":""KINCORA"",""STREETS"":""GUNBOWER RD"",""START"":1790324700000,""FINISH"":null,""EST_FIX_TIME"":null,""REASON"":""The loss of supply is due to damage requiring emergency repairs. Fault finding is in progress."",""CRC"":""F4BD3BC9"",""EXTRACTED"":1790342705067,""SHAPE__Area"":2152298.875,""SHAPE__Length"":7786.395961552686}"
2026-09-25T14:01:02Z,2026-09-26T00:01:02+10:00,au.qld.ergon,Ergon Energy,au.qld.ergon|unplanned|910571,910571,unplanned,Crews on route,The loss of supply is due to damage requiring emergency repairs. Fault finding is in progress.,5,true,ALLOWAY,"BARAZZAS RD, NEW FARM RD",2026-09-25T12:04:21Z,,152.3887779,-24.9449006,Bundaberg Regional,1820,https://services.arcgis.com/33eHbTVqo7gtiCE8/arcgis/rest/services/VwErgonOutages/FeatureServer/0,Polygon,"{""type"":""Polygon"",""coordinates"":[[[152.386794756164,-24.9419539230337],[152.387525125287,-24.9414712424875],[152.390483691051,-24.9430368598267],[152.39071724386,-24.9435254286353],[152.389379123986,-24.9489082231769],[152.38889455307,-24.9492586718272],[152.388415164594,-24.9489023474023],[152.386794756164,-24.9419539230337]]]}","{""OBJECTID"":910571,""EVENT_ID"":""26WB8877"",""TYPE"":""UNPLANNED"",""STATUS"":""Crews on route"",""CUSTOMERS_AFFECTED"":5,""SUBURBS"":""ALLOWAY"",""STREETS"":""BARAZZAS RD, NEW FARM RD"",""START"":1790337861000,""FINISH"":null,""EST_FIX_TIME"":null,""REASON"":""The loss of supply is due to damage requiring emergency repairs. Fault finding is in progress."",""CRC"":""A46A571D"",""EXTRACTED"":1790340605498,""SHAPE__Area"":234846.33203125,""SHAPE__Length"":2234.7066757685743}"
2026-09-25T14:01:02Z,2026-09-26T00:01:02+10:00,au.qld.ergon,Ergon Energy,au.qld.ergon|unplanned|910572,910572,unplanned,Crews working on-site,The loss of supply is due to public safety concerns.,766,true,"ALEXANDRA, BAKERS CREEK, COLSTON PARK, GREENMOUNT, HOMEBUSH, MACKAY, PALMYRA, PLEYSTOWE, SANDIFORD, SOUTH BINGERA, WALKERSTON","ALEXANDRIA RD, ANNE ST, BATTAIA PL, BELLS RD, BOLD ST, BRANSCOMBE RD, BRIDGE ST, CREEK ST, DANE ST, DAVIDSON ST, DENT ST, DUTTON ST, FADDEN ST, FORD ST, GRANTS RD, GRIMAS RD, HIGH ST, HOMEBUSH RD, KEILBACHS RD, KELLYS RD, LORNE RD, MACKAY EUNGELLA RD, MCCOLL ST, OLD PLEYSTOWE RD, PALMS RD, PEAK DOWNS HWY, PERRY RD, PITKIN ST, POUND ST, PUGSLEY ST, SARINA MARLBOROUGH RD, SAUNDERS ST, SCOTTS RD, SILINGARDIES RD, STATESMAN DR, STEWART ST, STOCKROUTE RD, TIDEMANN ST, WALKERSTON HOMEBUSH RD, WALKERSTON-HOMEBUSH RD, WEIGANDS RD, YOUNGS LANE",2026-09-25T13:03:00Z,,149.0721229,-21.1872610,Mackay Regional,4770,https://services.arcgis.com/33eHbTVqo7gtiCE8/arcgis/rest/services/VwErgonOutages/FeatureServer/0,Polygon,"{""type"":""Polygon"",""coordinates"":[[[149.041390369346,-21.1452695664762],[149.041851724436,-21.1447819604958],[149.075181966783,-21.1435839851617],[149.075305226553,-21.1435944832701],[149.075361484245,-21.1436062562963],[149.075433682133,-21.1436270613479],[149.099047911767,-21.152385091593],[149.099347836615,-21.1527436517101],[149.099510824865,-21.1538586516651],[149.099514788797,-21.1539405373556],[149.096016047527,-21.2259935255033],[149.095961259971,-21.2261830431948],[149.085548457749,-21.2447571322934],[149.084880415504,-21.2449375662497],[149.083542242781,-21.2442094987468],[149.083487530799,-21.2441748227304],[149.077305528078,-21.2396478264554],[149.07726246237,-21.2396122154599],[149.047231788099,-21.2116155765075],[149.047091386988,-21.2113318687277],[149.041390369346,-21.1452695664762]]]}","{""OBJECTID"":910572,""EVENT_ID"":""26MK6049"",""TYPE"":""UNPLANNED"",""STATUS"":""Crews working on-site"",""CUSTOMERS_AFFECTED"":766,""SUBURBS"":""ALEXANDRA, BAKERS CREEK, COLSTON PARK, GREENMOUNT, HOMEBUSH, MACKAY, PALMYRA, PLEYSTOWE, SANDIFORD, SOUTH BINGERA, WALKERSTON"",""STREETS"":""ALEXANDRIA RD, ANNE ST, BATTAIA PL, BELLS RD, BOLD ST, BRANSCOMBE RD, BRIDGE ST, CREEK ST, DANE ST, DAVIDSON ST, DENT ST, DUTTON ST, FADDEN ST, FORD ST, GRANTS RD, GRIMAS RD, HIGH ST, HOMEBUSH RD, KEILBACHS RD, KELLYS RD, LORNE RD, MACKAY EUNGELLA RD, MCCOLL ST, OLD PLEYSTOWE RD, PALMS RD, PEAK DOWNS HWY, PERRY RD, PITKIN ST, POUND ST, PUGSLEY ST, SARINA MARLBOROUGH RD, SAUNDERS ST, SCOTTS RD, SILINGARDIES RD, STATESMAN DR, STEWART ST, STOCKROUTE RD, TIDEMANN ST, WALKERSTON HOMEBUSH RD, WALKERSTON-HOMEBUSH RD, WEIGANDS RD, YOUNGS LANE"",""START"":1790341380000,""FINISH"":null,""EST_FIX_TIME"":null,""REASON"":""The loss of supply is due to public safety concerns."",""CRC"":""32EB1790"",""EXTRACTED"":1790341804976,""SHAPE__Area"":59612966.95703125,""SHAPE__Length"":31800.616375945134}"
2026-09-25T14:15:49Z,2026-09-26T00:15:49+10:00,au.qld.ergon,Ergon Energy,au.qld.ergon|unplanned|910572,910572,unplanned,Crews working on-site,The loss of supply is due to public safety concerns.,766,true,"ALEXANDRA, BAKERS CREEK, COLSTON PARK, GREENMOUNT, HOMEBUSH, MACKAY, PALMYRA, PLEYSTOWE, SANDIFORD, SOUTH BINGERA, WALKERSTON","ALEXANDRIA RD, ANNE ST, BATTAIA PL, BELLS RD, BOLD ST, BRANSCOMBE RD, BRIDGE ST, CREEK ST, DANE ST, DAVIDSON ST, DENT ST, DUTTON ST, FADDEN ST, FORD ST, GRANTS RD, GRIMAS RD, HIGH ST, HOMEBUSH RD, KEILBACHS RD, KELLYS RD, LORNE RD, MACKAY EUNGELLA RD, MCCOLL ST, OLD PLEYSTOWE RD, PALMS RD, PEAK DOWNS HWY, PERRY RD, PITKIN ST, POUND ST, PUGSLEY ST, SARINA MARLBOROUGH RD, SAUNDERS ST, SCOTTS RD, SILINGARDIES RD, STATESMAN DR, STEWART ST, STOCKROUTE RD, TIDEMANN ST, WALKERSTON HOMEBUSH RD, WALKERSTON-HOMEBUSH RD, WEIGANDS RD, YOUNGS LANE",2026-09-25T13:03:00Z,,149.0721229,-21.1872610,Mackay Regional,4770,https://services.arcgis.com/33eHbTVqo7gtiCE8/arcgis/rest/services/VwErgonOutages/FeatureServer/0,Polygon,"{""type"":""Polygon"",""coordinates"":[[[149.041390369346,-21.1452695664762],[149.041851724436,-21.1447819604958],[149.075181966783,-21.1435839851617],[149.075305226553,-21.1435944832701],[149.075361484245,-21.1436062562963],[149.075433682133,-21.1436270613479],[149.099047911767,-21.152385091593],[149.099347836615,-21.1527436517101],[149.099510824865,-21.1538586516651],[149.099514788797,-21.1539405373556],[149.096016047527,-21.2259935255033],[149.095961259971,-21.2261830431948],[149.085548457749,-21.2447571322934],[149.084880415504,-21.2449375662497],[149.083542242781,-21.2442094987468],[149.083487530799,-21.2441748227304],[149.077305528078,-21.2396478264554],[149.07726246237,-21.2396122154599],[149.047231788099,-21.2116155765075],[149.047091386988,-21.2113318687277],[149.041390369346,-21.1452695664762]]]}","{""OBJECTID"":910572,""EVENT_ID"":""26MK6049"",""TYPE"":""UNPLANNED"",""STATUS"":""Crews working on-site"",""CUSTOMERS_AFFECTED"":766,""SUBURBS"":""ALEXANDRA, BAKERS CREEK, COLSTON PARK, GREENMOUNT, HOMEBUSH, MACKAY, PALMYRA, PLEYSTOWE, SANDIFORD, SOUTH BINGERA, WALKERSTON"",""STREETS"":""ALEXANDRIA RD, ANNE ST, BATTAIA PL, BELLS RD, BOLD ST, BRANSCOMBE RD, BRIDGE ST, CREEK ST, DANE ST, DAVIDSON ST, DENT ST, DUTTON ST, FADDEN ST, FORD ST, GRANTS RD, GRIMAS RD, HIGH ST, HOMEBUSH RD, KEILBACHS RD, KELLYS RD, LORNE RD, MACKAY EUNGELLA RD, MCCOLL ST, OLD PLEYSTOWE RD, PALMS RD, PEAK DOWNS HWY, PERRY RD, PITKIN ST, POUND ST, PUGSLEY ST, SARINA MARLBOROUGH RD, SAUNDERS ST, SCOTTS RD, SILINGARDIES RD, STATESMAN DR, STEWART ST, STOCKROUTE RD, TIDEMANN ST, WALKERSTON HOMEBUSH RD, WALKERSTON-HOMEBUSH RD, WEIGANDS RD, YOUNGS LANE"",""START"":1790341380000,""FINISH"":null,""EST_FIX_TIME"":null,""REASON"":""The loss of supply is due to public safety concerns."",""CRC"":""32EB1790"",""EXTRACTED"":1790341804976,""SHAPE__Area"":59612966.95703125,""SHAPE__Length"":31800.616375945134}"
2026-09-25T14:30:52Z,2026-09-26T00:30:52+10:00,au.qld.ergon,Ergon Energy,au.qld.ergon|unplanned|910572,910572,unplanned,Crews working on-site,The loss of supply is due to public safety concerns.,766,true,"ALEXANDRA, BAKERS CREEK, COLSTON PARK, GREENMOUNT, HOMEBUSH, MACKAY, PALMYRA, PLEYSTOWE, SANDIFORD, SOUTH BINGERA, WALKERSTON","ALEXANDRIA RD, ANNE ST, BATTAIA PL, BELLS RD, BOLD ST, BRANSCOMBE RD, BRIDGE ST, CREEK ST, DANE ST, DAVIDSON ST, DENT ST, DUTTON ST, FADDEN ST, FORD ST, GRANTS RD, GRIMAS RD, HIGH ST, HOMEBUSH RD, KEILBACHS RD, KELLYS RD, LORNE RD, MACKAY EUNGELLA RD, MCCOLL ST, OLD PLEYSTOWE RD, PALMS RD, PEAK DOWNS HWY, PERRY RD, PITKIN ST, POUND ST, PUGSLEY ST, SARINA MARLBOROUGH RD, SAUNDERS ST, SCOTTS RD, SILINGARDIES RD, STATESMAN DR, STEWART ST, STOCKROUTE RD, TIDEMANN ST, WALKERSTON HOMEBUSH RD, WALKERSTON-HOMEBUSH RD, WEIGANDS RD, YOUNGS LANE",2026-09-25T13:03:00Z,,149.0721229,-21.1872610,Mackay Regional,4770,https://services.arcgis.com/33eHbTVqo7gtiCE8/arcgis/rest/services/VwErgonOutages/FeatureServer/0,Polygon,"{""type"":""Polygon"",""coordinates"":[[[149.041390369346,-21.1452695664762],[149.041851724436,-21.1447819604958],[149.075181966783,-21.1435839851617],[149.075305226553,-21.1435944832701],[149.075361484245,-21.1436062562963],[149.075433682133,-21.1436270613479],[149.099047911767,-21.152385091593],[149.099347836615,-21.1527436517101],[149.099510824865,-21.1538586516651],[149.099514788797,-21.1539405373556],[149.096016047527,-21.2259935255033],[149.095961259971,-21.2261830431948],[149.085548457749,-21.2447571322934],[149.084880415504,-21.2449375662497],[149.083542242781,-21.2442094987468],[149.083487530799,-21.2441748227304],[149.077305528078,-21.2396478264554],[149.07726246237,-21.2396122154599],[149.047231788099,-21.2116155765075],[149.047091386988,-21.2113318687277],[149.041390369346,-21.1452695664762]]]}","{""OBJECTID"":910572,""EVENT_ID"":""26MK6049"",""TYPE"":""UNPLANNED"",""STATUS"":""Crews working on-site"",""CUSTOMERS_AFFECTED"":766,""SUBURBS"":""ALEXANDRA, BAKERS CREEK, COLSTON PARK, GREENMOUNT, HOMEBUSH, MACKAY, PALMYRA, PLEYSTOWE, SANDIFORD, SOUTH BINGERA, WALKERSTON"",""STREETS"":""ALEXANDRIA RD, ANNE ST, BATTAIA PL, BELLS RD, BOLD ST, BRANSCOMBE RD, BRIDGE ST, CREEK ST, DANE ST, DAVIDSON ST, DENT ST, DUTTON ST, FADDEN ST, FORD ST, GRANTS RD, GRIMAS RD, HIGH ST, HOMEBUSH RD, KEILBACHS RD, KELLYS RD, LORNE RD, MACKAY EUNGELLA RD, MCCOLL ST, OLD PLEYSTOWE RD, PALMS RD, PEAK DOWNS HWY, PERRY RD, PITKIN ST, POUND ST, PUGSLEY ST, SARINA MARLBOROUGH RD, SAUNDERS ST, SCOTTS RD, SILINGARDIES RD, STATESMAN DR, STEWART ST, STOCKROUTE RD, TIDEMANN ST, WALKERSTON HOMEBUSH RD, WALKERSTON-HOMEBUSH RD, WEIGANDS RD, YOUNGS LANE"",""START"":1790341380000,""FINISH"":null,""EST_FIX_TIME"":null,""REASON"":""The loss of supply is due to public safety concerns."",""CRC"":""32EB1790"",""EXTRACTED"":1790341804976,""SHAPE__Area"":59612966.95703125,""SHAPE__Length"":31800.616375945134}"
2026-09-25T14:45:37Z,2026-09-26T00:45:37+10:00,au.qld.ergon,Ergon Energy,au.qld.ergon|unplanned|910572,910572,unplanned,Crews working on-site,The loss of supply is due to public safety concerns.,766,true,"ALEXANDRA, BAKERS CREEK, COLSTON PARK, GREENMOUNT, HOMEBUSH, MACKAY, PALMYRA, PLEYSTOWE, SANDIFORD, SOUTH BINGERA, WALKERSTON","ALEXANDRIA RD, ANNE ST, BATTAIA PL, BELLS RD, BOLD ST, BRANSCOMBE RD, BRIDGE ST, CREEK ST, DANE ST, DAVIDSON ST, DENT ST, DUTTON ST, FADDEN ST, FORD ST, GRANTS RD, GRIMAS RD, HIGH ST, HOMEBUSH RD, KEILBACHS RD, KELLYS RD, LORNE RD, MACKAY EUNGELLA RD, MCCOLL ST, OLD PLEYSTOWE RD, PALMS RD, PEAK DOWNS HWY, PERRY RD, PITKIN ST, POUND ST, PUGSLEY ST, SARINA MARLBOROUGH RD, SAUNDERS ST, SCOTTS RD, SILINGARDIES RD, STATESMAN DR, STEWART ST, STOCKROUTE RD, TIDEMANN ST, WALKERSTON HOMEBUSH RD, WALKERSTON-HOMEBUSH RD, WEIGANDS RD, YOUNGS LANE",2026-09-25T13:03:00Z,,149.0721229,-21.1872610,Mackay Regional,4770,https://services.arcgis.com/33eHbTVqo7gtiCE8/arcgis/rest/services/VwErgonOutages/FeatureServer/0,Polygon,"{""type"":""Polygon"",""coordinates"":[[[149.041390369346,-21.1452695664762],[149.041851724436,-21.1447819604958],[149.075181966783,-21.1435839851617],[149.075305226553,-21.1435944832701],[149.075361484245,-21.1436062562963],[149.075433682133,-21.1436270613479],[149.099047911767,-21.152385091593],[149.099347836615,-21.1527436517101],[149.099510824865,-21.1538586516651],[149.099514788797,-21.1539405373556],[149.096016047527,-21.2259935255033],[149.095961259971,-21.2261830431948],[149.085548457749,-21.2447571322934],[149.084880415504,-21.2449375662497],[149.083542242781,-21.2442094987468],[149.083487530799,-21.2441748227304],[149.077305528078,-21.2396478264554],[149.07726246237,-21.2396122154599],[149.047231788099,-21.2116155765075],[149.047091386988,-21.2113318687277],[149.041390369346,-21.1452695664762]]]}","{""OBJECTID"":910572,""EVENT_ID"":""26MK6049"",""TYPE"":""UNPLANNED"",""STATUS"":""Crews working on-site"",""CUSTOMERS_AFFECTED"":766,""SUBURBS"":""ALEXANDRA, BAKERS CREEK, COLSTON PARK, GREENMOUNT, HOMEBUSH, MACKAY, PALMYRA, PLEYSTOWE, SANDIFORD, SOUTH BINGERA, WALKERSTON"",""STREETS"":""ALEXANDRIA RD, ANNE ST, BATTAIA PL, BELLS RD, BOLD ST, BRANSCOMBE RD, BRIDGE ST, CREEK ST, DANE ST, DAVIDSON ST, DENT ST, DUTTON ST, FADDEN ST, FORD ST, GRANTS RD, GRIMAS RD, HIGH ST, HOMEBUSH RD, KEILBACHS RD, KELLYS RD, LORNE RD, MACKAY EUNGELLA RD, MCCOLL ST, OLD PLEYSTOWE RD, PALMS RD, PEAK DOWNS HWY, PERRY RD, PITKIN ST, POUND ST, PUGSLEY ST, SARINA MARLBOROUGH RD, SAUNDERS ST, SCOTTS RD, SILINGARDIES RD, STATESMAN DR, STEWART ST, STOCKROUTE RD, TIDEMANN ST, WALKERSTON HOMEBUSH RD, WALKERSTON-HOMEBUSH RD, WEIGANDS RD, YOUNGS LANE"",""START"":1790341380000,""FINISH"":null,""EST_FIX_TIME"":null,""REASON"":""The loss of supply is due to public safety concerns."",""CRC"":""32EB1790"",""EXTRACTED"":1790341804976,""SHAPE__Area"":59612966.95703125,""SHAPE__Length"":31800.616375945134}"
2026-09-25T15:01:02Z,2026-09-26T01:01:02+10:00,au.qld.ergon,Ergon Energy,au.qld.ergon|unplanned|910572,910572,unplanned,Crews working on-site,The loss of supply is due to public safety concerns.,766,true,"ALEXANDRA, BAKERS CREEK, COLSTON PARK, GREENMOUNT, HOMEBUSH, MACKAY, PALMYRA, PLEYSTOWE, SANDIFORD, SOUTH BINGERA, WALKERSTON","ALEXANDRIA RD, ANNE ST, BATTAIA PL, BELLS RD, BOLD ST, BRANSCOMBE RD, BRIDGE ST, CREEK ST, DANE ST, DAVIDSON ST, DENT ST, DUTTON ST, FADDEN ST, FORD ST, GRANTS RD, GRIMAS RD, HIGH ST, HOMEBUSH RD, KEILBACHS RD, KELLYS RD, LORNE RD, MACKAY EUNGELLA RD, MCCOLL ST, OLD PLEYSTOWE RD, PALMS RD, PEAK DOWNS HWY, PERRY RD, PITKIN ST, POUND ST, PUGSLEY ST, SARINA MARLBOROUGH RD, SAUNDERS ST, SCOTTS RD, SILINGARDIES RD, STATESMAN DR, STEWART ST, STOCKROUTE RD, TIDEMANN ST, WALKERSTON HOMEBUSH RD, WALKERSTON-HOMEBUSH RD, WEIGANDS RD, YOUNGS LANE",2026-09-25T13:03:00Z,,149.0721229,-21.1872610,Mackay Regional,4770,https://services.arcgis.com/33eHbTVqo7gtiCE8/arcgis/rest/services/VwErgonOutages/FeatureServer/0,Polygon,"{""type"":""Polygon"",""coordinates"":[[[149.041390369346,-21.1452695664762],[149.041851724436,-21.1447819604958],[149.075181966783,-21.1435839851617],[149.075305226553,-21.1435944832701],[149.075361484245,-21.1436062562963],[149.075433682133,-21.1436270613479],[149.099047911767,-21.152385091593],[149.099347836615,-21.1527436517101],[149.099510824865,-21.1538586516651],[149.099514788797,-21.1539405373556],[149.096016047527,-21.2259935255033],[149.095961259971,-21.2261830431948],[149.085548457749,-21.2447571322934],[149.084880415504,-21.2449375662497],[149.083542242781,-21.2442094987468],[149.083487530799,-21.2441748227304],[149.077305528078,-21.2396478264554],[149.07726246237,-21.2396122154599],[149.047231788099,-21.2116155765075],[149.047091386988,-21.2113318687277],[149.041390369346,-21.1452695664762]]]}","{""OBJECTID"":910572,""EVENT_ID"":""26MK6049"",""TYPE"":""UNPLANNED"",""STATUS"":""Crews working on-site"",""CUSTOMERS_AFFECTED"":766,""SUBURBS"":""ALEXANDRA, BAKERS CREEK, COLSTON PARK, GREENMOUNT, HOMEBUSH, MACKAY, PALMYRA, PLEYSTOWE, SANDIFORD, SOUTH BINGERA, WALKERSTON"",""STREETS"":""ALEXANDRIA RD, ANNE ST, BATTAIA PL, BELLS RD, BOLD ST, BRANSCOMBE RD, BRIDGE ST, CREEK ST, DANE ST, DAVIDSON ST, DENT ST, DUTTON ST, FADDEN ST, FORD ST, GRANTS RD, GRIMAS RD, HIGH ST, HOMEBUSH RD, KEILBACHS RD, KELLYS RD, LORNE RD, MACKAY EUNGELLA RD, MCCOLL ST, OLD PLEYSTOWE RD, PALMS RD, PEAK DOWNS HWY, PERRY RD, PITKIN ST, POUND ST, PUGSLEY ST, SARINA MARLBOROUGH RD, SAUNDERS ST, SCOTTS RD, SILINGARDIES RD, STATESMAN DR, STEWART ST, STOCKROUTE RD, TIDEMANN ST, WALKERSTON HOMEBUSH RD, WALKERSTON-HOMEBUSH RD, WEIGANDS RD, YOUNGS LANE"",""START"":1790341380000,""FINISH"":null,""EST_FIX_TIME"":null,""REASON"":""The loss of supply is due to public safety concerns."",""CRC"":""32EB1790"",""EXTRACTED"":1790341804976,""SHAPE__Area"":59612966.95703125,""SHAPE__Length"":31800.616375945134}"
2026-09-25T15:15:40Z,2026-09-26T01:15:40+10:00,au.qld.energex,Energex,au.qld.energex|unplanned|INCD-983632-g,INCD-983632-g,unplanned,Awaiting,Emergency Repairs,81,true,ROCHEDALE SOUTH,"BELMORE DR, KENTHURST CRES, NEERIM ST, PANDEEN RD, STELLARIS WAY, UNDERWOOD RD",2026-09-25T15:07:48Z,2026-09-25T17:30:00Z,153.1413874,-27.5981924,Logan City,4590,https://services.arcgis.com/bfVzktoY0OhzQCDj/ArcGIS/rest/services/VwEnergexOutages/FeatureServer/0,Polygon,"{""type"":""Polygon"",""coordinates"":[[[153.139026359493,-27.5979908706313],[153.138941687774,-27.5976609927879],[153.139075600812,-27.5969189136491],[153.13925710893,-27.5966396778073],[153.139440468499,-27.5965074773894],[153.139792104603,-27.5964079254766],[153.142758122614,-27.5965799049183],[153.143052903505,-27.5966860660379],[153.143223233111,-27.5968147452322],[153.143402205175,-27.5971568135849],[153.143416018026,-27.5996709233104],[153.142933767981,-27.6001239974935],[153.141471591516,-27.6001868284539],[153.141451505661,-27.6001873360639],[153.141017224209,-27.6001906352158],[153.140597336138,-27.5999974941532],[153.139026359493,-27.5979908706313]]]}","{""OBJECTID"":413261,""EVENT_ID"":""INCD-983632-g"",""TYPE"":""UNPLANNED"",""STATUS"":""Awaiting"",""CUSTOMERS_AFFECTED"":81,""SUBURBS"":""ROCHEDALE SOUTH"",""STREETS"":""BELMORE DR, KENTHURST CRES, NEERIM ST, PANDEEN RD, STELLARIS WAY, UNDERWOOD RD"",""START"":1790348868409,""FINISH"":null,""EST_FIX_TIME"":1790357400000,""REASON"":""Emergency Repairs"",""CRC"":""DA88CC04"",""EXTRACTED"":1790349305121,""SHAPE__Area"":193900.1171875,""SHAPE__Length"":1650.388302442785}"
2026-09-25T15:15:40Z,2026-09-26T01:15:40+10:00,au.qld.ergon,Ergon Energy,au.qld.ergon|unplanned|910572,910572,unplanned,Crews working on-site,The loss of supply is due to public safety concerns.,766,true,"ALEXANDRA, BAKERS CREEK, COLSTON PARK, GREENMOUNT, HOMEBUSH, MACKAY, PALMYRA, PLEYSTOWE, SANDIFORD, SOUTH BINGERA, WALKERSTON","ALEXANDRIA RD, ANNE ST, BATTAIA PL, BELLS RD, BOLD ST, BRANSCOMBE RD, BRIDGE ST, CREEK ST, DANE ST, DAVIDSON ST, DENT ST, DUTTON ST, FADDEN ST, FORD ST, GRANTS RD, GRIMAS RD, HIGH ST, HOMEBUSH RD, KEILBACHS RD, KELLYS RD, LORNE RD, MACKAY EUNGELLA RD, MCCOLL ST, OLD PLEYSTOWE RD, PALMS RD, PEAK DOWNS HWY, PERRY RD, PITKIN ST, POUND ST, PUGSLEY ST, SARINA MARLBOROUGH RD, SAUNDERS ST, SCOTTS RD, SILINGARDIES RD, STATESMAN DR, STEWART ST, STOCKROUTE RD, TIDEMANN ST, WALKERSTON HOMEBUSH RD, WALKERSTON-HOMEBUSH RD, WEIGANDS RD, YOUNGS LANE",2026-09-25T13:03:00Z,,149.0721229,-21.1872610,Mackay Regional,4770,https://services.arcgis.com/33eHbTVqo7gtiCE8/arcgis/rest/services/VwErgonOutages/FeatureServer/0,Polygon,"{""type"":""Polygon"",""coordinates"":[[[149.041390369346,-21.1452695664762],[149.041851724436,-21.1447819604958],[149.075181966783,-21.1435839851617],[149.075305226553,-21.1435944832701],[149.075361484245,-21.1436062562963],[149.075433682133,-21.1436270613479],[149.099047911767,-21.152385091593],[149.099347836615,-21.1527436517101],[149.099510824865,-21.1538586516651],[149.099514788797,-21.1539405373556],[149.096016047527,-21.2259935255033],[149.095961259971,-21.2261830431948],[149.085548457749,-21.2447571322934],[149.084880415504,-21.2449375662497],[149.083542242781,-21.2442094987468],[149.083487530799,-21.2441748227304],[149.077305528078,-21.2396478264554],[149.07726246237,-21.2396122154599],[149.047231788099,-21.2116155765075],[149.047091386988,-21.2113318687277],[149.041390369346,-21.1452695664762]]]}","{""OBJECTID"":910572,""EVENT_ID"":""26MK6049"",""TYPE"":""UNPLANNED"",""STATUS"":""Crews working on-site"",""CUSTOMERS_AFFECTED"":766,""SUBURBS"":""ALEXANDRA, BAKERS CREEK, COLSTON PARK, GREENMOUNT, HOMEBUSH, MACKAY, PALMYRA, PLEYSTOWE, SANDIFORD, SOUTH BINGERA, WALKERSTON"",""STREETS"":""ALEXANDRIA RD, ANNE ST, BATTAIA PL, BELLS RD, BOLD ST, BRANSCOMBE RD, BRIDGE ST, CREEK ST, DANE ST, DAVIDSON ST, DENT ST, DUTTON ST, FADDEN ST, FORD ST, GRANTS RD, GRIMAS RD, HIGH ST, HOMEBUSH RD, KEILBACHS RD, KELLYS RD, LORNE RD, MACKAY EUNGELLA RD, MCCOLL ST, OLD PLEYSTOWE RD, PALMS RD, PEAK DOWNS HWY, PERRY RD, PITKIN ST, POUND ST, PUGSLEY ST, SARINA MARLBOROUGH RD, SAUNDERS ST, SCOTTS RD, SILINGARDIES RD, STATESMAN DR, STEWART ST, STOCKROUTE RD, TIDEMANN ST, WALKERSTON HOMEBUSH RD, WALKERSTON-HOMEBUSH RD, WEIGANDS RD, YOUNGS LANE"",""START"":1790341380000,""FINISH"":null,""EST_FIX_TIME"":null,""REASON"":""The loss of supply is due to public safety concerns."",""CRC"":""32EB1790"",""EXTRACTED"":1790341804976,""SHAPE__Area"":59612966.95703125,""SHAPE__Length"":31800.616375945134}"
2026-09-25T15:30:52Z,2026-09-26T01:30:52+10:00,au.qld.energex,Energex,au.qld.energex|unplanned|INCD-983632-g,INCD-983632-g,unplanned,Awaiting,Emergency Repairs,81,true,ROCHEDALE SOUTH,"BELMORE DR, KENTHURST CRES, NEERIM ST, PANDEEN RD, STELLARIS WAY, UNDERWOOD RD",2026-09-25T15:07:48Z,2026-09-25T17:30:00Z,153.1413874,-27.5981924,Logan City,4590,https://services.arcgis.com/bfVzktoY0OhzQCDj/ArcGIS/rest/services/VwEnergexOutages/FeatureServer/0,Polygon,"{""type"":""Polygon"",""coordinates"":[[[153.139026359493,-27.5979908706313],[153.138941687774,-27.5976609927879],[153.139075600812,-27.5969189136491],[153.13925710893,-27.5966396778073],[153.139440468499,-27.5965074773894],[153.139792104603,-27.5964079254766],[153.142758122614,-27.5965799049183],[153.143052903505,-27.5966860660379],[153.143223233111,-27.5968147452322],[153.143402205175,-27.5971568135849],[153.143416018026,-27.5996709233104],[153.142933767981,-27.6001239974935],[153.141471591516,-27.6001868284539],[153.141451505661,-27.6001873360639],[153.141017224209,-27.6001906352158],[153.140597336138,-27.5999974941532],[153.139026359493,-27.5979908706313]]]}","{""OBJECTID"":413261,""EVENT_ID"":""INCD-983632-g"",""TYPE"":""UNPLANNED"",""STATUS"":""Awaiting"",""CUSTOMERS_AFFECTED"":81,""SUBURBS"":""ROCHEDALE SOUTH"",""STREETS"":""BELMORE DR, KENTHURST CRES, NEERIM ST, PANDEEN RD, STELLARIS WAY, UNDERWOOD RD"",""START"":1790348868409,""FINISH"":null,""EST_FIX_TIME"":1790357400000,""REASON"":""Emergency Repairs"",""CRC"":""DA88CC04"",""EXTRACTED"":1790349305121,""SHAPE__Area"":193900.1171875,""SHAPE__Length"":1650.388302442785}"
2026-09-25T15:30:52Z,2026-09-26T01:30:52+10:00,au.qld.ergon,Ergon Energy,au.qld.ergon|unplanned|910572,910572,unplanned,Crews working on-site,The loss of supply is due to public safety concerns.,766,true,"ALEXANDRA, BAKERS CREEK, COLSTON PARK, GREENMOUNT, HOMEBUSH, MACKAY, PALMYRA, PLEYSTOWE, SANDIFORD, SOUTH BINGERA, WALKERSTON","ALEXANDRIA RD, ANNE ST, BATTAIA PL, BELLS RD, BOLD ST, BRANSCOMBE RD, BRIDGE ST, CREEK ST, DANE ST, DAVIDSON ST, DENT ST, DUTTON ST, FADDEN ST, FORD ST, GRANTS RD, GRIMAS RD, HIGH ST, HOMEBUSH RD, KEILBACHS RD, KELLYS RD, LORNE RD, MACKAY EUNGELLA RD, MCCOLL ST, OLD PLEYSTOWE RD, PALMS RD, PEAK DOWNS HWY, PERRY RD, PITKIN ST, POUND ST, PUGSLEY ST, SARINA MARLBOROUGH RD, SAUNDERS ST, SCOTTS RD, SILINGARDIES RD, STATESMAN DR, STEWART ST, STOCKROUTE RD, TIDEMANN ST, WALKERSTON HOMEBUSH RD, WALKERSTON-HOMEBUSH RD, WEIGANDS RD, YOUNGS LANE",2026-09-25T13:03:00Z,,149.0721229,-21.1872610,Mackay Regional,4770,https://services.arcgis.com/33eHbTVqo7gtiCE8/arcgis/rest/services/VwErgonOutages/FeatureServer/0,Polygon,"{""type"":""Polygon"",""coordinates"":[[[149.041390369346,-21.1452695664762],[149.041851724436,-21.1447819604958],[149.075181966783,-21.1435839851617],[149.075305226553,-21.1435944832701],[149.075361484245,-21.1436062562963],[149.075433682133,-21.1436270613479],[149.099047911767,-21.152385091593],[149.099347836615,-21.1527436517101],[149.099510824865,-21.1538586516651],[149.099514788797,-21.1539405373556],[149.096016047527,-21.2259935255033],[149.095961259971,-21.2261830431948],[149.085548457749,-21.2447571322934],[149.084880415504,-21.2449375662497],[149.083542242781,-21.2442094987468],[149.083487530799,-21.2441748227304],[149.077305528078,-21.2396478264554],[149.07726246237,-21.2396122154599],[149.047231788099,-21.2116155765075],[149.047091386988,-21.2113318687277],[149.041390369346,-21.1452695664762]]]}","{""OBJECTID"":910572,""EVENT_ID"":""26MK6049"",""TYPE"":""UNPLANNED"",""STATUS"":""Crews working on-site"",""CUSTOMERS_AFFECTED"":766,""SUBURBS"":""ALEXANDRA, BAKERS CREEK, COLSTON PARK, GREENMOUNT, HOMEBUSH, MACKAY, PALMYRA, PLEYSTOWE, SANDIFORD, SOUTH BINGERA, WALKERSTON"",""STREETS"":""ALEXANDRIA RD, ANNE ST, BATTAIA PL, BELLS RD, BOLD ST, BRANSCOMBE RD, BRIDGE ST, CREEK ST, DANE ST, DAVIDSON ST, DENT ST, DUTTON ST, FADDEN ST, FORD ST, GRANTS RD, GRIMAS RD, HIGH ST, HOMEBUSH RD, KEILBACHS RD, KELLYS RD, LORNE RD, MACKAY EUNGELLA RD, MCCOLL ST, OLD PLEYSTOWE RD, PALMS RD, PEAK DOWNS HWY, PERRY RD, PITKIN ST, POUND ST, PUGSLEY ST, SARINA MARLBOROUGH RD, SAUNDERS ST, SCOTTS RD, SILINGARDIES RD, STATESMAN DR, STEWART ST, STOCKROUTE RD, TIDEMANN ST, WALKERSTON HOMEBUSH RD, WALKERSTON-HOMEBUSH RD, WEIGANDS RD, YOUNGS LANE"",""START"":1790341380000,""FINISH"":null,""EST_FIX_TIME"":null,""REASON"":""The loss of supply is due to public safety concerns."",""CRC"":""32EB1790"",""EXTRACTED"":1790341804976,""SHAPE__Area"":59612966.95703125,""SHAPE__Length"":31800.616375945134}"
2026-09-25T15:45:40Z,2026-09-26T01:45:40+10:00,au.qld.energex,Energex,au.qld.energex|unplanned|INCD-983632-g,INCD-983632-g,unplanned,Awaiting,Emergency Repairs,81,true,ROCHEDALE SOUTH,"BELMORE DR, KENTHURST CRES, NEERIM ST, PANDEEN RD, STELLARIS WAY, UNDERWOOD RD",2026-09-25T15:07:48Z,2026-09-25T17:30:00Z,153.1413874,-27.5981924,Logan City,4590,https://services.arcgis.com/bfVzktoY0OhzQCDj/ArcGIS/rest/services/VwEnergexOutages/FeatureServer/0,Polygon,"{""type"":""Polygon"",""coordinates"":[[[153.139026359493,-27.5979908706313],[153.138941687774,-27.5976609927879],[153.139075600812,-27.5969189136491],[153.13925710893,-27.5966396778073],[153.139440468499,-27.5965074773894],[153.139792104603,-27.5964079254766],[153.142758122614,-27.5965799049183],[153.143052903505,-27.5966860660379],[153.143223233111,-27.5968147452322],[153.143402205175,-27.5971568135849],[153.143416018026,-27.5996709233104],[153.142933767981,-27.6001239974935],[153.141471591516,-27.6001868284539],[153.141451505661,-27.6001873360639],[153.141017224209,-27.6001906352158],[153.140597336138,-27.5999974941532],[153.139026359493,-27.5979908706313]]]}","{""OBJECTID"":413261,""EVENT_ID"":""INCD-983632-g"",""TYPE"":""UNPLANNED"",""STATUS"":""Awaiting"",""CUSTOMERS_AFFECTED"":81,""SUBURBS"":""ROCHEDALE SOUTH"",""STREETS"":""BELMORE DR, KENTHURST CRES, NEERIM ST, PANDEEN RD, STELLARIS WAY, UNDERWOOD RD"",""START"":1790348868409,""FINISH"":null,""EST_FIX_TIME"":1790357400000,""REASON"":""Emergency Repairs"",""CRC"":""DA88CC04"",""EXTRACTED"":1790349305121,""SHAPE__Area"":193900.1171875,""SHAPE__Length"":1650.388302442785}"
2026-09-25T15:45:40Z,2026-09-26T01:45:40+10:00,au.qld.ergon,Ergon Energy,au.qld.ergon|unplanned|910572,910572,unplanned,Crews working on-site,The loss of supply is due to public safety concerns.,766,true,"ALEXANDRA, BAKERS CREEK, COLSTON PARK, GREENMOUNT, HOMEBUSH, MACKAY, PALMYRA, PLEYSTOWE, SANDIFORD, SOUTH BINGERA, WALKERSTON","ALEXANDRIA RD, ANNE ST, BATTAIA PL, BELLS RD, BOLD ST, BRANSCOMBE RD, BRIDGE ST, CREEK ST, DANE ST, DAVIDSON ST, DENT ST, DUTTON ST, FADDEN ST, FORD ST, GRANTS RD, GRIMAS RD, HIGH ST, HOMEBUSH RD, KEILBACHS RD, KELLYS RD, LORNE RD, MACKAY EUNGELLA RD, MCCOLL ST, OLD PLEYSTOWE RD, PALMS RD, PEAK DOWNS HWY, PERRY RD, PITKIN ST, POUND ST, PUGSLEY ST, SARINA MARLBOROUGH RD, SAUNDERS ST, SCOTTS RD, SILINGARDIES RD, STATESMAN DR, STEWART ST, STOCKROUTE RD, TIDEMANN ST, WALKERSTON HOMEBUSH RD, WALKERSTON-HOMEBUSH RD, WEIGANDS RD, YOUNGS LANE",2026-09-25T13:03:00Z,,149.0721229,-21.1872610,Mackay Regional,4770,https://services.arcgis.com/33eHbTVqo7gtiCE8/arcgis/rest/services/VwErgonOutages/FeatureServer/0,Polygon,"{""type"":""Polygon"",""coordinates"":[[[149.041390369346,-21.1452695664762],[149.041851724436,-21.1447819604958],[149.075181966783,-21.1435839851617],[149.075305226553,-21.1435944832701],[149.075361484245,-21.1436062562963],[149.075433682133,-21.1436270613479],[149.099047911767,-21.152385091593],[149.099347836615,-21.1527436517101],[149.099510824865,-21.1538586516651],[149.099514788797,-21.1539405373556],[149.096016047527,-21.2259935255033],[149.095961259971,-21.2261830431948],[149.085548457749,-21.2447571322934],[149.084880415504,-21.2449375662497],[149.083542242781,-21.2442094987468],[149.083487530799,-21.2441748227304],[149.077305528078,-21.2396478264554],[149.07726246237,-21.2396122154599],[149.047231788099,-21.2116155765075],[149.047091386988,-21.2113318687277],[149.041390369346,-21.1452695664762]]]}","{""OBJECTID"":910572,""EVENT_ID"":""26MK6049"",""TYPE"":""UNPLANNED"",""STATUS"":""Crews working on-site"",""CUSTOMERS_AFFECTED"":766,""SUBURBS"":""ALEXANDRA, BAKERS CREEK, COLSTON PARK, GREENMOUNT, HOMEBUSH, MACKAY, PALMYRA, PLEYSTOWE, SANDIFORD, SOUTH BINGERA, WALKERSTON"",""STREETS"":""ALEXANDRIA RD, ANNE ST, BATTAIA PL, BELLS RD, BOLD ST, BRANSCOMBE RD, BRIDGE ST, CREEK ST, DANE ST, DAVIDSON ST, DENT ST, DUTTON ST, FADDEN ST, FORD ST, GRANTS RD, GRIMAS RD, HIGH ST, HOMEBUSH RD, KEILBACHS RD, KELLYS RD, LORNE RD, MACKAY EUNGELLA RD, MCCOLL ST, OLD PLEYSTOWE RD, PALMS RD, PEAK DOWNS HWY, PERRY RD, PITKIN ST, POUND ST, PUGSLEY ST, SARINA MARLBOROUGH RD, SAUNDERS ST, SCOTTS RD, SILINGARDIES RD, STATESMAN DR, STEWART ST, STOCKROUTE RD, TIDEMANN ST, WALKERSTON HOMEBUSH RD, WALKERSTON-HOMEBUSH RD, WEIGANDS RD, YOUNGS LANE"",""START"":1790341380000,""FINISH"":null,""EST_FIX_TIME"":null,""REASON"":""The loss of supply is due to public safety concerns."",""CRC"":""32EB1790"",""EXTRACTED"":1790341804976,""SHAPE__Area"":59612966.95703125,""SHAPE__Length"":31800.616375945134}"
2026-09-25T16:01:01Z,2026-09-26T02:01:01+10:00,au.qld.energex,Energex,au.qld.energex|unplanned|INCD-983632-g,INCD-983632-g,unplanned,Awaiting,Emergency Repairs,81,true,ROCHEDALE SOUTH,"BELMORE DR, KENTHURST CRES, NEERIM ST, PANDEEN RD, STELLARIS WAY, UNDERWOOD RD",2026-09-25T15:07:48Z,2026-09-25T17:30:00Z,153.1413874,-27.5981924,Logan City,4590,https://services.arcgis.com/bfVzktoY0OhzQCDj/ArcGIS/rest/services/VwEnergexOutages/FeatureServer/0,Polygon,"{""type"":""Polygon"",""coordinates"":[[[153.139026359493,-27.5979908706313],[153.138941687774,-27.5976609927879],[153.139075600812,-27.5969189136491],[153.13925710893,-27.5966396778073],[153.139440468499,-27.5965074773894],[153.139792104603,-27.5964079254766],[153.142758122614,-27.5965799049183],[153.143052903505,-27.5966860660379],[153.143223233111,-27.5968147452322],[153.143402205175,-27.5971568135849],[153.143416018026,-27.5996709233104],[153.142933767981,-27.6001239974935],[153.141471591516,-27.6001868284539],[153.141451505661,-27.6001873360639],[153.141017224209,-27.6001906352158],[153.140597336138,-27.5999974941532],[153.139026359493,-27.5979908706313]]]}","{""OBJECTID"":413261,""EVENT_ID"":""INCD-983632-g"",""TYPE"":""UNPLANNED"",""STATUS"":""Awaiting"",""CUSTOMERS_AFFECTED"":81,""SUBURBS"":""ROCHEDALE SOUTH"",""STREETS"":""BELMORE DR, KENTHURST CRES, NEERIM ST, PANDEEN RD, STELLARIS WAY, UNDERWOOD RD"",""START"":1790348868409,""FINISH"":null,""EST_FIX_TIME"":1790357400000,""REASON"":""Emergency Repairs"",""CRC"":""DA88CC04"",""EXTRACTED"":1790349305121,""SHAPE__Area"":193900.1171875,""SHAPE__Length"":1650.388302442785}"
2026-09-25T16:01:01Z,2026-09-26T02:01:01+10:00,au.qld.ergon,Ergon Energy,au.qld.ergon|unplanned|910572,910572,unplanned,Crews working on-site,The loss of supply is due to public safety concerns.,766,true,"ALEXANDRA, BAKERS CREEK, COLSTON PARK, GREENMOUNT, HOMEBUSH, MACKAY, PALMYRA, PLEYSTOWE, SANDIFORD, SOUTH BINGERA, WALKERSTON","ALEXANDRIA RD, ANNE ST, BATTAIA PL, BELLS RD, BOLD ST, BRANSCOMBE RD, BRIDGE ST, CREEK ST, DANE ST, DAVIDSON ST, DENT ST, DUTTON ST, FADDEN ST, FORD ST, GRANTS RD, GRIMAS RD, HIGH ST, HOMEBUSH RD, KEILBACHS RD, KELLYS RD, LORNE RD, MACKAY EUNGELLA RD, MCCOLL ST, OLD PLEYSTOWE RD, PALMS RD, PEAK DOWNS HWY, PERRY RD, PITKIN ST, POUND ST, PUGSLEY ST, SARINA MARLBOROUGH RD, SAUNDERS ST, SCOTTS RD, SILINGARDIES RD, STATESMAN DR, STEWART ST, STOCKROUTE RD, TIDEMANN ST, WALKERSTON HOMEBUSH RD, WALKERSTON-HOMEBUSH RD, WEIGANDS RD, YOUNGS LANE",2026-09-25T13:03:00Z,,149.0721229,-21.1872610,Mackay Regional,4770,https://services.arcgis.com/33eHbTVqo7gtiCE8/arcgis/rest/services/VwErgonOutages/FeatureServer/0,Polygon,"{""type"":""Polygon"",""coordinates"":[[[149.041390369346,-21.1452695664762],[149.041851724436,-21.1447819604958],[149.075181966783,-21.1435839851617],[149.075305226553,-21.1435944832701],[149.075361484245,-21.1436062562963],[149.075433682133,-21.1436270613479],[149.099047911767,-21.152385091593],[149.099347836615,-21.1527436517101],[149.099510824865,-21.1538586516651],[149.099514788797,-21.1539405373556],[149.096016047527,-21.2259935255033],[149.095961259971,-21.2261830431948],[149.085548457749,-21.2447571322934],[149.084880415504,-21.2449375662497],[149.083542242781,-21.2442094987468],[149.083487530799,-21.2441748227304],[149.077305528078,-21.2396478264554],[149.07726246237,-21.2396122154599],[149.047231788099,-21.2116155765075],[149.047091386988,-21.2113318687277],[149.041390369346,-21.1452695664762]]]}","{""OBJECTID"":910572,""EVENT_ID"":""26MK6049"",""TYPE"":""UNPLANNED"",""STATUS"":""Crews working on-site"",""CUSTOMERS_AFFECTED"":766,""SUBURBS"":""ALEXANDRA, BAKERS CREEK, COLSTON PARK, GREENMOUNT, HOMEBUSH, MACKAY, PALMYRA, PLEYSTOWE, SANDIFORD, SOUTH BINGERA, WALKERSTON"",""STREETS"":""ALEXANDRIA RD, ANNE ST, BATTAIA PL, BELLS RD, BOLD ST, BRANSCOMBE RD, BRIDGE ST, CREEK ST, DANE ST, DAVIDSON ST, DENT ST, DUTTON ST, FADDEN ST, FORD ST, GRANTS RD, GRIMAS RD, HIGH ST, HOMEBUSH RD, KEILBACHS RD, KELLYS RD, LORNE RD, MACKAY EUNGELLA RD, MCCOLL ST, OLD PLEYSTOWE RD, PALMS RD, PEAK DOWNS HWY, PERRY RD, PITKIN ST, POUND ST, PUGSLEY ST, SARINA MARLBOROUGH RD, SAUNDERS ST, SCOTTS RD, SILINGARDIES RD, STATESMAN DR, STEWART ST, STOCKROUTE RD, TIDEMANN ST, WALKERSTON HOMEBUSH RD, WALKERSTON-HOMEBUSH RD, WEIGANDS RD, YOUNGS LANE"",""START"":1790341380000,""FINISH"":null,""EST_FIX_TIME"":null,""REASON"":""The loss of supply is due to public safety concerns."",""CRC"":""32EB1790"",""EXTRACTED"":1790341804976,""SHAPE__Area"":59612966.95703125,""SHAPE__Length"":31800.616375945134}"
2026-09-25T16:15:40Z,2026-09-26T02:15:40+10:00,au.qld.energex,Energex,au.qld.energex|unplanned|INCD-983632-g,INCD-983632-g,unplanned,Awaiting,Emergency Repairs,81,true,ROCHEDALE SOUTH,"BELMORE DR, KENTHURST CRES, NEERIM ST, PANDEEN RD, STELLARIS WAY, UNDERWOOD RD",2026-09-25T15:07:48Z,2026-09-25T17:30:00Z,153.1413874,-27.5981924,Logan City,4590,https://services.arcgis.com/bfVzktoY0OhzQCDj/ArcGIS/rest/services/VwEnergexOutages/FeatureServer/0,Polygon,"{""type"":""Polygon"",""coordinates"":[[[153.139026359493,-27.5979908706313],[153.138941687774,-27.5976609927879],[153.139075600812,-27.5969189136491],[153.13925710893,-27.5966396778073],[153.139440468499,-27.5965074773894],[153.139792104603,-27.5964079254766],[153.142758122614,-27.5965799049183],[153.143052903505,-27.5966860660379],[153.143223233111,-27.5968147452322],[153.143402205175,-27.5971568135849],[153.143416018026,-27.5996709233104],[153.142933767981,-27.6001239974935],[153.141471591516,-27.6001868284539],[153.141451505661,-27.6001873360639],[153.141017224209,-27.6001906352158],[153.140597336138,-27.5999974941532],[153.139026359493,-27.5979908706313]]]}","{""OBJECTID"":413261,""EVENT_ID"":""INCD-983632-g"",""TYPE"":""UNPLANNED"",""STATUS"":""Awaiting"",""CUSTOMERS_AFFECTED"":81,""SUBURBS"":""ROCHEDALE SOUTH"",""STREETS"":""BELMORE DR, KENTHURST CRES, NEERIM ST, PANDEEN RD, STELLARIS WAY, UNDERWOOD RD"",""START"":1790348868409,""FINISH"":null,""EST_FIX_TIME"":1790357400000,""REASON"":""Emergency Repairs"",""CRC"":""DA88CC04"",""EXTRACTED"":1790349305121,""SHAPE__Area"":193900.1171875,""SHAPE__Length"":1650.388302442785}"
2026-09-25T16:15:40Z,2026-09-26T02:15:40+10:00,au.qld.ergon,Ergon Energy,au.qld.ergon|unplanned|910572,910572,unplanned,Crews working on-site,The loss of supply is due to public safety concerns.,343,true,"ALEXANDRA, BAKERS CREEK, GREENMOUNT, HOMEBUSH, MACKAY, PALMYRA, PLEYSTOWE, SANDIFORD, SOUTH BINGERA, WALKERSTON","ALEXANDRIA RD, BATTAIA PL, BELLS RD, BOLD ST, CREEK ST, GRANTS RD, GRIMAS RD, HOMEBUSH RD, KEILBACHS RD, KELLYS RD, LORNE RD, MACKAY EUNGELLA RD, MCCOLL ST, OLD PLEYSTOWE RD, PALMS RD, PEAK DOWNS HWY, SCOTTS RD, SILINGARDIES RD, STATESMAN DR, STOCKROUTE RD, TIDEMANN ST, WALKERSTON HOMEBUSH RD, WALKERSTON-HOMEBUSH RD, WEIGANDS RD",2026-09-25T13:03:00Z,,149.0721229,-21.1872610,Mackay Regional,4770,https://services.arcgis.com/33eHbTVqo7gtiCE8/arcgis/rest/services/VwErgonOutages/FeatureServer/0,Polygon,"{""type"":""Polygon"",""coordinates"":[[[149.041390369346,-21.1452695664762],[149.041851724436,-21.1447819604958],[149.075181966783,-21.1435839851617],[149.075305226553,-21.1435944832701],[149.075361484245,-21.1436062562963],[149.075433682133,-21.1436270613479],[149.099047911767,-21.152385091593],[149.099347836615,-21.1527436517101],[149.099510824865,-21.1538586516651],[149.099514788797,-21.1539405373556],[149.096016047527,-21.2259935255033],[149.095961259971,-21.2261830431948],[149.085548457749,-21.2447571322934],[149.084880415504,-21.2449375662497],[149.083542242781,-21.2442094987468],[149.083487530799,-21.2441748227304],[149.077305528078,-21.2396478264554],[149.07726246237,-21.2396122154599],[149.047231788099,-21.2116155765075],[149.047091386988,-21.2113318687277],[149.041390369346,-21.1452695664762]]]}","{""OBJECTID"":910572,""EVENT_ID"":""26MK6049"",""TYPE"":""UNPLANNED"",""STATUS"":""Crews working on-site"",""CUSTOMERS_AFFECTED"":343,""SUBURBS"":""ALEXANDRA, BAKERS CREEK, GREENMOUNT, HOMEBUSH, MACKAY, PALMYRA, PLEYSTOWE, SANDIFORD, SOUTH BINGERA, WALKERSTON"",""STREETS"":""ALEXANDRIA RD, BATTAIA PL, BELLS RD, BOLD ST, CREEK ST, GRANTS RD, GRIMAS RD, HOMEBUSH RD, KEILBACHS RD, KELLYS RD, LORNE RD, MACKAY EUNGELLA RD, MCCOLL ST, OLD PLEYSTOWE RD, PALMS RD, PEAK DOWNS HWY, SCOTTS RD, SILINGARDIES RD, STATESMAN DR, STOCKROUTE RD, TIDEMANN ST, WALKERSTON HOMEBUSH RD, WALKERSTON-HOMEBUSH RD, WEIGANDS RD"",""START"":1790341380000,""FINISH"":null,""EST_FIX_TIME"":null,""REASON"":""The loss of supply is due to public safety concerns."",""CRC"":""14FCC82A"",""EXTRACTED"":1790352604672,""SHAPE__Area"":59612966.95703125,""SHAPE__Length"":31800.616375945134}"
2026-09-25T16:30:56Z,2026-09-26T02:30:56+10:00,au.qld.energex,Energex,au.qld.energex|unplanned|INCD-983632-g,INCD-983632-g,unplanned,Awaiting,Emergency Repairs,81,true,ROCHEDALE SOUTH,"BELMORE DR, KENTHURST CRES, NEERIM ST, PANDEEN RD, STELLARIS WAY, UNDERWOOD RD",2026-09-25T15:07:48Z,2026-09-25T17:30:00Z,153.1413874,-27.5981924,Logan City,4590,https://services.arcgis.com/bfVzktoY0OhzQCDj/ArcGIS/rest/services/VwEnergexOutages/FeatureServer/0,Polygon,"{""type"":""Polygon"",""coordinates"":[[[153.139026359493,-27.5979908706313],[153.138941687774,-27.5976609927879],[153.139075600812,-27.5969189136491],[153.13925710893,-27.5966396778073],[153.139440468499,-27.5965074773894],[153.139792104603,-27.5964079254766],[153.142758122614,-27.5965799049183],[153.143052903505,-27.5966860660379],[153.143223233111,-27.5968147452322],[153.143402205175,-27.5971568135849],[153.143416018026,-27.5996709233104],[153.142933767981,-27.6001239974935],[153.141471591516,-27.6001868284539],[153.141451505661,-27.6001873360639],[153.141017224209,-27.6001906352158],[153.140597336138,-27.5999974941532],[153.139026359493,-27.5979908706313]]]}","{""OBJECTID"":413261,""EVENT_ID"":""INCD-983632-g"",""TYPE"":""UNPLANNED"",""STATUS"":""Awaiting"",""CUSTOMERS_AFFECTED"":81,""SUBURBS"":""ROCHEDALE SOUTH"",""STREETS"":""BELMORE DR, KENTHURST CRES, NEERIM ST, PANDEEN RD, STELLARIS WAY, UNDERWOOD RD"",""START"":1790348868409,""FINISH"":null,""EST_FIX_TIME"":1790357400000,""REASON"":""Emergency Repairs"",""CRC"":""DA88CC04"",""EXTRACTED"":1790349305121,""SHAPE__Area"":193900.1171875,""SHAPE__Length"":1650.388302442785}"
2026-09-25T16:30:56Z,2026-09-26T02:30:56+10:00,au.qld.ergon,Ergon Energy,au.qld.ergon|unplanned|910572,910572,unplanned,Crews working on-site,The loss of supply is due to public safety concerns.,343,true,"ALEXANDRA, BAKERS CREEK, GREENMOUNT, HOMEBUSH, MACKAY, PALMYRA, PLEYSTOWE, SANDIFORD, SOUTH BINGERA, WALKERSTON","ALEXANDRIA RD, BATTAIA PL, BELLS RD, BOLD ST, CREEK ST, GRANTS RD, GRIMAS RD, HOMEBUSH RD, KEILBACHS RD, KELLYS RD, LORNE RD, MACKAY EUNGELLA RD, MCCOLL ST, OLD PLEYSTOWE RD, PALMS RD, PEAK DOWNS HWY, SCOTTS RD, SILINGARDIES RD, STATESMAN DR, STOCKROUTE RD, TIDEMANN ST, WALKERSTON HOMEBUSH RD, WALKERSTON-HOMEBUSH RD, WEIGANDS RD",2026-09-25T13:03:00Z,,149.0721229,-21.1872610,Mackay Regional,4770,https://services.arcgis.com/33eHbTVqo7gtiCE8/arcgis/rest/services/VwErgonOutages/FeatureServer/0,Polygon,"{""type"":""Polygon"",""coordinates"":[[[149.041390369346,-21.1452695664762],[149.041851724436,-21.1447819604958],[149.075181966783,-21.1435839851617],[149.075305226553,-21.1435944832701],[149.075361484245,-21.1436062562963],[149.075433682133,-21.1436270613479],[149.099047911767,-21.152385091593],[149.099347836615,-21.1527436517101],[149.099510824865,-21.1538586516651],[149.099514788797,-21.1539405373556],[149.096016047527,-21.2259935255033],[149.095961259971,-21.2261830431948],[149.085548457749,-21.2447571322934],[149.084880415504,-21.2449375662497],[149.083542242781,-21.2442094987468],[149.083487530799,-21.2441748227304],[149.077305528078,-21.2396478264554],[149.07726246237,-21.2396122154599],[149.047231788099,-21.2116155765075],[149.047091386988,-21.2113318687277],[149.041390369346,-21.1452695664762]]]}","{""OBJECTID"":910572,""EVENT_ID"":""26MK6049"",""TYPE"":""UNPLANNED"",""STATUS"":""Crews working on-site"",""CUSTOMERS_AFFECTED"":343,""SUBURBS"":""ALEXANDRA, BAKERS CREEK, GREENMOUNT, HOMEBUSH, MACKAY, PALMYRA, PLEYSTOWE, SANDIFORD, SOUTH BINGERA, WALKERSTON"",""STREETS"":""ALEXANDRIA RD, BATTAIA PL, BELLS RD, BOLD ST, CREEK ST, GRANTS RD, GRIMAS RD, HOMEBUSH RD, KEILBACHS RD, KELLYS RD, LORNE RD, MACKAY EUNGELLA RD, MCCOLL ST, OLD PLEYSTOWE RD, PALMS RD, PEAK DOWNS HWY, SCOTTS RD, SILINGARDIES RD, STATESMAN DR, STOCKROUTE RD, TIDEMANN ST, WALKERSTON HOMEBUSH RD, WALKERSTON-HOMEBUSH RD, WEIGANDS RD"",""START"":1790341380000,""FINISH"":null,""EST_FIX_TIME"":null,""REASON"":""The loss of supply is due to public safety concerns."",""CRC"":""14FCC82A"",""EXTRACTED"":1790352604672,""SHAPE__Area"":59612966.95703125,""SHAPE__Length"":31800.616375945134}"
2026-09-25T16:45:39Z,2026-09-26T02:45:39+10:00,au.qld.energex,Energex,au.qld.energex|unplanned|INCD-983632-g,INCD-983632-g,unplanned,Awaiting,Emergency Repairs,81,true,ROCHEDALE SOUTH,"BELMORE DR, KENTHURST CRES, NEERIM ST, PANDEEN RD, STELLARIS WAY, UNDERWOOD RD",2026-09-25T15:07:48Z,2026-09-25T17:30:00Z,153.1413874,-27.5981924,Logan City,4590,https://services.arcgis.com/bfVzktoY0OhzQCDj/ArcGIS/rest/services/VwEnergexOutages/FeatureServer/0,Polygon,"{""type"":""Polygon"",""coordinates"":[[[153.139026359493,-27.5979908706313],[153.138941687774,-27.5976609927879],[153.139075600812,-27.5969189136491],[153.13925710893,-27.5966396778073],[153.139440468499,-27.5965074773894],[153.139792104603,-27.5964079254766],[153.142758122614,-27.5965799049183],[153.143052903505,-27.5966860660379],[153.143223233111,-27.5968147452322],[153.143402205175,-27.5971568135849],[153.143416018026,-27.5996709233104],[153.142933767981,-27.6001239974935],[153.141471591516,-27.6001868284539],[153.141451505661,-27.6001873360639],[153.141017224209,-27.6001906352158],[153.140597336138,-27.5999974941532],[153.139026359493,-27.5979908706313]]]}","{""OBJECTID"":413261,""EVENT_ID"":""INCD-983632-g"",""TYPE"":""UNPLANNED"",""STATUS"":""Awaiting"",""CUSTOMERS_AFFECTED"":81,""SUBURBS"":""ROCHEDALE SOUTH"",""STREETS"":""BELMORE DR, KENTHURST CRES, NEERIM ST, PANDEEN RD, STELLARIS WAY, UNDERWOOD RD"",""START"":1790348868409,""FINISH"":null,""EST_FIX_TIME"":1790357400000,""REASON"":""Emergency Repairs"",""CRC"":""DA88CC04"",""EXTRACTED"":1790349305121,""SHAPE__Area"":193900.1171875,""SHAPE__Length"":1650.388302442785}"
2026-09-25T16:45:39Z,2026-09-26T02:45:39+10:00,au.qld.ergon,Ergon Energy,au.qld.ergon|unplanned|910572,910572,unplanned,Crews working on-site,The loss of supply is due to public safety concerns.,343,true,"ALEXANDRA, BAKERS CREEK, GREENMOUNT, HOMEBUSH, MACKAY, PALMYRA, PLEYSTOWE, SANDIFORD, SOUTH BINGERA, WALKERSTON","ALEXANDRIA RD, BATTAIA PL, BELLS RD, BOLD ST, CREEK ST, GRANTS RD, GRIMAS RD, HOMEBUSH RD, KEILBACHS RD, KELLYS RD, LORNE RD, MACKAY EUNGELLA RD, MCCOLL ST, OLD PLEYSTOWE RD, PALMS RD, PEAK DOWNS HWY, SCOTTS RD, SILINGARDIES RD, STATESMAN DR, STOCKROUTE RD, TIDEMANN ST, WALKERSTON HOMEBUSH RD, WALKERSTON-HOMEBUSH RD, WEIGANDS RD",2026-09-25T13:03:00Z,,149.0721229,-21.1872610,Mackay Regional,4770,https://services.arcgis.com/33eHbTVqo7gtiCE8/arcgis/rest/services/VwErgonOutages/FeatureServer/0,Polygon,"{""type"":""Polygon"",""coordinates"":[[[149.041390369346,-21.1452695664762],[149.041851724436,-21.1447819604958],[149.075181966783,-21.1435839851617],[149.075305226553,-21.1435944832701],[149.075361484245,-21.1436062562963],[149.075433682133,-21.1436270613479],[149.099047911767,-21.152385091593],[149.099347836615,-21.1527436517101],[149.099510824865,-21.1538586516651],[149.099514788797,-21.1539405373556],[149.096016047527,-21.2259935255033],[149.095961259971,-21.2261830431948],[149.085548457749,-21.2447571322934],[149.084880415504,-21.2449375662497],[149.083542242781,-21.2442094987468],[149.083487530799,-21.2441748227304],[149.077305528078,-21.2396478264554],[149.07726246237,-21.2396122154599],[149.047231788099,-21.2116155765075],[149.047091386988,-21.2113318687277],[149.041390369346,-21.1452695664762]]]}","{""OBJECTID"":910572,""EVENT_ID"":""26MK6049"",""TYPE"":""UNPLANNED"",""STATUS"":""Crews working on-site"",""CUSTOMERS_AFFECTED"":343,""SUBURBS"":""ALEXANDRA, BAKERS CREEK, GREENMOUNT, HOMEBUSH, MACKAY, PALMYRA, PLEYSTOWE, SANDIFORD, SOUTH BINGERA, WALKERSTON"",""STREETS"":""ALEXANDRIA RD, BATTAIA PL, BELLS RD, BOLD ST, CREEK ST, GRANTS RD, GRIMAS RD, HOMEBUSH RD, KEILBACHS RD, KELLYS RD, LORNE RD, MACKAY EUNGELLA RD, MCCOLL ST, OLD PLEYSTOWE RD, PALMS RD, PEAK DOWNS HWY, SCOTTS RD, SILINGARDIES RD, STATESMAN DR, STOCKROUTE RD, TIDEMANN ST, WALKERSTON HOMEBUSH RD, WALKERSTON-HOMEBUSH RD, WEIGANDS RD"",""START"":1790341380000,""FINISH"":null,""EST_FIX_TIME"":null,""REASON"":""The loss of supply is due to public safety concerns."",""CRC"":""14FCC82A"",""EXTRACTED"":1790352604672,""SHAPE__Area"":59612966.95703125,""SHAPE__Length"":31800.616375945134}"
2026-09-25T17:01:00Z,2026-09-26T03:01:00+10:00,au.qld.energex,Energex,au.qld.energex|unplanned|INCD-983632-g,INCD-983632-g,unplanned,Awaiting,Emergency Repairs,81,true,ROCHEDALE SOUTH,"BELMORE DR, KENTHURST CRES, NEERIM ST, PANDEEN RD, STELLARIS WAY, UNDERWOOD RD",2026-09-25T15:07:48Z,2026-09-25T19:00:00Z,153.1413874,-27.5981924,Logan City,4590,https://services.arcgis.com/bfVzktoY0OhzQCDj/ArcGIS/rest/services/VwEnergexOutages/FeatureServer/0,Polygon,"{""type"":""Polygon"",""coordinates"":[[[153.139026359493,-27.5979908706313],[153.138941687774,-27.5976609927879],[153.139075600812,-27.5969189136491],[153.13925710893,-27.5966396778073],[153.139440468499,-27.5965074773894],[153.139792104603,-27.5964079254766],[153.142758122614,-27.5965799049183],[153.143052903505,-27.5966860660379],[153.143223233111,-27.5968147452322],[153.143402205175,-27.5971568135849],[153.143416018026,-27.5996709233104],[153.142933767981,-27.6001239974935],[153.141471591516,-27.6001868284539],[153.141451505661,-27.6001873360639],[153.141017224209,-27.6001906352158],[153.140597336138,-27.5999974941532],[153.139026359493,-27.5979908706313]]]}","{""OBJECTID"":413261,""EVENT_ID"":""INCD-983632-g"",""TYPE"":""UNPLANNED"",""STATUS"":""Awaiting"",""CUSTOMERS_AFFECTED"":81,""SUBURBS"":""ROCHEDALE SOUTH"",""STREETS"":""BELMORE DR, KENTHURST CRES, NEERIM ST, PANDEEN RD, STELLARIS WAY, UNDERWOOD RD"",""START"":1790348868409,""FINISH"":null,""EST_FIX_TIME"":1790362800000,""REASON"":""Emergency Repairs"",""CRC"":""7E12CB9F"",""EXTRACTED"":1790355004159,""SHAPE__Area"":193900.1171875,""SHAPE__Length"":1650.388302442785}"
2026-09-25T17:01:00Z,2026-09-26T03:01:00+10:00,au.qld.ergon,Ergon Energy,au.qld.ergon|unplanned|910572,910572,unplanned,Crews working on-site,The loss of supply is due to public safety concerns.,343,true,"ALEXANDRA, BAKERS CREEK, GREENMOUNT, HOMEBUSH, MACKAY, PALMYRA, PLEYSTOWE, SANDIFORD, SOUTH BINGERA, WALKERSTON","ALEXANDRIA RD, BATTAIA PL, BELLS RD, BOLD ST, CREEK ST, GRANTS RD, GRIMAS RD, HOMEBUSH RD, KEILBACHS RD, KELLYS RD, LORNE RD, MACKAY EUNGELLA RD, MCCOLL ST, OLD PLEYSTOWE RD, PALMS RD, PEAK DOWNS HWY, SCOTTS RD, SILINGARDIES RD, STATESMAN DR, STOCKROUTE RD, TIDEMANN ST, WALKERSTON HOMEBUSH RD, WALKERSTON-HOMEBUSH RD, WEIGANDS RD",2026-09-25T13:03:00Z,,149.0721229,-21.1872610,Mackay Regional,4770,https://services.arcgis.com/33eHbTVqo7gtiCE8/arcgis/rest/services/VwErgonOutages/FeatureServer/0,Polygon,"{""type"":""Polygon"",""coordinates"":[[[149.041390369346,-21.1452695664762],[149.041851724436,-21.1447819604958],[149.075181966783,-21.1435839851617],[149.075305226553,-21.1435944832701],[149.075361484245,-21.1436062562963],[149.075433682133,-21.1436270613479],[149.099047911767,-21.152385091593],[149.099347836615,-21.1527436517101],[149.099510824865,-21.1538586516651],[149.099514788797,-21.1539405373556],[149.096016047527,-21.2259935255033],[149.095961259971,-21.2261830431948],[149.085548457749,-21.2447571322934],[149.084880415504,-21.2449375662497],[149.083542242781,-21.2442094987468],[149.083487530799,-21.2441748227304],[149.077305528078,-21.2396478264554],[149.07726246237,-21.2396122154599],[149.047231788099,-21.2116155765075],[149.047091386988,-21.2113318687277],[149.041390369346,-21.1452695664762]]]}","{""OBJECTID"":910572,""EVENT_ID"":""26MK6049"",""TYPE"":""UNPLANNED"",""STATUS"":""Crews working on-site"",""CUSTOMERS_AFFECTED"":343,""SUBURBS"":""ALEXANDRA, BAKERS CREEK, GREENMOUNT, HOMEBUSH, MACKAY, PALMYRA, PLEYSTOWE, SANDIFORD, SOUTH BINGERA, WALKERSTON"",""STREETS"":""ALEXANDRIA RD, BATTAIA PL, BELLS RD, BOLD ST, CREEK ST, GRANTS RD, GRIMAS RD, HOMEBUSH RD, KEILBACHS RD, KELLYS RD, LORNE RD, MACKAY EUNGELLA RD, MCCOLL ST, OLD PLEYSTOWE RD, PALMS RD, PEAK DOWNS HWY, SCOTTS RD, SILINGARDIES RD, STATESMAN DR, STOCKROUTE RD, TIDEMANN ST, WALKERSTON HOMEBUSH RD, WALKERSTON-HOMEBUSH RD, WEIGANDS RD"",""START"":1790341380000,""FINISH"":null,""EST_FIX_TIME"":null,""REASON"":""The loss of supply is due to public safety concerns."",""CRC"":""14FCC82A"",""EXTRACTED"":1790352604672,""SHAPE__Area"":59612966.95703125,""SHAPE__Length"":31800.616375945134}"
2026-09-25T17:15:43Z,2026-09-26T03:15:43+10:00,au.qld.energex,Energex,au.qld.energex|unplanned|INCD-983632-g,INCD-983632-g,unplanned,Awaiting,Emergency Repairs,81,true,ROCHEDALE SOUTH,"BELMORE DR, KENTHURST CRES, NEERIM ST, PANDEEN RD, STELLARIS WAY, UNDERWOOD RD",2026-09-25T15:07:48Z,2026-09-25T19:00:00Z,153.1413874,-27.5981924,Logan City,4590,https://services.arcgis.com/bfVzktoY0OhzQCDj/ArcGIS/rest/services/VwEnergexOutages/FeatureServer/0,Polygon,"{""type"":""Polygon"",""coordinates"":[[[153.139026359493,-27.5979908706313],[153.138941687774,-27.5976609927879],[153.139075600812,-27.5969189136491],[153.13925710893,-27.5966396778073],[153.139440468499,-27.5965074773894],[153.139792104603,-27.5964079254766],[153.142758122614,-27.5965799049183],[153.143052903505,-27.5966860660379],[153.143223233111,-27.5968147452322],[153.143402205175,-27.5971568135849],[153.143416018026,-27.5996709233104],[153.142933767981,-27.6001239974935],[153.141471591516,-27.6001868284539],[153.141451505661,-27.6001873360639],[153.141017224209,-27.6001906352158],[153.140597336138,-27.5999974941532],[153.139026359493,-27.5979908706313]]]}","{""OBJECTID"":413261,""EVENT_ID"":""INCD-983632-g"",""TYPE"":""UNPLANNED"",""STATUS"":""Awaiting"",""CUSTOMERS_AFFECTED"":81,""SUBURBS"":""ROCHEDALE SOUTH"",""STREETS"":""BELMORE DR, KENTHURST CRES, NEERIM ST, PANDEEN RD, STELLARIS WAY, UNDERWOOD RD"",""START"":1790348868409,""FINISH"":null,""EST_FIX_TIME"":1790362800000,""REASON"":""Emergency Repairs"",""CRC"":""7E12CB9F"",""EXTRACTED"":1790355004159,""SHAPE__Area"":193900.1171875,""SHAPE__Length"":1650.388302442785}"
2026-09-25T17:15:43Z,2026-09-26T03:15:43+10:00,au.qld.ergon,Ergon Energy,au.qld.ergon|unplanned|910572,910572,unplanned,Crews working on-site,The loss of supply is due to public safety concerns.,343,true,"ALEXANDRA, BAKERS CREEK, GREENMOUNT, HOMEBUSH, MACKAY, PALMYRA, PLEYSTOWE, SANDIFORD, SOUTH BINGERA, WALKERSTON","ALEXANDRIA RD, BATTAIA PL, BELLS RD, BOLD ST, CREEK ST, GRANTS RD, GRIMAS RD, HOMEBUSH RD, KEILBACHS RD, KELLYS RD, LORNE RD, MACKAY EUNGELLA RD, MCCOLL ST, OLD PLEYSTOWE RD, PALMS RD, PEAK DOWNS HWY, SCOTTS RD, SILINGARDIES RD, STATESMAN DR, STOCKROUTE RD, TIDEMANN ST, WALKERSTON HOMEBUSH RD, WALKERSTON-HOMEBUSH RD, WEIGANDS RD",2026-09-25T13:03:00Z,,149.0721229,-21.1872610,Mackay Regional,4770,https://services.arcgis.com/33eHbTVqo7gtiCE8/arcgis/rest/services/VwErgonOutages/FeatureServer/0,Polygon,"{""type"":""Polygon"",""coordinates"":[[[149.041390369346,-21.1452695664762],[149.041851724436,-21.1447819604958],[149.075181966783,-21.1435839851617],[149.075305226553,-21.1435944832701],[149.075361484245,-21.1436062562963],[149.075433682133,-21.1436270613479],[149.099047911767,-21.152385091593],[149.099347836615,-21.1527436517101],[149.099510824865,-21.1538586516651],[149.099514788797,-21.1539405373556],[149.096016047527,-21.2259935255033],[149.095961259971,-21.2261830431948],[149.085548457749,-21.2447571322934],[149.084880415504,-21.2449375662497],[149.083542242781,-21.2442094987468],[149.083487530799,-21.2441748227304],[149.077305528078,-21.2396478264554],[149.07726246237,-21.2396122154599],[149.047231788099,-21.2116155765075],[149.047091386988,-21.2113318687277],[149.041390369346,-21.1452695664762]]]}","{""OBJECTID"":910572,""EVENT_ID"":""26MK6049"",""TYPE"":""UNPLANNED"",""STATUS"":""Crews working on-site"",""CUSTOMERS_AFFECTED"":343,""SUBURBS"":""ALEXANDRA, BAKERS CREEK, GREENMOUNT, HOMEBUSH, MACKAY, PALMYRA, PLEYSTOWE, SANDIFORD, SOUTH BINGERA, WALKERSTON"",""STREETS"":""ALEXANDRIA RD, BATTAIA PL, BELLS RD, BOLD ST, CREEK ST, GRANTS RD, GRIMAS RD, HOMEBUSH RD, KEILBACHS RD, KELLYS RD, LORNE RD, MACKAY EUNGELLA RD, MCCOLL ST, OLD PLEYSTOWE RD, PALMS RD, PEAK DOWNS HWY, SCOTTS RD, SILINGARDIES RD, STATESMAN DR, STOCKROUTE RD, TIDEMANN ST, WALKERSTON HOMEBUSH RD, WALKERSTON-HOMEBUSH RD, WEIGANDS RD"",""START"":1790341380000,""FINISH"":null,""EST_FIX_TIME"":null,""REASON"":""The loss of supply is due to public safety concerns."",""CRC"":""14FCC82A"",""EXTRACTED"":1790352604672,""SHAPE__Area"":59612966.95703125,""SHAPE__Length"":31800.616375945134}"
2026-09-25T17:30:56Z,2026-09-26T03:30:56+10:00,au.qld.energex,Energex,au.qld.energex|unplanned|INCD-983632-g,INCD-983632-g,unplanned,Awaiting,Emergency Repairs,81,true,ROCHEDALE SOUTH,"BELMORE DR, KENTHURST CRES, NEERIM ST, PANDEEN RD, STELLARIS WAY, UNDERWOOD RD",2026-09-25T15:07:48Z,2026-09-25T19:00:00Z,153.1413874,-27.5981924,Logan City,4590,https://services.arcgis.com/bfVzktoY0OhzQCDj/ArcGIS/rest/services/VwEnergexOutages/FeatureServer/0,Polygon,"{""type"":""Polygon"",""coordinates"":[[[153.139026359493,-27.5979908706313],[153.138941687774,-27.5976609927879],[153.139075600812,-27.5969189136491],[153.13925710893,-27.5966396778073],[153.139440468499,-27.5965074773894],[153.139792104603,-27.5964079254766],[153.142758122614,-27.5965799049183],[153.143052903505,-27.5966860660379],[153.143223233111,-27.5968147452322],[153.143402205175,-27.5971568135849],[153.143416018026,-27.5996709233104],[153.142933767981,-27.6001239974935],[153.141471591516,-27.6001868284539],[153.141451505661,-27.6001873360639],[153.141017224209,-27.6001906352158],[153.140597336138,-27.5999974941532],[153.139026359493,-27.5979908706313]]]}","{""OBJECTID"":413261,""EVENT_ID"":""INCD-983632-g"",""TYPE"":""UNPLANNED"",""STATUS"":""Awaiting"",""CUSTOMERS_AFFECTED"":81,""SUBURBS"":""ROCHEDALE SOUTH"",""STREETS"":""BELMORE DR, KENTHURST CRES, NEERIM ST, PANDEEN RD, STELLARIS WAY, UNDERWOOD RD"",""START"":1790348868409,""FINISH"":null,""EST_FIX_TIME"":1790362800000,""REASON"":""Emergency Repairs"",""CRC"":""7E12CB9F"",""EXTRACTED"":1790355004159,""SHAPE__Area"":193900.1171875,""SHAPE__Length"":1650.388302442785}"
2026-09-25T17:30:56Z,2026-09-26T03:30:56+10:00,au.qld.ergon,Ergon Energy,au.qld.ergon|unplanned|910572,910572,unplanned,Crews working on-site,The loss of supply is due to public safety concerns.,343,true,"ALEXANDRA, BAKERS CREEK, GREENMOUNT, HOMEBUSH, MACKAY, PALMYRA, PLEYSTOWE, SANDIFORD, SOUTH BINGERA, WALKERSTON","ALEXANDRIA RD, BATTAIA PL, BELLS RD, BOLD ST, CREEK ST, GRANTS RD, GRIMAS RD, HOMEBUSH RD, KEILBACHS RD, KELLYS RD, LORNE RD, MACKAY EUNGELLA RD, MCCOLL ST, OLD PLEYSTOWE RD, PALMS RD, PEAK DOWNS HWY, SCOTTS RD, SILINGARDIES RD, STATESMAN DR, STOCKROUTE RD, TIDEMANN ST, WALKERSTON HOMEBUSH RD, WALKERSTON-HOMEBUSH RD, WEIGANDS RD",2026-09-25T13:03:00Z,,149.0721229,-21.1872610,Mackay Regional,4770,https://services.arcgis.com/33eHbTVqo7gtiCE8/arcgis/rest/services/VwErgonOutages/FeatureServer/0,Polygon,"{""type"":""Polygon"",""coordinates"":[[[149.041390369346,-21.1452695664762],[149.041851724436,-21.1447819604958],[149.075181966783,-21.1435839851617],[149.075305226553,-21.1435944832701],[149.075361484245,-21.1436062562963],[149.075433682133,-21.1436270613479],[149.099047911767,-21.152385091593],[149.099347836615,-21.1527436517101],[149.099510824865,-21.1538586516651],[149.099514788797,-21.1539405373556],[149.096016047527,-21.2259935255033],[149.095961259971,-21.2261830431948],[149.085548457749,-21.2447571322934],[149.084880415504,-21.2449375662497],[149.083542242781,-21.2442094987468],[149.083487530799,-21.2441748227304],[149.077305528078,-21.2396478264554],[149.07726246237,-21.2396122154599],[149.047231788099,-21.2116155765075],[149.047091386988,-21.2113318687277],[149.041390369346,-21.1452695664762]]]}","{""OBJECTID"":910572,""EVENT_ID"":""26MK6049"",""TYPE"":""UNPLANNED"",""STATUS"":""Crews working on-site"",""CUSTOMERS_AFFECTED"":343,""SUBURBS"":""ALEXANDRA, BAKERS CREEK, GREENMOUNT, HOMEBUSH, MACKAY, PALMYRA, PLEYSTOWE, SANDIFORD, SOUTH BINGERA, WALKERSTON"",""STREETS"":""ALEXANDRIA RD, BATTAIA PL, BELLS RD, BOLD ST, CREEK ST, GRANTS RD, GRIMAS RD, HOMEBUSH RD, KEILBACHS RD, KELLYS RD, LORNE RD, MACKAY EUNGELLA RD, MCCOLL ST, OLD PLEYSTOWE RD, PALMS RD, PEAK DOWNS HWY, SCOTTS RD, SILINGARDIES RD, STATESMAN DR, STOCKROUTE RD, TIDEMANN ST, WALKERSTON HOMEBUSH RD, WALKERSTON-HOMEBUSH RD, WEIGANDS RD"",""START"":1790341380000,""FINISH"":null,""EST_FIX_TIME"":null,""REASON"":""The loss of supply is due to public safety concerns."",""CRC"":""14FCC82A"",""EXTRACTED"":1790352604672,""SHAPE__Area"":59612966.95703125,""SHAPE__Length"":31800.616375945134}"
2026-09-25T17:45:39Z,2026-09-26T03:45:39+10:00,au.qld.energex,Energex,au.qld.energex|unplanned|INCD-983632-g,INCD-983632-g,unplanned,Awaiting,Emergency Repairs,81,true,ROCHEDALE SOUTH,"BELMORE DR, KENTHURST CRES, NEERIM ST, PANDEEN RD, STELLARIS WAY, UNDERWOOD RD",2026-09-25T15:07:48Z,2026-09-25T19:00:00Z,153.1413874,-27.5981924,Logan City,4590,https://services.arcgis.com/bfVzktoY0OhzQCDj/ArcGIS/rest/services/VwEnergexOutages/FeatureServer/0,Polygon,"{""type"":""Polygon"",""coordinates"":[[[153.139026359493,-27.5979908706313],[153.138941687774,-27.5976609927879],[153.139075600812,-27.5969189136491],[153.13925710893,-27.5966396778073],[153.139440468499,-27.5965074773894],[153.139792104603,-27.5964079254766],[153.142758122614,-27.5965799049183],[153.143052903505,-27.5966860660379],[153.143223233111,-27.5968147452322],[153.143402205175,-27.5971568135849],[153.143416018026,-27.5996709233104],[153.142933767981,-27.6001239974935],[153.141471591516,-27.6001868284539],[153.141451505661,-27.6001873360639],[153.141017224209,-27.6001906352158],[153.140597336138,-27.5999974941532],[153.139026359493,-27.5979908706313]]]}","{""OBJECTID"":413261,""EVENT_ID"":""INCD-983632-g"",""TYPE"":""UNPLANNED"",""STATUS"":""Awaiting"",""CUSTOMERS_AFFECTED"":81,""SUBURBS"":""ROCHEDALE SOUTH"",""STREETS"":""BELMORE DR, KENTHURST CRES, NEERIM ST, PANDEEN RD, STELLARIS WAY, UNDERWOOD RD"",""START"":1790348868409,""FINISH"":null,""EST_FIX_TIME"":1790362800000,""REASON"":""Emergency Repairs"",""CRC"":""7E12CB9F"",""EXTRACTED"":1790355004159,""SHAPE__Area"":193900.1171875,""SHAPE__Length"":1650.388302442785}"
2026-09-25T17:45:39Z,2026-09-26T03:45:39+10:00,au.qld.ergon,Ergon Energy,au.qld.ergon|unplanned|910572,910572,unplanned,Crews working on-site,The loss of supply is due to public safety concerns.,343,true,"ALEXANDRA, BAKERS CREEK, GREENMOUNT, HOMEBUSH, MACKAY, PALMYRA, PLEYSTOWE, SANDIFORD, SOUTH BINGERA, WALKERSTON","ALEXANDRIA RD, BATTAIA PL, BELLS RD, BOLD ST, CREEK ST, GRANTS RD, GRIMAS RD, HOMEBUSH RD, KEILBACHS RD, KELLYS RD, LORNE RD, MACKAY EUNGELLA RD, MCCOLL ST, OLD PLEYSTOWE RD, PALMS RD, PEAK DOWNS HWY, SCOTTS RD, SILINGARDIES RD, STATESMAN DR, STOCKROUTE RD, TIDEMANN ST, WALKERSTON HOMEBUSH RD, WALKERSTON-HOMEBUSH RD, WEIGANDS RD",2026-09-25T13:03:00Z,,149.0721229,-21.1872610,Mackay Regional,4770,https://services.arcgis.com/33eHbTVqo7gtiCE8/arcgis/rest/services/VwErgonOutages/FeatureServer/0,Polygon,"{""type"":""Polygon"",""coordinates"":[[[149.041390369346,-21.1452695664762],[149.041851724436,-21.1447819604958],[149.075181966783,-21.1435839851617],[149.075305226553,-21.1435944832701],[149.075361484245,-21.1436062562963],[149.075433682133,-21.1436270613479],[149.099047911767,-21.152385091593],[149.099347836615,-21.1527436517101],[149.099510824865,-21.1538586516651],[149.099514788797,-21.1539405373556],[149.096016047527,-21.2259935255033],[149.095961259971,-21.2261830431948],[149.085548457749,-21.2447571322934],[149.084880415504,-21.2449375662497],[149.083542242781,-21.2442094987468],[149.083487530799,-21.2441748227304],[149.077305528078,-21.2396478264554],[149.07726246237,-21.2396122154599],[149.047231788099,-21.2116155765075],[149.047091386988,-21.2113318687277],[149.041390369346,-21.1452695664762]]]}","{""OBJECTID"":910572,""EVENT_ID"":""26MK6049"",""TYPE"":""UNPLANNED"",""STATUS"":""Crews working on-site"",""CUSTOMERS_AFFECTED"":343,""SUBURBS"":""ALEXANDRA, BAKERS CREEK, GREENMOUNT, HOMEBUSH, MACKAY, PALMYRA, PLEYSTOWE, SANDIFORD, SOUTH BINGERA, WALKERSTON"",""STREETS"":""ALEXANDRIA RD, BATTAIA PL, BELLS RD, BOLD ST, CREEK ST, GRANTS RD, GRIMAS RD, HOMEBUSH RD, KEILBACHS RD, KELLYS RD, LORNE RD, MACKAY EUNGELLA RD, MCCOLL ST, OLD PLEYSTOWE RD, PALMS RD, PEAK DOWNS HWY, SCOTTS RD, SILINGARDIES RD, STATESMAN DR, STOCKROUTE RD, TIDEMANN ST, WALKERSTON HOMEBUSH RD, WALKERSTON-HOMEBUSH RD, WEIGANDS RD"",""START"":1790341380000,""FINISH"":null,""EST_FIX_TIME"":null,""REASON"":""The loss of supply is due to public safety concerns."",""CRC"":""14FCC82A"",""EXTRACTED"":1790352604672,""SHAPE__Area"":59612966.95703125,""SHAPE__Length"":31800.616375945134}"
2026-09-25T18:01:01Z,2026-09-26T04:01:01+10:00,au.qld.energex,Energex,au.qld.energex|unplanned|INCD-983632-g,INCD-983632-g,unplanned,Awaiting,Emergency Repairs,81,true,ROCHEDALE SOUTH,"BELMORE DR, KENTHURST CRES, NEERIM ST, PANDEEN RD, STELLARIS WAY, UNDERWOOD RD",2026-09-25T15:07:48Z,2026-09-25T19:00:00Z,153.1413874,-27.5981924,Logan City,4590,https://services.arcgis.com/bfVzktoY0OhzQCDj/ArcGIS/rest/services/VwEnergexOutages/FeatureServer/0,Polygon,"{""type"":""Polygon"",""coordinates"":[[[153.139026359493,-27.5979908706313],[153.138941687774,-27.5976609927879],[153.139075600812,-27.5969189136491],[153.13925710893,-27.5966396778073],[153.139440468499,-27.5965074773894],[153.139792104603,-27.5964079254766],[153.142758122614,-27.5965799049183],[153.143052903505,-27.5966860660379],[153.143223233111,-27.5968147452322],[153.143402205175,-27.5971568135849],[153.143416018026,-27.5996709233104],[153.142933767981,-27.6001239974935],[153.141471591516,-27.6001868284539],[153.141451505661,-27.6001873360639],[153.141017224209,-27.6001906352158],[153.140597336138,-27.5999974941532],[153.139026359493,-27.5979908706313]]]}","{""OBJECTID"":413261,""EVENT_ID"":""INCD-983632-g"",""TYPE"":""UNPLANNED"",""STATUS"":""Awaiting"",""CUSTOMERS_AFFECTED"":81,""SUBURBS"":""ROCHEDALE SOUTH"",""STREETS"":""BELMORE DR, KENTHURST CRES, NEERIM ST, PANDEEN RD, STELLARIS WAY, UNDERWOOD RD"",""START"":1790348868409,""FINISH"":null,""EST_FIX_TIME"":1790362800000,""REASON"":""Emergency Repairs"",""CRC"":""7E12CB9F"",""EXTRACTED"":1790355004159,""SHAPE__Area"":193900.1171875,""SHAPE__Length"":1650.388302442785}"
2026-09-25T18:01:01Z,2026-09-26T04:01:01+10:00,au.qld.ergon,Ergon Energy,au.qld.ergon|unplanned|910572,910572,unplanned,Crews working on-site,The loss of supply is due to public safety concerns.,343,true,"ALEXANDRA, BAKERS CREEK, GREENMOUNT, HOMEBUSH, MACKAY, PALMYRA, PLEYSTOWE, SANDIFORD, SOUTH BINGERA, WALKERSTON","ALEXANDRIA RD, BATTAIA PL, BELLS RD, BOLD ST, CREEK ST, GRANTS RD, GRIMAS RD, HOMEBUSH RD, KEILBACHS RD, KELLYS RD, LORNE RD, MACKAY EUNGELLA RD, MCCOLL ST, OLD PLEYSTOWE RD, PALMS RD, PEAK DOWNS HWY, SCOTTS RD, SILINGARDIES RD, STATESMAN DR, STOCKROUTE RD, TIDEMANN ST, WALKERSTON HOMEBUSH RD, WALKERSTON-HOMEBUSH RD, WEIGANDS RD",2026-09-25T13:03:00Z,,149.0721229,-21.1872610,Mackay Regional,4770,https://services.arcgis.com/33eHbTVqo7gtiCE8/arcgis/rest/services/VwErgonOutages/FeatureServer/0,Polygon,"{""type"":""Polygon"",""coordinates"":[[[149.041390369346,-21.1452695664762],[149.041851724436,-21.1447819604958],[149.075181966783,-21.1435839851617],[149.075305226553,-21.1435944832701],[149.075361484245,-21.1436062562963],[149.075433682133,-21.1436270613479],[149.099047911767,-21.152385091593],[149.099347836615,-21.1527436517101],[149.099510824865,-21.1538586516651],[149.099514788797,-21.1539405373556],[149.096016047527,-21.2259935255033],[149.095961259971,-21.2261830431948],[149.085548457749,-21.2447571322934],[149.084880415504,-21.2449375662497],[149.083542242781,-21.2442094987468],[149.083487530799,-21.2441748227304],[149.077305528078,-21.2396478264554],[149.07726246237,-21.2396122154599],[149.047231788099,-21.2116155765075],[149.047091386988,-21.2113318687277],[149.041390369346,-21.1452695664762]]]}","{""OBJECTID"":910572,""EVENT_ID"":""26MK6049"",""TYPE"":""UNPLANNED"",""STATUS"":""Crews working on-site"",""CUSTOMERS_AFFECTED"":343,""SUBURBS"":""ALEXANDRA, BAKERS CREEK, GREENMOUNT, HOMEBUSH, MACKAY, PALMYRA, PLEYSTOWE, SANDIFORD, SOUTH BINGERA, WALKERSTON"",""STREETS"":""ALEXANDRIA RD, BATTAIA PL, BELLS RD, BOLD ST, CREEK ST, GRANTS RD, GRIMAS RD, HOMEBUSH RD, KEILBACHS RD, KELLYS RD, LORNE RD, MACKAY EUNGELLA RD, MCCOLL ST, OLD PLEYSTOWE RD, PALMS RD, PEAK DOWNS HWY, SCOTTS RD, SILINGARDIES RD, STATESMAN DR, STOCKROUTE RD, TIDEMANN ST, WALKERSTON HOMEBUSH RD, WALKERSTON-HOMEBUSH RD, WEIGANDS RD"",""START"":1790341380000,""FINISH"":null,""EST_FIX_TIME"":null,""REASON"":""The loss of supply is due to public safety concerns."",""CRC"":""14FCC82A"",""EXTRACTED"":1790352604672,""SHAPE__Area"":59612966.95703125,""SHAPE__Length"":31800.616375945134}"
2026-09-25T18:15:40Z,2026-09-26T04:15:40+10:00,au.qld.energex,Energex,au.qld.energex|unplanned|INCD-983632-g,INCD-983632-g,unplanned,Awaiting,Emergency Repairs,81,true,ROCHEDALE SOUTH,"BELMORE DR, KENTHURST CRES, NEERIM ST, PANDEEN RD, STELLARIS WAY, UNDERWOOD RD",2026-09-25T15:07:48Z,2026-09-25T19:00:00Z,153.1413874,-27.5981924,Logan City,4590,https://services.arcgis.com/bfVzktoY0OhzQCDj/ArcGIS/rest/services/VwEnergexOutages/FeatureServer/0,Polygon,"{""type"":""Polygon"",""coordinates"":[[[153.139026359493,-27.5979908706313],[153.138941687774,-27.5976609927879],[153.139075600812,-27.5969189136491],[153.13925710893,-27.5966396778073],[153.139440468499,-27.5965074773894],[153.139792104603,-27.5964079254766],[153.142758122614,-27.5965799049183],[153.143052903505,-27.5966860660379],[153.143223233111,-27.5968147452322],[153.143402205175,-27.5971568135849],[153.143416018026,-27.5996709233104],[153.142933767981,-27.6001239974935],[153.141471591516,-27.6001868284539],[153.141451505661,-27.6001873360639],[153.141017224209,-27.6001906352158],[153.140597336138,-27.5999974941532],[153.139026359493,-27.5979908706313]]]}","{""OBJECTID"":413261,""EVENT_ID"":""INCD-983632-g"",""TYPE"":""UNPLANNED"",""STATUS"":""Awaiting"",""CUSTOMERS_AFFECTED"":81,""SUBURBS"":""ROCHEDALE SOUTH"",""STREETS"":""BELMORE DR, KENTHURST CRES, NEERIM ST, PANDEEN RD, STELLARIS WAY, UNDERWOOD RD"",""START"":1790348868409,""FINISH"":null,""EST_FIX_TIME"":1790362800000,""REASON"":""Emergency Repairs"",""CRC"":""7E12CB9F"",""EXTRACTED"":1790355004159,""SHAPE__Area"":193900.1171875,""SHAPE__Length"":1650.388302442785}"
2026-09-25T18:15:40Z,2026-09-26T04:15:40+10:00,au.qld.ergon,Ergon Energy,au.qld.ergon|unplanned|910572,910572,unplanned,Crews working on-site,The loss of supply is due to public safety concerns.,343,true,"ALEXANDRA, BAKERS CREEK, GREENMOUNT, HOMEBUSH, MACKAY, PALMYRA, PLEYSTOWE, SANDIFORD, SOUTH BINGERA, WALKERSTON","ALEXANDRIA RD, BATTAIA PL, BELLS RD, BOLD ST, CREEK ST, GRANTS RD, GRIMAS RD, HOMEBUSH RD, KEILBACHS RD, KELLYS RD, LORNE RD, MACKAY EUNGELLA RD, MCCOLL ST, OLD PLEYSTOWE RD, PALMS RD, PEAK DOWNS HWY, SCOTTS RD, SILINGARDIES RD, STATESMAN DR, STOCKROUTE RD, TIDEMANN ST, WALKERSTON HOMEBUSH RD, WALKERSTON-HOMEBUSH RD, WEIGANDS RD",2026-09-25T13:03:00Z,,149.0721229,-21.1872610,Mackay Regional,4770,https://services.arcgis.com/33eHbTVqo7gtiCE8/arcgis/rest/services/VwErgonOutages/FeatureServer/0,Polygon,"{""type"":""Polygon"",""coordinates"":[[[149.041390369346,-21.1452695664762],[149.041851724436,-21.1447819604958],[149.075181966783,-21.1435839851617],[149.075305226553,-21.1435944832701],[149.075361484245,-21.1436062562963],[149.075433682133,-21.1436270613479],[149.099047911767,-21.152385091593],[149.099347836615,-21.1527436517101],[149.099510824865,-21.1538586516651],[149.099514788797,-21.1539405373556],[149.096016047527,-21.2259935255033],[149.095961259971,-21.2261830431948],[149.085548457749,-21.2447571322934],[149.084880415504,-21.2449375662497],[149.083542242781,-21.2442094987468],[149.083487530799,-21.2441748227304],[149.077305528078,-21.2396478264554],[149.07726246237,-21.2396122154599],[149.047231788099,-21.2116155765075],[149.047091386988,-21.2113318687277],[149.041390369346,-21.1452695664762]]]}","{""OBJECTID"":910572,""EVENT_ID"":""26MK6049"",""TYPE"":""UNPLANNED"",""STATUS"":""Crews working on-site"",""CUSTOMERS_AFFECTED"":343,""SUBURBS"":""ALEXANDRA, BAKERS CREEK, GREENMOUNT, HOMEBUSH, MACKAY, PALMYRA, PLEYSTOWE, SANDIFORD, SOUTH BINGERA, WALKERSTON"",""STREETS"":""ALEXANDRIA RD, BATTAIA PL, BELLS RD, BOLD ST, CREEK ST, GRANTS RD, GRIMAS RD, HOMEBUSH RD, KEILBACHS RD, KELLYS RD, LORNE RD, MACKAY EUNGELLA RD, MCCOLL ST, OLD PLEYSTOWE RD, PALMS RD, PEAK DOWNS HWY, SCOTTS RD, SILINGARDIES RD, STATESMAN DR, STOCKROUTE RD, TIDEMANN ST, WALKERSTON HOMEBUSH RD, WALKERSTON-HOMEBUSH RD, WEIGANDS RD"",""START"":1790341380000,""FINISH"":null,""EST_FIX_TIME"":null,""REASON"":""The loss of supply is due to public safety concerns."",""CRC"":""14FCC82A"",""EXTRACTED"":1790352604672,""SHAPE__Area"":59612966.95703125,""SHAPE__Length"":31800.616375945134}"
2026-09-25T18:30:51Z,2026-09-26T04:30:51+10:00,au.qld.energex,Energex,au.qld.energex|unplanned|INCD-983632-g,INCD-983632-g,unplanned,Awaiting,Emergency Repairs,81,true,ROCHEDALE SOUTH,"BELMORE DR, KENTHURST CRES, NEERIM ST, PANDEEN RD, STELLARIS WAY, UNDERWOOD RD",2026-09-25T15:07:48Z,2026-09-25T20:30:00Z,153.1413874,-27.5981924,Logan City,4590,https://services.arcgis.com/bfVzktoY0OhzQCDj/ArcGIS/rest/services/VwEnergexOutages/FeatureServer/0,Polygon,"{""type"":""Polygon"",""coordinates"":[[[153.139026359493,-27.5979908706313],[153.138941687774,-27.5976609927879],[153.139075600812,-27.5969189136491],[153.13925710893,-27.5966396778073],[153.139440468499,-27.5965074773894],[153.139792104603,-27.5964079254766],[153.142758122614,-27.5965799049183],[153.143052903505,-27.5966860660379],[153.143223233111,-27.5968147452322],[153.143402205175,-27.5971568135849],[153.143416018026,-27.5996709233104],[153.142933767981,-27.6001239974935],[153.141471591516,-27.6001868284539],[153.141451505661,-27.6001873360639],[153.141017224209,-27.6001906352158],[153.140597336138,-27.5999974941532],[153.139026359493,-27.5979908706313]]]}","{""OBJECTID"":413261,""EVENT_ID"":""INCD-983632-g"",""TYPE"":""UNPLANNED"",""STATUS"":""Awaiting"",""CUSTOMERS_AFFECTED"":81,""SUBURBS"":""ROCHEDALE SOUTH"",""STREETS"":""BELMORE DR, KENTHURST CRES, NEERIM ST, PANDEEN RD, STELLARIS WAY, UNDERWOOD RD"",""START"":1790348868409,""FINISH"":null,""EST_FIX_TIME"":1790368200000,""REASON"":""Emergency Repairs"",""CRC"":""BFC40A2D"",""EXTRACTED"":1790360404552,""SHAPE__Area"":193900.1171875,""SHAPE__Length"":1650.388302442785}"
2026-09-25T18:30:51Z,2026-09-26T04:30:51+10:00,au.qld.ergon,Ergon Energy,au.qld.ergon|unplanned|910572,910572,unplanned,Crews working on-site,The loss of supply is due to public safety concerns.,343,true,"ALEXANDRA, BAKERS CREEK, GREENMOUNT, HOMEBUSH, MACKAY, PALMYRA, PLEYSTOWE, SANDIFORD, SOUTH BINGERA, WALKERSTON","ALEXANDRIA RD, BATTAIA PL, BELLS RD, BOLD ST, CREEK ST, GRANTS RD, GRIMAS RD, HOMEBUSH RD, KEILBACHS RD, KELLYS RD, LORNE RD, MACKAY EUNGELLA RD, MCCOLL ST, OLD PLEYSTOWE RD, PALMS RD, PEAK DOWNS HWY, SCOTTS RD, SILINGARDIES RD, STATESMAN DR, STOCKROUTE RD, TIDEMANN ST, WALKERSTON HOMEBUSH RD, WALKERSTON-HOMEBUSH RD, WEIGANDS RD",2026-09-25T13:03:00Z,,149.0721229,-21.1872610,Mackay Regional,4770,https://services.arcgis.com/33eHbTVqo7gtiCE8/arcgis/rest/services/VwErgonOutages/FeatureServer/0,Polygon,"{""type"":""Polygon"",""coordinates"":[[[149.041390369346,-21.1452695664762],[149.041851724436,-21.1447819604958],[149.075181966783,-21.1435839851617],[149.075305226553,-21.1435944832701],[149.075361484245,-21.1436062562963],[149.075433682133,-21.1436270613479],[149.099047911767,-21.152385091593],[149.099347836615,-21.1527436517101],[149.099510824865,-21.1538586516651],[149.099514788797,-21.1539405373556],[149.096016047527,-21.2259935255033],[149.095961259971,-21.2261830431948],[149.085548457749,-21.2447571322934],[149.084880415504,-21.2449375662497],[149.083542242781,-21.2442094987468],[149.083487530799,-21.2441748227304],[149.077305528078,-21.2396478264554],[149.07726246237,-21.2396122154599],[149.047231788099,-21.2116155765075],[149.047091386988,-21.2113318687277],[149.041390369346,-21.1452695664762]]]}","{""OBJECTID"":910572,""EVENT_ID"":""26MK6049"",""TYPE"":""UNPLANNED"",""STATUS"":""Crews working on-site"",""CUSTOMERS_AFFECTED"":343,""SUBURBS"":""ALEXANDRA, BAKERS CREEK, GREENMOUNT, HOMEBUSH, MACKAY, PALMYRA, PLEYSTOWE, SANDIFORD, SOUTH BINGERA, WALKERSTON"",""STREETS"":""ALEXANDRIA RD, BATTAIA PL, BELLS RD, BOLD ST, CREEK ST, GRANTS RD, GRIMAS RD, HOMEBUSH RD, KEILBACHS RD, KELLYS RD, LORNE RD, MACKAY EUNGELLA RD, MCCOLL ST, OLD PLEYSTOWE RD, PALMS RD, PEAK DOWNS HWY, SCOTTS RD, SILINGARDIES RD, STATESMAN DR, STOCKROUTE RD, TIDEMANN ST, WALKERSTON HOMEBUSH RD, WALKERSTON-HOMEBUSH RD, WEIGANDS RD"",""START"":1790341380000,""FINISH"":null,""EST_FIX_TIME"":null,""REASON"":""The loss of supply is due to public safety concerns."",""CRC"":""14FCC82A"",""EXTRACTED"":1790352604672,""SHAPE__Area"":59612966.95703125,""SHAPE__Length"":31800.616375945134}"
2026-09-25T18:45:39Z,2026-09-26T04:45:39+10:00,au.qld.energex,Energex,au.qld.energex|unplanned|INCD-983632-g,INCD-983632-g,unplanned,Awaiting,Emergency Repairs,81,true,ROCHEDALE SOUTH,"BELMORE DR, KENTHURST CRES, NEERIM ST, PANDEEN RD, STELLARIS WAY, UNDERWOOD RD",2026-09-25T15:07:48Z,2026-09-25T20:30:00Z,153.1413874,-27.5981924,Logan City,4590,https://services.arcgis.com/bfVzktoY0OhzQCDj/ArcGIS/rest/services/VwEnergexOutages/FeatureServer/0,Polygon,"{""type"":""Polygon"",""coordinates"":[[[153.139026359493,-27.5979908706313],[153.138941687774,-27.5976609927879],[153.139075600812,-27.5969189136491],[153.13925710893,-27.5966396778073],[153.139440468499,-27.5965074773894],[153.139792104603,-27.5964079254766],[153.142758122614,-27.5965799049183],[153.143052903505,-27.5966860660379],[153.143223233111,-27.5968147452322],[153.143402205175,-27.5971568135849],[153.143416018026,-27.5996709233104],[153.142933767981,-27.6001239974935],[153.141471591516,-27.6001868284539],[153.141451505661,-27.6001873360639],[153.141017224209,-27.6001906352158],[153.140597336138,-27.5999974941532],[153.139026359493,-27.5979908706313]]]}","{""OBJECTID"":413261,""EVENT_ID"":""INCD-983632-g"",""TYPE"":""UNPLANNED"",""STATUS"":""Awaiting"",""CUSTOMERS_AFFECTED"":81,""SUBURBS"":""ROCHEDALE SOUTH"",""STREETS"":""BELMORE DR, KENTHURST CRES, NEERIM ST, PANDEEN RD, STELLARIS WAY, UNDERWOOD RD"",""START"":1790348868409,""FINISH"":null,""EST_FIX_TIME"":1790368200000,""REASON"":""Emergency Repairs"",""CRC"":""BFC40A2D"",""EXTRACTED"":1790360404552,""SHAPE__Area"":193900.1171875,""SHAPE__Length"":1650.388302442785}"
2026-09-25T18:45:39Z,2026-09-26T04:45:39+10:00,au.qld.ergon,Ergon Energy,au.qld.ergon|unplanned|910572,910572,unplanned,Crews working on-site,The loss of supply is due to public safety concerns.,343,true,"ALEXANDRA, BAKERS CREEK, GREENMOUNT, HOMEBUSH, MACKAY, PALMYRA, PLEYSTOWE, SANDIFORD, SOUTH BINGERA, WALKERSTON","ALEXANDRIA RD, BATTAIA PL, BELLS RD, BOLD ST, CREEK ST, GRANTS RD, GRIMAS RD, HOMEBUSH RD, KEILBACHS RD, KELLYS RD, LORNE RD, MACKAY EUNGELLA RD, MCCOLL ST, OLD PLEYSTOWE RD, PALMS RD, PEAK DOWNS HWY, SCOTTS RD, SILINGARDIES RD, STATESMAN DR, STOCKROUTE RD, TIDEMANN ST, WALKERSTON HOMEBUSH RD, WALKERSTON-HOMEBUSH RD, WEIGANDS RD",2026-09-25T13:03:00Z,,149.0721229,-21.1872610,Mackay Regional,4770,https://services.arcgis.com/33eHbTVqo7gtiCE8/arcgis/rest/services/VwErgonOutages/FeatureServer/0,Polygon,"{""type"":""Polygon"",""coordinates"":[[[149.041390369346,-21.1452695664762],[149.041851724436,-21.1447819604958],[149.075181966783,-21.1435839851617],[149.075305226553,-21.1435944832701],[149.075361484245,-21.1436062562963],[149.075433682133,-21.1436270613479],[149.099047911767,-21.152385091593],[149.099347836615,-21.1527436517101],[149.099510824865,-21.1538586516651],[149.099514788797,-21.1539405373556],[149.096016047527,-21.2259935255033],[149.095961259971,-21.2261830431948],[149.085548457749,-21.2447571322934],[149.084880415504,-21.2449375662497],[149.083542242781,-21.2442094987468],[149.083487530799,-21.2441748227304],[149.077305528078,-21.2396478264554],[149.07726246237,-21.2396122154599],[149.047231788099,-21.2116155765075],[149.047091386988,-21.2113318687277],[149.041390369346,-21.1452695664762]]]}","{""OBJECTID"":910572,""EVENT_ID"":""26MK6049"",""TYPE"":""UNPLANNED"",""STATUS"":""Crews working on-site"",""CUSTOMERS_AFFECTED"":343,""SUBURBS"":""ALEXANDRA, BAKERS CREEK, GREENMOUNT, HOMEBUSH, MACKAY, PALMYRA, PLEYSTOWE, SANDIFORD, SOUTH BINGERA, WALKERSTON"",""STREETS"":""ALEXANDRIA RD, BATTAIA PL, BELLS RD, BOLD ST, CREEK ST, GRANTS RD, GRIMAS RD, HOMEBUSH RD, KEILBACHS RD, KELLYS RD, LORNE RD, MACKAY EUNGELLA RD, MCCOLL ST, OLD PLEYSTOWE RD, PALMS RD, PEAK DOWNS HWY, SCOTTS RD, SILINGARDIES RD, STATESMAN DR, STOCKROUTE RD, TIDEMANN ST, WALKERSTON HOMEBUSH RD, WALKERSTON-HOMEBUSH RD, WEIGANDS RD"",""START"":1790341380000,""FINISH"":null,""EST_FIX_TIME"":null,""REASON"":""The loss of supply is due to public safety concerns."",""CRC"":""14FCC82A"",""EXTRACTED"":1790352604672,""SHAPE__Area"":59612966.95703125,""SHAPE__Length"":31800.616375945134}"
2026-09-25T19:01:00Z,2026-09-26T05:01:00+10:00,au.qld.ergon,Ergon Energy,au.qld.ergon|unplanned|910572,910572,unplanned,Crews working on-site,The loss of supply is due to public safety concerns.,343,true,"ALEXANDRA, BAKERS CREEK, GREENMOUNT, HOMEBUSH, MACKAY, PALMYRA, PLEYSTOWE, SANDIFORD, SOUTH BINGERA, WALKERSTON","ALEXANDRIA RD, BATTAIA PL, BELLS RD, BOLD ST, CREEK ST, GRANTS RD, GRIMAS RD, HOMEBUSH RD, KEILBACHS RD, KELLYS RD, LORNE RD, MACKAY EUNGELLA RD, MCCOLL ST, OLD PLEYSTOWE RD, PALMS RD, PEAK DOWNS HWY, SCOTTS RD, SILINGARDIES RD, STATESMAN DR, STOCKROUTE RD, TIDEMANN ST, WALKERSTON HOMEBUSH RD, WALKERSTON-HOMEBUSH RD, WEIGANDS RD",2026-09-25T13:03:00Z,,149.0721229,-21.1872610,Mackay Regional,4770,https://services.arcgis.com/33eHbTVqo7gtiCE8/arcgis/rest/services/VwErgonOutages/FeatureServer/0,Polygon,"{""type"":""Polygon"",""coordinates"":[[[149.041390369346,-21.1452695664762],[149.041851724436,-21.1447819604958],[149.075181966783,-21.1435839851617],[149.075305226553,-21.1435944832701],[149.075361484245,-21.1436062562963],[149.075433682133,-21.1436270613479],[149.099047911767,-21.152385091593],[149.099347836615,-21.1527436517101],[149.099510824865,-21.1538586516651],[149.099514788797,-21.1539405373556],[149.096016047527,-21.2259935255033],[149.095961259971,-21.2261830431948],[149.085548457749,-21.2447571322934],[149.084880415504,-21.2449375662497],[149.083542242781,-21.2442094987468],[149.083487530799,-21.2441748227304],[149.077305528078,-21.2396478264554],[149.07726246237,-21.2396122154599],[149.047231788099,-21.2116155765075],[149.047091386988,-21.2113318687277],[149.041390369346,-21.1452695664762]]]}","{""OBJECTID"":910572,""EVENT_ID"":""26MK6049"",""TYPE"":""UNPLANNED"",""STATUS"":""Crews working on-site"",""CUSTOMERS_AFFECTED"":343,""SUBURBS"":""ALEXANDRA, BAKERS CREEK, GREENMOUNT, HOMEBUSH, MACKAY, PALMYRA, PLEYSTOWE, SANDIFORD, SOUTH BINGERA, WALKERSTON"",""STREETS"":""ALEXANDRIA RD, BATTAIA PL, BELLS RD, BOLD ST, CREEK ST, GRANTS RD, GRIMAS RD, HOMEBUSH RD, KEILBACHS RD, KELLYS RD, LORNE RD, MACKAY EUNGELLA RD, MCCOLL ST, OLD PLEYSTOWE RD, PALMS RD, PEAK DOWNS HWY, SCOTTS RD, SILINGARDIES RD, STATESMAN DR, STOCKROUTE RD, TIDEMANN ST, WALKERSTON HOMEBUSH RD, WALKERSTON-HOMEBUSH RD, WEIGANDS RD"",""START"":1790341380000,""FINISH"":null,""EST_FIX_TIME"":null,""REASON"":""The loss of supply is due to public safety concerns."",""CRC"":""14FCC82A"",""EXTRACTED"":1790352604672,""SHAPE__Area"":59612966.95703125,""SHAPE__Length"":31800.616375945134}"
2026-09-25T19:01:00Z,2026-09-26T05:01:00+10:00,au.qld.ergon,Ergon Energy,au.qld.ergon|unplanned|910573,910573,unplanned,Outage reported,The loss of supply is due to damage requiring emergency repairs.,75,true,MIDGE POINT,"BURTON ST, JACKSON ST, PARK DR, PETERS AVE",2026-09-25T17:46:08Z,,148.7201153,-20.6517075,Mackay Regional,4770,https://services.arcgis.com/33eHbTVqo7gtiCE8/arcgis/rest/services/VwErgonOutages/FeatureServer/0,Polygon,"{""type"":""Polygon"",""coordinates"":[[[148.71823629786,-20.6536212700365],[148.718006284461,-20.6530396112233],[148.719066286217,-20.6506876245839],[148.719174654131,-20.6505391561886],[148.720275657447,-20.6495381549395],[148.72034951679,-20.6494831073557],[148.720658519962,-20.6492961067539],[148.720952453001,-20.6492255332034],[148.721380454815,-20.6492545414385],[148.721745582033,-20.6494550053017],[148.722135819066,-20.6500076480221],[148.72216922633,-20.650452199705],[148.721137989686,-20.6524855498831],[148.721133035818,-20.6524950307113],[148.72051611345,-20.6536416367404],[148.720501149547,-20.6536673428808],[148.720315074909,-20.6539637442713],[148.719788826655,-20.6541728743516],[148.719324811195,-20.6540668728658],[148.719263808025,-20.6540488091141],[148.718783823994,-20.6538728064224],[148.718746302142,-20.653857279177],[148.71823629786,-20.6536212700365]]]}","{""OBJECTID"":910573,""EVENT_ID"":""26MK6053"",""TYPE"":""UNPLANNED"",""STATUS"":""Outage reported"",""CUSTOMERS_AFFECTED"":75,""SUBURBS"":""MIDGE POINT"",""STREETS"":""BURTON ST, JACKSON ST, PARK DR, PETERS AVE"",""START"":1790358368000,""FINISH"":null,""EST_FIX_TIME"":null,""REASON"":""The loss of supply is due to damage requiring emergency repairs. "",""CRC"":""40047104"",""EXTRACTED"":1790362204355,""SHAPE__Area"":161825.0234375,""SHAPE__Length"":1597.0252716778405}"
2026-09-25T19:15:40Z,2026-09-26T05:15:40+10:00,au.qld.ergon,Ergon Energy,au.qld.ergon|unplanned|910572,910572,unplanned,Crews working on-site,The loss of supply is due to public safety concerns.,343,true,"ALEXANDRA, BAKERS CREEK, GREENMOUNT, HOMEBUSH, MACKAY, PALMYRA, PLEYSTOWE, SANDIFORD, SOUTH BINGERA, WALKERSTON","ALEXANDRIA RD, BATTAIA PL, BELLS RD, BOLD ST, CREEK ST, GRANTS RD, GRIMAS RD, HOMEBUSH RD, KEILBACHS RD, KELLYS RD, LORNE RD, MACKAY EUNGELLA RD, MCCOLL ST, OLD PLEYSTOWE RD, PALMS RD, PEAK DOWNS HWY, SCOTTS RD, SILINGARDIES RD, STATESMAN DR, STOCKROUTE RD, TIDEMANN ST, WALKERSTON HOMEBUSH RD, WALKERSTON-HOMEBUSH RD, WEIGANDS RD",2026-09-25T13:03:00Z,,149.0721229,-21.1872610,Mackay Regional,4770,https://services.arcgis.com/33eHbTVqo7gtiCE8/arcgis/rest/services/VwErgonOutages/FeatureServer/0,Polygon,"{""type"":""Polygon"",""coordinates"":[[[149.041390369346,-21.1452695664762],[149.041851724436,-21.1447819604958],[149.075181966783,-21.1435839851617],[149.075305226553,-21.1435944832701],[149.075361484245,-21.1436062562963],[149.075433682133,-21.1436270613479],[149.099047911767,-21.152385091593],[149.099347836615,-21.1527436517101],[149.099510824865,-21.1538586516651],[149.099514788797,-21.1539405373556],[149.096016047527,-21.2259935255033],[149.095961259971,-21.2261830431948],[149.085548457749,-21.2447571322934],[149.084880415504,-21.2449375662497],[149.083542242781,-21.2442094987468],[149.083487530799,-21.2441748227304],[149.077305528078,-21.2396478264554],[149.07726246237,-21.2396122154599],[149.047231788099,-21.2116155765075],[149.047091386988,-21.2113318687277],[149.041390369346,-21.1452695664762]]]}","{""OBJECTID"":910572,""EVENT_ID"":""26MK6049"",""TYPE"":""UNPLANNED"",""STATUS"":""Crews working on-site"",""CUSTOMERS_AFFECTED"":343,""SUBURBS"":""ALEXANDRA, BAKERS CREEK, GREENMOUNT, HOMEBUSH, MACKAY, PALMYRA, PLEYSTOWE, SANDIFORD, SOUTH BINGERA, WALKERSTON"",""STREETS"":""ALEXANDRIA RD, BATTAIA PL, BELLS RD, BOLD ST, CREEK ST, GRANTS RD, GRIMAS RD, HOMEBUSH RD, KEILBACHS RD, KELLYS RD, LORNE RD, MACKAY EUNGELLA RD, MCCOLL ST, OLD PLEYSTOWE RD, PALMS RD, PEAK DOWNS HWY, SCOTTS RD, SILINGARDIES RD, STATESMAN DR, STOCKROUTE RD, TIDEMANN ST, WALKERSTON HOMEBUSH RD, WALKERSTON-HOMEBUSH RD, WEIGANDS RD"",""START"":1790341380000,""FINISH"":null,""EST_FIX_TIME"":null,""REASON"":""The loss of supply is due to public safety concerns."",""CRC"":""14FCC82A"",""EXTRACTED"":1790352604672,""SHAPE__Area"":59612966.95703125,""SHAPE__Length"":31800.616375945134}"
2026-09-25T19:15:40Z,2026-09-26T05:15:40+10:00,au.qld.ergon,Ergon Energy,au.qld.ergon|unplanned|910573,910573,unplanned,Outage reported,The loss of supply is due to damage requiring emergency repairs.,75,true,MIDGE POINT,"BURTON ST, JACKSON ST, PARK DR, PETERS AVE",2026-09-25T17:46:08Z,,148.7201153,-20.6517075,Mackay Regional,4770,https://services.arcgis.com/33eHbTVqo7gtiCE8/arcgis/rest/services/VwErgonOutages/FeatureServer/0,Polygon,"{""type"":""Polygon"",""coordinates"":[[[148.71823629786,-20.6536212700365],[148.718006284461,-20.6530396112233],[148.719066286217,-20.6506876245839],[148.719174654131,-20.6505391561886],[148.720275657447,-20.6495381549395],[148.72034951679,-20.6494831073557],[148.720658519962,-20.6492961067539],[148.720952453001,-20.6492255332034],[148.721380454815,-20.6492545414385],[148.721745582033,-20.6494550053017],[148.722135819066,-20.6500076480221],[148.72216922633,-20.650452199705],[148.721137989686,-20.6524855498831],[148.721133035818,-20.6524950307113],[148.72051611345,-20.6536416367404],[148.720501149547,-20.6536673428808],[148.720315074909,-20.6539637442713],[148.719788826655,-20.6541728743516],[148.719324811195,-20.6540668728658],[148.719263808025,-20.6540488091141],[148.718783823994,-20.6538728064224],[148.718746302142,-20.653857279177],[148.71823629786,-20.6536212700365]]]}","{""OBJECTID"":910573,""EVENT_ID"":""26MK6053"",""TYPE"":""UNPLANNED"",""STATUS"":""Outage reported"",""CUSTOMERS_AFFECTED"":75,""SUBURBS"":""MIDGE POINT"",""STREETS"":""BURTON ST, JACKSON ST, PARK DR, PETERS AVE"",""START"":1790358368000,""FINISH"":null,""EST_FIX_TIME"":null,""REASON"":""The loss of supply is due to damage requiring emergency repairs. "",""CRC"":""40047104"",""EXTRACTED"":1790362204355,""SHAPE__Area"":161825.0234375,""SHAPE__Length"":1597.0252716778405}"
2026-09-25T19:30:56Z,2026-09-26T05:30:56+10:00,au.qld.ergon,Ergon Energy,au.qld.ergon|unplanned|910572,910572,unplanned,Crews working on-site,The loss of supply is due to public safety concerns.,343,true,"ALEXANDRA, BAKERS CREEK, GREENMOUNT, HOMEBUSH, MACKAY, PALMYRA, PLEYSTOWE, SANDIFORD, SOUTH BINGERA, WALKERSTON","ALEXANDRIA RD, BATTAIA PL, BELLS RD, BOLD ST, CREEK ST, GRANTS RD, GRIMAS RD, HOMEBUSH RD, KEILBACHS RD, KELLYS RD, LORNE RD, MACKAY EUNGELLA RD, MCCOLL ST, OLD PLEYSTOWE RD, PALMS RD, PEAK DOWNS HWY, SCOTTS RD, SILINGARDIES RD, STATESMAN DR, STOCKROUTE RD, TIDEMANN ST, WALKERSTON HOMEBUSH RD, WALKERSTON-HOMEBUSH RD, WEIGANDS RD",2026-09-25T13:03:00Z,,149.0721229,-21.1872610,Mackay Regional,4770,https://services.arcgis.com/33eHbTVqo7gtiCE8/arcgis/rest/services/VwErgonOutages/FeatureServer/0,Polygon,"{""type"":""Polygon"",""coordinates"":[[[149.041390369346,-21.1452695664762],[149.041851724436,-21.1447819604958],[149.075181966783,-21.1435839851617],[149.075305226553,-21.1435944832701],[149.075361484245,-21.1436062562963],[149.075433682133,-21.1436270613479],[149.099047911767,-21.152385091593],[149.099347836615,-21.1527436517101],[149.099510824865,-21.1538586516651],[149.099514788797,-21.1539405373556],[149.096016047527,-21.2259935255033],[149.095961259971,-21.2261830431948],[149.085548457749,-21.2447571322934],[149.084880415504,-21.2449375662497],[149.083542242781,-21.2442094987468],[149.083487530799,-21.2441748227304],[149.077305528078,-21.2396478264554],[149.07726246237,-21.2396122154599],[149.047231788099,-21.2116155765075],[149.047091386988,-21.2113318687277],[149.041390369346,-21.1452695664762]]]}","{""OBJECTID"":910572,""EVENT_ID"":""26MK6049"",""TYPE"":""UNPLANNED"",""STATUS"":""Crews working on-site"",""CUSTOMERS_AFFECTED"":343,""SUBURBS"":""ALEXANDRA, BAKERS CREEK, GREENMOUNT, HOMEBUSH, MACKAY, PALMYRA, PLEYSTOWE, SANDIFORD, SOUTH BINGERA, WALKERSTON"",""STREETS"":""ALEXANDRIA RD, BATTAIA PL, BELLS RD, BOLD ST, CREEK ST, GRANTS RD, GRIMAS RD, HOMEBUSH RD, KEILBACHS RD, KELLYS RD, LORNE RD, MACKAY EUNGELLA RD, MCCOLL ST, OLD PLEYSTOWE RD, PALMS RD, PEAK DOWNS HWY, SCOTTS RD, SILINGARDIES RD, STATESMAN DR, STOCKROUTE RD, TIDEMANN ST, WALKERSTON HOMEBUSH RD, WALKERSTON-HOMEBUSH RD, WEIGANDS RD"",""START"":1790341380000,""FINISH"":null,""EST_FIX_TIME"":null,""REASON"":""The loss of supply is due to public safety concerns."",""CRC"":""14FCC82A"",""EXTRACTED"":1790352604672,""SHAPE__Area"":59612966.95703125,""SHAPE__Length"":31800.616375945134}"
2026-09-25T19:30:56Z,2026-09-26T05:30:56+10:00,au.qld.ergon,Ergon Energy,au.qld.ergon|unplanned|910573,910573,unplanned,Outage reported,The loss of supply is due to damage requiring emergency repairs.,75,true,MIDGE POINT,"BURTON ST, JACKSON ST, PARK DR, PETERS AVE",2026-09-25T17:46:08Z,,148.7201153,-20.6517075,Mackay Regional,4770,https://services.arcgis.com/33eHbTVqo7gtiCE8/arcgis/rest/services/VwErgonOutages/FeatureServer/0,Polygon,"{""type"":""Polygon"",""coordinates"":[[[148.71823629786,-20.6536212700365],[148.718006284461,-20.6530396112233],[148.719066286217,-20.6506876245839],[148.719174654131,-20.6505391561886],[148.720275657447,-20.6495381549395],[148.72034951679,-20.6494831073557],[148.720658519962,-20.6492961067539],[148.720952453001,-20.6492255332034],[148.721380454815,-20.6492545414385],[148.721745582033,-20.6494550053017],[148.722135819066,-20.6500076480221],[148.72216922633,-20.650452199705],[148.721137989686,-20.6524855498831],[148.721133035818,-20.6524950307113],[148.72051611345,-20.6536416367404],[148.720501149547,-20.6536673428808],[148.720315074909,-20.6539637442713],[148.719788826655,-20.6541728743516],[148.719324811195,-20.6540668728658],[148.719263808025,-20.6540488091141],[148.718783823994,-20.6538728064224],[148.718746302142,-20.653857279177],[148.71823629786,-20.6536212700365]]]}","{""OBJECTID"":910573,""EVENT_ID"":""26MK6053"",""TYPE"":""UNPLANNED"",""STATUS"":""Outage reported"",""CUSTOMERS_AFFECTED"":75,""SUBURBS"":""MIDGE POINT"",""STREETS"":""BURTON ST, JACKSON ST, PARK DR, PETERS AVE"",""START"":1790358368000,""FINISH"":null,""EST_FIX_TIME"":null,""REASON"":""The loss of supply is due to damage requiring emergency repairs. "",""CRC"":""40047104"",""EXTRACTED"":1790362204355,""SHAPE__Area"":161825.0234375,""SHAPE__Length"":1597.0252716778405}"
2026-09-25T19:45:44Z,2026-09-26T05:45:44+10:00,au.qld.ergon,Ergon Energy,au.qld.ergon|unplanned|910573,910573,unplanned,Outage reported,The loss of supply is due to damage requiring emergency repairs.,75,true,MIDGE POINT,"BURTON ST, JACKSON ST, PARK DR, PETERS AVE",2026-09-25T17:46:08Z,,148.7201153,-20.6517075,Mackay Regional,4770,https://services.arcgis.com/33eHbTVqo7gtiCE8/arcgis/rest/services/VwErgonOutages/FeatureServer/0,Polygon,"{""type"":""Polygon"",""coordinates"":[[[148.71823629786,-20.6536212700365],[148.718006284461,-20.6530396112233],[148.719066286217,-20.6506876245839],[148.719174654131,-20.6505391561886],[148.720275657447,-20.6495381549395],[148.72034951679,-20.6494831073557],[148.720658519962,-20.6492961067539],[148.720952453001,-20.6492255332034],[148.721380454815,-20.6492545414385],[148.721745582033,-20.6494550053017],[148.722135819066,-20.6500076480221],[148.72216922633,-20.650452199705],[148.721137989686,-20.6524855498831],[148.721133035818,-20.6524950307113],[148.72051611345,-20.6536416367404],[148.720501149547,-20.6536673428808],[148.720315074909,-20.6539637442713],[148.719788826655,-20.6541728743516],[148.719324811195,-20.6540668728658],[148.719263808025,-20.6540488091141],[148.718783823994,-20.6538728064224],[148.718746302142,-20.653857279177],[148.71823629786,-20.6536212700365]]]}","{""OBJECTID"":910573,""EVENT_ID"":""26MK6053"",""TYPE"":""UNPLANNED"",""STATUS"":""Outage reported"",""CUSTOMERS_AFFECTED"":75,""SUBURBS"":""MIDGE POINT"",""STREETS"":""BURTON ST, JACKSON ST, PARK DR, PETERS AVE"",""START"":1790358368000,""FINISH"":null,""EST_FIX_TIME"":null,""REASON"":""The loss of supply is due to damage requiring emergency repairs. "",""CRC"":""40047104"",""EXTRACTED"":1790362204355,""SHAPE__Area"":161825.0234375,""SHAPE__Length"":1597.0252716778405}"
2026-09-25T20:00:59Z,2026-09-26T06:00:59+10:00,au.qld.ergon,Ergon Energy,au.qld.ergon|unplanned|910573,910573,unplanned,Outage reported,The loss of supply is due to damage requiring emergency repairs.,75,true,MIDGE POINT,"BURTON ST, JACKSON ST, PARK DR, PETERS AVE",2026-09-25T17:46:08Z,,148.7201153,-20.6517075,Mackay Regional,4770,https://services.arcgis.com/33eHbTVqo7gtiCE8/arcgis/rest/services/VwErgonOutages/FeatureServer/0,Polygon,"{""type"":""Polygon"",""coordinates"":[[[148.71823629786,-20.6536212700365],[148.718006284461,-20.6530396112233],[148.719066286217,-20.6506876245839],[148.719174654131,-20.6505391561886],[148.720275657447,-20.6495381549395],[148.72034951679,-20.6494831073557],[148.720658519962,-20.6492961067539],[148.720952453001,-20.6492255332034],[148.721380454815,-20.6492545414385],[148.721745582033,-20.6494550053017],[148.722135819066,-20.6500076480221],[148.72216922633,-20.650452199705],[148.721137989686,-20.6524855498831],[148.721133035818,-20.6524950307113],[148.72051611345,-20.6536416367404],[148.720501149547,-20.6536673428808],[148.720315074909,-20.6539637442713],[148.719788826655,-20.6541728743516],[148.719324811195,-20.6540668728658],[148.719263808025,-20.6540488091141],[148.718783823994,-20.6538728064224],[148.718746302142,-20.653857279177],[148.71823629786,-20.6536212700365]]]}","{""OBJECTID"":910573,""EVENT_ID"":""26MK6053"",""TYPE"":""UNPLANNED"",""STATUS"":""Outage reported"",""CUSTOMERS_AFFECTED"":75,""SUBURBS"":""MIDGE POINT"",""STREETS"":""BURTON ST, JACKSON ST, PARK DR, PETERS AVE"",""START"":1790358368000,""FINISH"":null,""EST_FIX_TIME"":null,""REASON"":""The loss of supply is due to damage requiring emergency repairs. "",""CRC"":""40047104"",""EXTRACTED"":1790362204355,""SHAPE__Area"":161825.0234375,""SHAPE__Length"":1597.0252716778405}"
2026-09-25T20:15:43Z,2026-09-26T06:15:43+10:00,au.qld.ergon,Ergon Energy,au.qld.ergon|unplanned|910573,910573,unplanned,Outage reported,The loss of supply is due to damage requiring emergency repairs.,75,true,MIDGE POINT,"BURTON ST, JACKSON ST, PARK DR, PETERS AVE",2026-09-25T17:46:08Z,,148.7201153,-20.6517075,Mackay Regional,4770,https://services.arcgis.com/33eHbTVqo7gtiCE8/arcgis/rest/services/VwErgonOutages/FeatureServer/0,Polygon,"{""type"":""Polygon"",""coordinates"":[[[148.71823629786,-20.6536212700365],[148.718006284461,-20.6530396112233],[148.719066286217,-20.6506876245839],[148.719174654131,-20.6505391561886],[148.720275657447,-20.6495381549395],[148.72034951679,-20.6494831073557],[148.720658519962,-20.6492961067539],[148.720952453001,-20.6492255332034],[148.721380454815,-20.6492545414385],[148.721745582033,-20.6494550053017],[148.722135819066,-20.6500076480221],[148.72216922633,-20.650452199705],[148.721137989686,-20.6524855498831],[148.721133035818,-20.6524950307113],[148.72051611345,-20.6536416367404],[148.720501149547,-20.6536673428808],[148.720315074909,-20.6539637442713],[148.719788826655,-20.6541728743516],[148.719324811195,-20.6540668728658],[148.719263808025,-20.6540488091141],[148.718783823994,-20.6538728064224],[148.718746302142,-20.653857279177],[148.71823629786,-20.6536212700365]]]}","{""OBJECTID"":910573,""EVENT_ID"":""26MK6053"",""TYPE"":""UNPLANNED"",""STATUS"":""Outage reported"",""CUSTOMERS_AFFECTED"":75,""SUBURBS"":""MIDGE POINT"",""STREETS"":""BURTON ST, JACKSON ST, PARK DR, PETERS AVE"",""START"":1790358368000,""FINISH"":null,""EST_FIX_TIME"":null,""REASON"":""The loss of supply is due to damage requiring emergency repairs. "",""CRC"":""40047104"",""EXTRACTED"":1790362204355,""SHAPE__Area"":161825.0234375,""SHAPE__Length"":1597.0252716778405}"
2026-09-25T20:30:52Z,2026-09-26T06:30:52+10:00,au.qld.ergon,Ergon Energy,au.qld.ergon|unplanned|910573,910573,unplanned,Outage reported,The loss of supply is due to damage requiring emergency repairs.,75,true,MIDGE POINT,"BURTON ST, JACKSON ST, PARK DR, PETERS AVE",2026-09-25T17:46:08Z,,148.7201153,-20.6517075,Mackay Regional,4770,https://services.arcgis.com/33eHbTVqo7gtiCE8/arcgis/rest/services/VwErgonOutages/FeatureServer/0,Polygon,"{""type"":""Polygon"",""coordinates"":[[[148.71823629786,-20.6536212700365],[148.718006284461,-20.6530396112233],[148.719066286217,-20.6506876245839],[148.719174654131,-20.6505391561886],[148.720275657447,-20.6495381549395],[148.72034951679,-20.6494831073557],[148.720658519962,-20.6492961067539],[148.720952453001,-20.6492255332034],[148.721380454815,-20.6492545414385],[148.721745582033,-20.6494550053017],[148.722135819066,-20.6500076480221],[148.72216922633,-20.650452199705],[148.721137989686,-20.6524855498831],[148.721133035818,-20.6524950307113],[148.72051611345,-20.6536416367404],[148.720501149547,-20.6536673428808],[148.720315074909,-20.6539637442713],[148.719788826655,-20.6541728743516],[148.719324811195,-20.6540668728658],[148.719263808025,-20.6540488091141],[148.718783823994,-20.6538728064224],[148.718746302142,-20.653857279177],[148.71823629786,-20.6536212700365]]]}","{""OBJECTID"":910573,""EVENT_ID"":""26MK6053"",""TYPE"":""UNPLANNED"",""STATUS"":""Outage reported"",""CUSTOMERS_AFFECTED"":75,""SUBURBS"":""MIDGE POINT"",""STREETS"":""BURTON ST, JACKSON ST, PARK DR, PETERS AVE"",""START"":1790358368000,""FINISH"":null,""EST_FIX_TIME"":null,""REASON"":""The loss of supply is due to damage requiring emergency repairs. "",""CRC"":""40047104"",""EXTRACTED"":1790362204355,""SHAPE__Area"":161825.0234375,""SHAPE__Length"":1597.0252716778405}"
2026-09-25T21:00:58Z,2026-09-26T07:00:58+10:00,au.qld.ergon,Ergon Energy,au.qld.ergon|unplanned|910574,910574,unplanned,Crews working on-site,"The loss of supply is due to damage caused by external influences, such as birds or animals.",38,true,"BLUE MOUNTAIN HEIGHT, HIGHFIELDS","CRESTVIEW CRES, DRUMMOND RD, ELYSE CT, HI-WINDS RD, KIMBERLEY CT",2026-09-25T20:34:32Z,,151.9469870,-27.4993117,Toowoomba Regional,6910,https://services.arcgis.com/33eHbTVqo7gtiCE8/arcgis/rest/services/VwErgonOutages/FeatureServer/0,Polygon,"{""type"":""Polygon"",""coordinates"":[[[151.940571474361,-27.5015066342272],[151.940549698023,-27.5008202340948],[151.948078116637,-27.4947954839764],[151.948456769977,-27.4946818961323],[151.949639518658,-27.4947690205815],[151.949754081694,-27.4947895641094],[151.950673298759,-27.4950561836175],[151.950933365291,-27.4952295669756],[151.952037378523,-27.496664547773],[151.952064406748,-27.4967038524705],[151.952521410849,-27.4974518930556],[151.952582914172,-27.4976682578485],[151.952578703914,-27.4992781017918],[151.952336879093,-27.4996612448809],[151.944496291533,-27.5039269592822],[151.943918092926,-27.503894185761],[151.940571474361,-27.5015066342272]]]}","{""OBJECTID"":910574,""EVENT_ID"":""26SW11698"",""TYPE"":""UNPLANNED"",""STATUS"":""Outage reported"",""CUSTOMERS_AFFECTED"":38,""SUBURBS"":""BLUE MOUNTAIN HEIGHT, HIGHFIELDS"",""STREETS"":""CRESTVIEW CRES, DRUMMOND RD, ELYSE CT, HI-WINDS RD, KIMBERLEY CT"",""START"":1790368472000,""FINISH"":null,""EST_FIX_TIME"":null,""REASON"":""The loss of supply is due to damage requiring emergency repairs. Fault finding is in progress."",""CRC"":""07DC97A8"",""EXTRACTED"":1790369704514,""SHAPE__Area"":874098.44921875,""SHAPE__Length"":3730.621707146955}"
2026-09-25T21:15:40Z,2026-09-26T07:15:40+10:00,au.qld.ergon,Ergon Energy,au.qld.ergon|unplanned|910574,910574,unplanned,Crews working on-site,"The loss of supply is due to damage caused by external influences, such as birds or animals.",38,true,"BLUE MOUNTAIN HEIGHT, HIGHFIELDS","CRESTVIEW CRES, DRUMMOND RD, ELYSE CT, HI-WINDS RD, KIMBERLEY CT",2026-09-25T20:34:32Z,,151.9469870,-27.4993117,Toowoomba Regional,6910,https://services.arcgis.com/33eHbTVqo7gtiCE8/arcgis/rest/services/VwErgonOutages/FeatureServer/0,Polygon,"{""type"":""Polygon"",""coordinates"":[[[151.940571474361,-27.5015066342272],[151.940549698023,-27.5008202340948],[151.948078116637,-27.4947954839764],[151.948456769977,-27.4946818961323],[151.949639518658,-27.4947690205815],[151.949754081694,-27.4947895641094],[151.950673298759,-27.4950561836175],[151.950933365291,-27.4952295669756],[151.952037378523,-27.496664547773],[151.952064406748,-27.4967038524705],[151.952521410849,-27.4974518930556],[151.952582914172,-27.4976682578485],[151.952578703914,-27.4992781017918],[151.952336879093,-27.4996612448809],[151.944496291533,-27.5039269592822],[151.943918092926,-27.503894185761],[151.940571474361,-27.5015066342272]]]}","{""OBJECTID"":910574,""EVENT_ID"":""26SW11698"",""TYPE"":""UNPLANNED"",""STATUS"":""Outage reported"",""CUSTOMERS_AFFECTED"":38,""SUBURBS"":""BLUE MOUNTAIN HEIGHT, HIGHFIELDS"",""STREETS"":""CRESTVIEW CRES, DRUMMOND RD, ELYSE CT, HI-WINDS RD, KIMBERLEY CT"",""START"":1790368472000,""FINISH"":null,""EST_FIX_TIME"":null,""REASON"":""The loss of supply is due to damage requiring emergency repairs. Fault finding is in progress."",""CRC"":""07DC97A8"",""EXTRACTED"":1790369704514,""SHAPE__Area"":874098.44921875,""SHAPE__Length"":3730.621707146955}"
2026-09-25T21:30:49Z,2026-09-26T07:30:49+10:00,au.qld.ergon,Ergon Energy,au.qld.ergon|unplanned|910574,910574,unplanned,Crews working on-site,"The loss of supply is due to damage caused by external influences, such as birds or animals.",38,true,"BLUE MOUNTAIN HEIGHT, HIGHFIELDS","CRESTVIEW CRES, DRUMMOND RD, ELYSE CT, HI-WINDS RD, KIMBERLEY CT",2026-09-25T20:34:32Z,,151.9469870,-27.4993117,Toowoomba Regional,6910,https://services.arcgis.com/33eHbTVqo7gtiCE8/arcgis/rest/services/VwErgonOutages/FeatureServer/0,Polygon,"{""type"":""Polygon"",""coordinates"":[[[151.940571474361,-27.5015066342272],[151.940549698023,-27.5008202340948],[151.948078116637,-27.4947954839764],[151.948456769977,-27.4946818961323],[151.949639518658,-27.4947690205815],[151.949754081694,-27.4947895641094],[151.950673298759,-27.4950561836175],[151.950933365291,-27.4952295669756],[151.952037378523,-27.496664547773],[151.952064406748,-27.4967038524705],[151.952521410849,-27.4974518930556],[151.952582914172,-27.4976682578485],[151.952578703914,-27.4992781017918],[151.952336879093,-27.4996612448809],[151.944496291533,-27.5039269592822],[151.943918092926,-27.503894185761],[151.940571474361,-27.5015066342272]]]}","{""OBJECTID"":910574,""EVENT_ID"":""26SW11698"",""TYPE"":""UNPLANNED"",""STATUS"":""Outage reported"",""CUSTOMERS_AFFECTED"":38,""SUBURBS"":""BLUE MOUNTAIN HEIGHT, HIGHFIELDS"",""STREETS"":""CRESTVIEW CRES, DRUMMOND RD, ELYSE CT, HI-WINDS RD, KIMBERLEY CT"",""START"":1790368472000,""FINISH"":null,""EST_FIX_TIME"":null,""REASON"":""The loss of supply is due to damage requiring emergency repairs. Fault finding is in progress."",""CRC"":""07DC97A8"",""EXTRACTED"":1790369704514,""SHAPE__Area"":874098.44921875,""SHAPE__Length"":3730.621707146955}"
2026-09-25T21:45:44Z,2026-09-26T07:45:44+10:00,au.qld.ergon,Ergon Energy,au.qld.ergon|unplanned|910574,910574,unplanned,Crews working on-site,"The loss of supply is due to damage caused by external influences, such as birds or animals.",38,true,"BLUE MOUNTAIN HEIGHT, HIGHFIELDS","CRESTVIEW CRES, DRUMMOND RD, ELYSE CT, HI-WINDS RD, KIMBERLEY CT",2026-09-25T20:34:32Z,,151.9469870,-27.4993117,Toowoomba Regional,6910,https://services.arcgis.com/33eHbTVqo7gtiCE8/arcgis/rest/services/VwErgonOutages/FeatureServer/0,Polygon,"{""type"":""Polygon"",""coordinates"":[[[151.940571474361,-27.5015066342272],[151.940549698023,-27.5008202340948],[151.948078116637,-27.4947954839764],[151.948456769977,-27.4946818961323],[151.949639518658,-27.4947690205815],[151.949754081694,-27.4947895641094],[151.950673298759,-27.4950561836175],[151.950933365291,-27.4952295669756],[151.952037378523,-27.496664547773],[151.952064406748,-27.4967038524705],[151.952521410849,-27.4974518930556],[151.952582914172,-27.4976682578485],[151.952578703914,-27.4992781017918],[151.952336879093,-27.4996612448809],[151.944496291533,-27.5039269592822],[151.943918092926,-27.503894185761],[151.940571474361,-27.5015066342272]]]}","{""OBJECTID"":910574,""EVENT_ID"":""26SW11698"",""TYPE"":""UNPLANNED"",""STATUS"":""Crews working on-site"",""CUSTOMERS_AFFECTED"":38,""SUBURBS"":""BLUE MOUNTAIN HEIGHT, HIGHFIELDS"",""STREETS"":""CRESTVIEW CRES, DRUMMOND RD, ELYSE CT, HI-WINDS RD, KIMBERLEY CT"",""START"":1790368472000,""FINISH"":null,""EST_FIX_TIME"":null,""REASON"":""The loss of supply is due to damage caused by external influences, such as birds or animals. "",""CRC"":""A6501CF8"",""EXTRACTED"":1790372103844,""SHAPE__Area"":874098.44921875,""SHAPE__Length"":3730.621707146955}"
2026-09-25T22:30:49Z,2026-09-26T08:30:49+10:00,au.qld.ergon,Ergon Energy,au.qld.ergon|unplanned|910600,910600,unplanned,Crews working on-site,The loss of supply is due to damage requiring emergency repairs. Fault finding is in progress.,3,true,RIDGELANDS,DALMA RIDGELANDS RD,2026-09-25T20:28:37Z,,150.2806079,-23.2493801,Rockhampton Regional,6370,https://services.arcgis.com/33eHbTVqo7gtiCE8/arcgis/rest/services/VwErgonOutages/FeatureServer/0,Polygon,"{""type"":""Polygon"",""coordinates"":[[[150.280565630597,-23.2500342136352],[150.27996725565,-23.2499316201682],[150.279942218003,-23.2493697488341],[150.280388295997,-23.2488067150791],[150.280962367393,-23.2486539787151],[150.281266491489,-23.2491291019128],[150.281216707976,-23.2494969960474],[150.280961923349,-23.2498390723252],[150.280565630597,-23.2500342136352]]]}","{""OBJECTID"":910600,""EVENT_ID"":""26CA10766"",""TYPE"":""UNPLANNED"",""STATUS"":""Crews working on-site"",""CUSTOMERS_AFFECTED"":3,""SUBURBS"":""RIDGELANDS"",""STREETS"":""DALMA RIDGELANDS RD"",""START"":1790368117000,""FINISH"":null,""EST_FIX_TIME"":null,""REASON"":""The loss of supply is due to damage requiring emergency repairs. Fault finding is in progress."",""CRC"":""AB13CB1F"",""EXTRACTED"":1790374819434,""SHAPE__Area"":17666.21875,""SHAPE__Length"":498.77048307731917}"
2026-09-25T22:45:42Z,2026-09-26T08:45:42+10:00,au.qld.ergon,Ergon Energy,au.qld.ergon|unplanned|910600,910600,unplanned,Crews working on-site,The loss of supply is due to damage requiring emergency repairs. Fault finding is in progress.,3,true,RIDGELANDS,DALMA RIDGELANDS RD,2026-09-25T20:28:37Z,,150.2806079,-23.2493801,Rockhampton Regional,6370,https://services.arcgis.com/33eHbTVqo7gtiCE8/arcgis/rest/services/VwErgonOutages/FeatureServer/0,Polygon,"{""type"":""Polygon"",""coordinates"":[[[150.280565630597,-23.2500342136352],[150.27996725565,-23.2499316201682],[150.279942218003,-23.2493697488341],[150.280388295997,-23.2488067150791],[150.280962367393,-23.2486539787151],[150.281266491489,-23.2491291019128],[150.281216707976,-23.2494969960474],[150.280961923349,-23.2498390723252],[150.280565630597,-23.2500342136352]]]}","{""OBJECTID"":910600,""EVENT_ID"":""26CA10766"",""TYPE"":""UNPLANNED"",""STATUS"":""Crews working on-site"",""CUSTOMERS_AFFECTED"":3,""SUBURBS"":""RIDGELANDS"",""STREETS"":""DALMA RIDGELANDS RD"",""START"":1790368117000,""FINISH"":null,""EST_FIX_TIME"":null,""REASON"":""The loss of supply is due to damage requiring emergency repairs. Fault finding is in progress."",""CRC"":""AB13CB1F"",""EXTRACTED"":1790374819434,""SHAPE__Area"":17666.21875,""SHAPE__Length"":498.77048307731917}"
2026-09-25T23:01:02Z,2026-09-26T09:01:02+10:00,au.qld.ergon,Ergon Energy,au.qld.ergon|unplanned|910659,910659,unplanned,Crews on route,The loss of supply is due to fallen power lines.,196,true,"ALEXANDRA, MACKAY, PALMYRA, RACECOURSE, TE KOWAI","ALEXANDRIA RD, CALROSSIE RD, GIBSONS RD, HANSENS RD, HILLS RD, LAMBROOK CT, MARAJU YAKAPARI RD, NILSSONS RD, PEAK DOWNS HWY, PERI RD, SEXTONS RD, STOTTS RD, TE KOWAI FOULDEN RD, WEIGANDS RD",2026-09-25T22:43:21Z,,149.1136816,-21.1661249,Mackay Regional,4770,https://services.arcgis.com/33eHbTVqo7gtiCE8/arcgis/rest/services/VwErgonOutages/FeatureServer/0,Polygon,"{""type"":""Polygon"",""coordinates"":[[[149.090156602562,-21.1689762641677],[149.090168768104,-21.1685107539002],[149.099323796792,-21.1550017758727],[149.099424129368,-21.154895370389],[149.113716441607,-21.14385959037],[149.113965690439,-21.1437598140649],[149.122809982293,-21.1427766252364],[149.123159974267,-21.1428670539733],[149.129008105575,-21.1470851192895],[149.129147576629,-21.1472455956843],[149.130458176538,-21.1497735930933],[149.130501464092,-21.1499049551464],[149.133165831576,-21.1667880952932],[149.133158851098,-21.1669551066195],[149.131970089152,-21.1718189875957],[149.131939366961,-21.1719044083658],[149.127222534761,-21.1816699438467],[149.127038802025,-21.1818667165772],[149.11818074171,-21.1870481028323],[149.117991998327,-21.1871122335864],[149.109230480312,-21.188249355925],[149.108933711291,-21.1881983516781],[149.105252547901,-21.186312369104],[149.105224898859,-21.1862970587553],[149.098176093785,-21.1820901254628],[149.098016145705,-21.1819325064954],[149.090156602562,-21.1689762641677]]]}","{""OBJECTID"":910659,""EVENT_ID"":""26MK6055"",""TYPE"":""UNPLANNED"",""STATUS"":""Crews on route"",""CUSTOMERS_AFFECTED"":196,""SUBURBS"":""ALEXANDRA, MACKAY, PALMYRA, RACECOURSE, TE KOWAI"",""STREETS"":""ALEXANDRIA RD, CALROSSIE RD, GIBSONS RD, HANSENS RD, HILLS RD, LAMBROOK CT, MARAJU YAKAPARI RD, NILSSONS RD, PEAK DOWNS HWY, PERI RD, SEXTONS RD, STOTTS RD, TE KOWAI FOULDEN RD, WEIGANDS RD"",""START"":1790376201000,""FINISH"":null,""EST_FIX_TIME"":null,""REASON"":""The loss of supply is due to fallen power lines.  "",""CRC"":""5C0E046F"",""EXTRACTED"":1790376604961,""SHAPE__Area"":18174914.71484375,""SHAPE__Length"":15690.38581695051}"
2026-09-25T23:01:02Z,2026-09-26T09:01:02+10:00,au.qld.ergon,Ergon Energy,au.qld.ergon|unplanned|910600,910600,unplanned,Crews working on-site,The loss of supply is due to damage requiring emergency repairs. Fault finding is in progress.,3,true,RIDGELANDS,DALMA RIDGELANDS RD,2026-09-25T20:28:37Z,,150.2806079,-23.2493801,Rockhampton Regional,6370,https://services.arcgis.com/33eHbTVqo7gtiCE8/arcgis/rest/services/VwErgonOutages/FeatureServer/0,Polygon,"{""type"":""Polygon"",""coordinates"":[[[150.280565630597,-23.2500342136352],[150.27996725565,-23.2499316201682],[150.279942218003,-23.2493697488341],[150.280388295997,-23.2488067150791],[150.280962367393,-23.2486539787151],[150.281266491489,-23.2491291019128],[150.281216707976,-23.2494969960474],[150.280961923349,-23.2498390723252],[150.280565630597,-23.2500342136352]]]}","{""OBJECTID"":910600,""EVENT_ID"":""26CA10766"",""TYPE"":""UNPLANNED"",""STATUS"":""Crews working on-site"",""CUSTOMERS_AFFECTED"":3,""SUBURBS"":""RIDGELANDS"",""STREETS"":""DALMA RIDGELANDS RD"",""START"":1790368117000,""FINISH"":null,""EST_FIX_TIME"":null,""REASON"":""The loss of supply is due to damage requiring emergency repairs. Fault finding is in progress."",""CRC"":""AB13CB1F"",""EXTRACTED"":1790374819434,""SHAPE__Area"":17666.21875,""SHAPE__Length"":498.77048307731917}"
2026-09-25T23:15:44Z,2026-09-26T09:15:44+10:00,au.qld.ergon,Ergon Energy,au.qld.ergon|unplanned|910659,910659,unplanned,Crews on route,The loss of supply is due to fallen power lines.,196,true,"ALEXANDRA, MACKAY, PALMYRA, RACECOURSE, TE KOWAI","ALEXANDRIA RD, CALROSSIE RD, GIBSONS RD, HANSENS RD, HILLS RD, LAMBROOK CT, MARAJU YAKAPARI RD, NILSSONS RD, PEAK DOWNS HWY, PERI RD, SEXTONS RD, STOTTS RD, TE KOWAI FOULDEN RD, WEIGANDS RD",2026-09-25T22:43:21Z,,149.1136816,-21.1661249,Mackay Regional,4770,https://services.arcgis.com/33eHbTVqo7gtiCE8/arcgis/rest/services/VwErgonOutages/FeatureServer/0,Polygon,"{""type"":""Polygon"",""coordinates"":[[[149.090156602562,-21.1689762641677],[149.090168768104,-21.1685107539002],[149.099323796792,-21.1550017758727],[149.099424129368,-21.154895370389],[149.113716441607,-21.14385959037],[149.113965690439,-21.1437598140649],[149.122809982293,-21.1427766252364],[149.123159974267,-21.1428670539733],[149.129008105575,-21.1470851192895],[149.129147576629,-21.1472455956843],[149.130458176538,-21.1497735930933],[149.130501464092,-21.1499049551464],[149.133165831576,-21.1667880952932],[149.133158851098,-21.1669551066195],[149.131970089152,-21.1718189875957],[149.131939366961,-21.1719044083658],[149.127222534761,-21.1816699438467],[149.127038802025,-21.1818667165772],[149.11818074171,-21.1870481028323],[149.117991998327,-21.1871122335864],[149.109230480312,-21.188249355925],[149.108933711291,-21.1881983516781],[149.105252547901,-21.186312369104],[149.105224898859,-21.1862970587553],[149.098176093785,-21.1820901254628],[149.098016145705,-21.1819325064954],[149.090156602562,-21.1689762641677]]]}","{""OBJECTID"":910659,""EVENT_ID"":""26MK6055"",""TYPE"":""UNPLANNED"",""STATUS"":""Crews on route"",""CUSTOMERS_AFFECTED"":196,""SUBURBS"":""ALEXANDRA, MACKAY, PALMYRA, RACECOURSE, TE KOWAI"",""STREETS"":""ALEXANDRIA RD, CALROSSIE RD, GIBSONS RD, HANSENS RD, HILLS RD, LAMBROOK CT, MARAJU YAKAPARI RD, NILSSONS RD, PEAK DOWNS HWY, PERI RD, SEXTONS RD, STOTTS RD, TE KOWAI FOULDEN RD, WEIGANDS RD"",""START"":1790376201000,""FINISH"":null,""EST_FIX_TIME"":null,""REASON"":""The loss of supply is due to fallen power lines.  "",""CRC"":""5C0E046F"",""EXTRACTED"":1790376604961,""SHAPE__Area"":18174914.71484375,""SHAPE__Length"":15690.38581695051}"
2026-09-25T23:15:44Z,2026-09-26T09:15:44+10:00,au.qld.ergon,Ergon Energy,au.qld.ergon|unplanned|910600,910600,unplanned,Crews working on-site,The loss of supply is due to damage requiring emergency repairs. Fault finding is in progress.,3,true,RIDGELANDS,DALMA RIDGELANDS RD,2026-09-25T20:28:37Z,,150.2806079,-23.2493801,Rockhampton Regional,6370,https://services.arcgis.com/33eHbTVqo7gtiCE8/arcgis/rest/services/VwErgonOutages/FeatureServer/0,Polygon,"{""type"":""Polygon"",""coordinates"":[[[150.280565630597,-23.2500342136352],[150.27996725565,-23.2499316201682],[150.279942218003,-23.2493697488341],[150.280388295997,-23.2488067150791],[150.280962367393,-23.2486539787151],[150.281266491489,-23.2491291019128],[150.281216707976,-23.2494969960474],[150.280961923349,-23.2498390723252],[150.280565630597,-23.2500342136352]]]}","{""OBJECTID"":910600,""EVENT_ID"":""26CA10766"",""TYPE"":""UNPLANNED"",""STATUS"":""Crews working on-site"",""CUSTOMERS_AFFECTED"":3,""SUBURBS"":""RIDGELANDS"",""STREETS"":""DALMA RIDGELANDS RD"",""START"":1790368117000,""FINISH"":null,""EST_FIX_TIME"":null,""REASON"":""The loss of supply is due to damage requiring emergency repairs. Fault finding is in progress."",""CRC"":""AB13CB1F"",""EXTRACTED"":1790374819434,""SHAPE__Area"":17666.21875,""SHAPE__Length"":498.77048307731917}"
2026-09-25T23:30:49Z,2026-09-26T09:30:49+10:00,au.qld.ergon,Ergon Energy,au.qld.ergon|unplanned|910659,910659,unplanned,Crews on route,The loss of supply is due to fallen power lines.,196,true,"ALEXANDRA, MACKAY, PALMYRA, RACECOURSE, TE KOWAI","ALEXANDRIA RD, CALROSSIE RD, GIBSONS RD, HANSENS RD, HILLS RD, LAMBROOK CT, MARAJU YAKAPARI RD, NILSSONS RD, PEAK DOWNS HWY, PERI RD, SEXTONS RD, STOTTS RD, TE KOWAI FOULDEN RD, WEIGANDS RD",2026-09-25T22:43:21Z,,149.1136816,-21.1661249,Mackay Regional,4770,https://services.arcgis.com/33eHbTVqo7gtiCE8/arcgis/rest/services/VwErgonOutages/FeatureServer/0,Polygon,"{""type"":""Polygon"",""coordinates"":[[[149.090156602562,-21.1689762641677],[149.090168768104,-21.1685107539002],[149.099323796792,-21.1550017758727],[149.099424129368,-21.154895370389],[149.113716441607,-21.14385959037],[149.113965690439,-21.1437598140649],[149.122809982293,-21.1427766252364],[149.123159974267,-21.1428670539733],[149.129008105575,-21.1470851192895],[149.129147576629,-21.1472455956843],[149.130458176538,-21.1497735930933],[149.130501464092,-21.1499049551464],[149.133165831576,-21.1667880952932],[149.133158851098,-21.1669551066195],[149.131970089152,-21.1718189875957],[149.131939366961,-21.1719044083658],[149.127222534761,-21.1816699438467],[149.127038802025,-21.1818667165772],[149.11818074171,-21.1870481028323],[149.117991998327,-21.1871122335864],[149.109230480312,-21.188249355925],[149.108933711291,-21.1881983516781],[149.105252547901,-21.186312369104],[149.105224898859,-21.1862970587553],[149.098176093785,-21.1820901254628],[149.098016145705,-21.1819325064954],[149.090156602562,-21.1689762641677]]]}","{""OBJECTID"":910659,""EVENT_ID"":""26MK6055"",""TYPE"":""UNPLANNED"",""STATUS"":""Crews on route"",""CUSTOMERS_AFFECTED"":196,""SUBURBS"":""ALEXANDRA, MACKAY, PALMYRA, RACECOURSE, TE KOWAI"",""STREETS"":""ALEXANDRIA RD, CALROSSIE RD, GIBSONS RD, HANSENS RD, HILLS RD, LAMBROOK CT, MARAJU YAKAPARI RD, NILSSONS RD, PEAK DOWNS HWY, PERI RD, SEXTONS RD, STOTTS RD, TE KOWAI FOULDEN RD, WEIGANDS RD"",""START"":1790376201000,""FINISH"":null,""EST_FIX_TIME"":null,""REASON"":""The loss of supply is due to fallen power lines.  "",""CRC"":""5C0E046F"",""EXTRACTED"":1790376604961,""SHAPE__Area"":18174914.71484375,""SHAPE__Length"":15690.38581695051}"
2026-09-25T23:30:49Z,2026-09-26T09:30:49+10:00,au.qld.ergon,Ergon Energy,au.qld.ergon|unplanned|910600,910600,unplanned,Crews working on-site,The loss of supply is due to damage requiring emergency repairs. Fault finding is in progress.,3,true,RIDGELANDS,DALMA RIDGELANDS RD,2026-09-25T20:28:37Z,,150.2806079,-23.2493801,Rockhampton Regional,6370,https://services.arcgis.com/33eHbTVqo7gtiCE8/arcgis/rest/services/VwErgonOutages/FeatureServer/0,Polygon,"{""type"":""Polygon"",""coordinates"":[[[150.280565630597,-23.2500342136352],[150.27996725565,-23.2499316201682],[150.279942218003,-23.2493697488341],[150.280388295997,-23.2488067150791],[150.280962367393,-23.2486539787151],[150.281266491489,-23.2491291019128],[150.281216707976,-23.2494969960474],[150.280961923349,-23.2498390723252],[150.280565630597,-23.2500342136352]]]}","{""OBJECTID"":910600,""EVENT_ID"":""26CA10766"",""TYPE"":""UNPLANNED"",""STATUS"":""Crews working on-site"",""CUSTOMERS_AFFECTED"":3,""SUBURBS"":""RIDGELANDS"",""STREETS"":""DALMA RIDGELANDS RD"",""START"":1790368117000,""FINISH"":null,""EST_FIX_TIME"":null,""REASON"":""The loss of supply is due to damage requiring emergency repairs. Fault finding is in progress."",""CRC"":""AB13CB1F"",""EXTRACTED"":1790374819434,""SHAPE__Area"":17666.21875,""SHAPE__Length"":498.77048307731917}"
2026-09-25T23:45:40Z,2026-09-26T09:45:40+10:00,au.qld.ergon,Ergon Energy,au.qld.ergon|unplanned|910659,910659,unplanned,Crews on route,The loss of supply is due to fallen power lines.,196,true,"ALEXANDRA, MACKAY, PALMYRA, RACECOURSE, TE KOWAI","ALEXANDRIA RD, CALROSSIE RD, GIBSONS RD, HANSENS RD, HILLS RD, LAMBROOK CT, MARAJU YAKAPARI RD, NILSSONS RD, PEAK DOWNS HWY, PERI RD, SEXTONS RD, STOTTS RD, TE KOWAI FOULDEN RD, WEIGANDS RD",2026-09-25T22:43:21Z,,149.1136816,-21.1661249,Mackay Regional,4770,https://services.arcgis.com/33eHbTVqo7gtiCE8/arcgis/rest/services/VwErgonOutages/FeatureServer/0,Polygon,"{""type"":""Polygon"",""coordinates"":[[[149.090156602562,-21.1689762641677],[149.090168768104,-21.1685107539002],[149.099323796792,-21.1550017758727],[149.099424129368,-21.154895370389],[149.113716441607,-21.14385959037],[149.113965690439,-21.1437598140649],[149.122809982293,-21.1427766252364],[149.123159974267,-21.1428670539733],[149.129008105575,-21.1470851192895],[149.129147576629,-21.1472455956843],[149.130458176538,-21.1497735930933],[149.130501464092,-21.1499049551464],[149.133165831576,-21.1667880952932],[149.133158851098,-21.1669551066195],[149.131970089152,-21.1718189875957],[149.131939366961,-21.1719044083658],[149.127222534761,-21.1816699438467],[149.127038802025,-21.1818667165772],[149.11818074171,-21.1870481028323],[149.117991998327,-21.1871122335864],[149.109230480312,-21.188249355925],[149.108933711291,-21.1881983516781],[149.105252547901,-21.186312369104],[149.105224898859,-21.1862970587553],[149.098176093785,-21.1820901254628],[149.098016145705,-21.1819325064954],[149.090156602562,-21.1689762641677]]]}","{""OBJECTID"":910659,""EVENT_ID"":""26MK6055"",""TYPE"":""UNPLANNED"",""STATUS"":""Crews on route"",""CUSTOMERS_AFFECTED"":196,""SUBURBS"":""ALEXANDRA, MACKAY, PALMYRA, RACECOURSE, TE KOWAI"",""STREETS"":""ALEXANDRIA RD, CALROSSIE RD, GIBSONS RD, HANSENS RD, HILLS RD, LAMBROOK CT, MARAJU YAKAPARI RD, NILSSONS RD, PEAK DOWNS HWY, PERI RD, SEXTONS RD, STOTTS RD, TE KOWAI FOULDEN RD, WEIGANDS RD"",""START"":1790376201000,""FINISH"":null,""EST_FIX_TIME"":null,""REASON"":""The loss of supply is due to fallen power lines.  "",""CRC"":""5C0E046F"",""EXTRACTED"":1790376604961,""SHAPE__Area"":18174914.71484375,""SHAPE__Length"":15690.38581695051}"
2026-09-25T23:45:40Z,2026-09-26T09:45:40+10:00,au.qld.ergon,Ergon Energy,au.qld.ergon|unplanned|910600,910600,unplanned,Crews working on-site,The loss of supply is due to damage requiring emergency repairs. Fault finding is in progress.,5,true,"ALTON DOWNS, RIDGELANDS","DALMA RIDGELANDS RD, LYTTLE LANE",2026-09-25T20:28:37Z,,150.3059216,-23.2561464,Rockhampton Regional,6370,https://services.arcgis.com/33eHbTVqo7gtiCE8/arcgis/rest/services/VwErgonOutages/FeatureServer/0,Polygon,"{""type"":""Polygon"",""coordinates"":[[[150.280131242895,-23.2500455728556],[150.279942218003,-23.2493697488341],[150.280388295997,-23.2488067150791],[150.280850644016,-23.2486265736666],[150.323566564123,-23.254214529799],[150.323928521496,-23.25487400435],[150.317700411967,-23.2656199672443],[150.317065347765,-23.2658164829551],[150.280131242895,-23.2500455728556]]]}","{""OBJECTID"":910600,""EVENT_ID"":""26CA10766"",""TYPE"":""UNPLANNED"",""STATUS"":""Crews working on-site"",""CUSTOMERS_AFFECTED"":5,""SUBURBS"":""ALTON DOWNS, RIDGELANDS"",""STREETS"":""DALMA RIDGELANDS RD, LYTTLE LANE"",""START"":1790368117000,""FINISH"":null,""EST_FIX_TIME"":null,""REASON"":""The loss of supply is due to damage requiring emergency repairs. Fault finding is in progress."",""CRC"":""BF9111A1"",""EXTRACTED"":1790379006227,""SHAPE__Area"":4118569.5625,""SHAPE__Length"":11200.980024283132}"
2026-09-26T00:00:59Z,2026-09-26T10:00:59+10:00,au.qld.ergon,Ergon Energy,au.qld.ergon|unplanned|910659,910659,unplanned,Crews on route,The loss of supply is due to fallen power lines.,196,true,"ALEXANDRA, MACKAY, PALMYRA, RACECOURSE, TE KOWAI","ALEXANDRIA RD, CALROSSIE RD, GIBSONS RD, HANSENS RD, HILLS RD, LAMBROOK CT, MARAJU YAKAPARI RD, NILSSONS RD, PEAK DOWNS HWY, PERI RD, SEXTONS RD, STOTTS RD, TE KOWAI FOULDEN RD, WEIGANDS RD",2026-09-25T22:43:21Z,,149.1136816,-21.1661249,Mackay Regional,4770,https://services.arcgis.com/33eHbTVqo7gtiCE8/arcgis/rest/services/VwErgonOutages/FeatureServer/0,Polygon,"{""type"":""Polygon"",""coordinates"":[[[149.090156602562,-21.1689762641677],[149.090168768104,-21.1685107539002],[149.099323796792,-21.1550017758727],[149.099424129368,-21.154895370389],[149.113716441607,-21.14385959037],[149.113965690439,-21.1437598140649],[149.122809982293,-21.1427766252364],[149.123159974267,-21.1428670539733],[149.129008105575,-21.1470851192895],[149.129147576629,-21.1472455956843],[149.130458176538,-21.1497735930933],[149.130501464092,-21.1499049551464],[149.133165831576,-21.1667880952932],[149.133158851098,-21.1669551066195],[149.131970089152,-21.1718189875957],[149.131939366961,-21.1719044083658],[149.127222534761,-21.1816699438467],[149.127038802025,-21.1818667165772],[149.11818074171,-21.1870481028323],[149.117991998327,-21.1871122335864],[149.109230480312,-21.188249355925],[149.108933711291,-21.1881983516781],[149.105252547901,-21.186312369104],[149.105224898859,-21.1862970587553],[149.098176093785,-21.1820901254628],[149.098016145705,-21.1819325064954],[149.090156602562,-21.1689762641677]]]}","{""OBJECTID"":910659,""EVENT_ID"":""26MK6055"",""TYPE"":""UNPLANNED"",""STATUS"":""Crews on route"",""CUSTOMERS_AFFECTED"":196,""SUBURBS"":""ALEXANDRA, MACKAY, PALMYRA, RACECOURSE, TE KOWAI"",""STREETS"":""ALEXANDRIA RD, CALROSSIE RD, GIBSONS RD, HANSENS RD, HILLS RD, LAMBROOK CT, MARAJU YAKAPARI RD, NILSSONS RD, PEAK DOWNS HWY, PERI RD, SEXTONS RD, STOTTS RD, TE KOWAI FOULDEN RD, WEIGANDS RD"",""START"":1790376201000,""FINISH"":null,""EST_FIX_TIME"":null,""REASON"":""The loss of supply is due to fallen power lines.  "",""CRC"":""5C0E046F"",""EXTRACTED"":1790376604961,""SHAPE__Area"":18174914.71484375,""SHAPE__Length"":15690.38581695051}"
2026-09-26T00:00:59Z,2026-09-26T10:00:59+10:00,au.qld.ergon,Ergon Energy,au.qld.ergon|unplanned|910600,910600,unplanned,Crews working on-site,The loss of supply is due to damage requiring emergency repairs. Fault finding is in progress.,5,true,"ALTON DOWNS, RIDGELANDS","DALMA RIDGELANDS RD, LYTTLE LANE",2026-09-25T20:28:37Z,,150.3059216,-23.2561464,Rockhampton Regional,6370,https://services.arcgis.com/33eHbTVqo7gtiCE8/arcgis/rest/services/VwErgonOutages/FeatureServer/0,Polygon,"{""type"":""Polygon"",""coordinates"":[[[150.280131242895,-23.2500455728556],[150.279942218003,-23.2493697488341],[150.280388295997,-23.2488067150791],[150.280850644016,-23.2486265736666],[150.323566564123,-23.254214529799],[150.323928521496,-23.25487400435],[150.317700411967,-23.2656199672443],[150.317065347765,-23.2658164829551],[150.280131242895,-23.2500455728556]]]}","{""OBJECTID"":910600,""EVENT_ID"":""26CA10766"",""TYPE"":""UNPLANNED"",""STATUS"":""Crews working on-site"",""CUSTOMERS_AFFECTED"":5,""SUBURBS"":""ALTON DOWNS, RIDGELANDS"",""STREETS"":""DALMA RIDGELANDS RD, LYTTLE LANE"",""START"":1790368117000,""FINISH"":null,""EST_FIX_TIME"":null,""REASON"":""The loss of supply is due to damage requiring emergency repairs. Fault finding is in progress."",""CRC"":""BF9111A1"",""EXTRACTED"":1790379006227,""SHAPE__Area"":4118569.5625,""SHAPE__Length"":11200.980024283132}"
2026-09-26T00:15:38Z,2026-09-26T10:15:38+10:00,au.qld.ergon,Ergon Energy,au.qld.ergon|unplanned|910671,910671,unplanned,Outage reported,The loss of supply is due to damage requiring emergency repairs.,2,true,ROSEDALE,NEWTONS RD,2026-09-25T10:55:19Z,2026-09-26T02:00:00Z,151.9766233,-24.5213733,Gladstone Regional,3360,https://services.arcgis.com/33eHbTVqo7gtiCE8/arcgis/rest/services/VwErgonOutages/FeatureServer/0,Polygon,"{""type"":""Polygon"",""coordinates"":[[[151.978223202714,-24.5211635584522],[151.97862660414,-24.5216822973325],[151.978059600972,-24.5220513619097],[151.975013759353,-24.5215815366248],[151.974610371422,-24.5210627856011],[151.975177383288,-24.5206937331375],[151.978223202714,-24.5211635584522]]]}","{""OBJECTID"":910671,""EVENT_ID"":""26WB8884"",""TYPE"":""UNPLANNED"",""STATUS"":""Outage reported"",""CUSTOMERS_AFFECTED"":2,""SUBURBS"":""ROSEDALE"",""STREETS"":""NEWTONS RD"",""START"":1790333719000,""FINISH"":null,""EST_FIX_TIME"":1790388000000,""REASON"":""The loss of supply is due to damage requiring emergency repairs. "",""CRC"":""10315AE0"",""EXTRACTED"":1790381105356,""SHAPE__Area"":43912.20703125,""SHAPE__Length"":998.5155005360311}"
2026-09-26T00:15:38Z,2026-09-26T10:15:38+10:00,au.qld.ergon,Ergon Energy,au.qld.ergon|unplanned|910659,910659,unplanned,Crews on route,The loss of supply is due to fallen power lines.,196,true,"ALEXANDRA, MACKAY, PALMYRA, RACECOURSE, TE KOWAI","ALEXANDRIA RD, CALROSSIE RD, GIBSONS RD, HANSENS RD, HILLS RD, LAMBROOK CT, MARAJU YAKAPARI RD, NILSSONS RD, PEAK DOWNS HWY, PERI RD, SEXTONS RD, STOTTS RD, TE KOWAI FOULDEN RD, WEIGANDS RD",2026-09-25T22:43:21Z,,149.1136816,-21.1661249,Mackay Regional,4770,https://services.arcgis.com/33eHbTVqo7gtiCE8/arcgis/rest/services/VwErgonOutages/FeatureServer/0,Polygon,"{""type"":""Polygon"",""coordinates"":[[[149.090156602562,-21.1689762641677],[149.090168768104,-21.1685107539002],[149.099323796792,-21.1550017758727],[149.099424129368,-21.154895370389],[149.113716441607,-21.14385959037],[149.113965690439,-21.1437598140649],[149.122809982293,-21.1427766252364],[149.123159974267,-21.1428670539733],[149.129008105575,-21.1470851192895],[149.129147576629,-21.1472455956843],[149.130458176538,-21.1497735930933],[149.130501464092,-21.1499049551464],[149.133165831576,-21.1667880952932],[149.133158851098,-21.1669551066195],[149.131970089152,-21.1718189875957],[149.131939366961,-21.1719044083658],[149.127222534761,-21.1816699438467],[149.127038802025,-21.1818667165772],[149.11818074171,-21.1870481028323],[149.117991998327,-21.1871122335864],[149.109230480312,-21.188249355925],[149.108933711291,-21.1881983516781],[149.105252547901,-21.186312369104],[149.105224898859,-21.1862970587553],[149.098176093785,-21.1820901254628],[149.098016145705,-21.1819325064954],[149.090156602562,-21.1689762641677]]]}","{""OBJECTID"":910659,""EVENT_ID"":""26MK6055"",""TYPE"":""UNPLANNED"",""STATUS"":""Crews on route"",""CUSTOMERS_AFFECTED"":196,""SUBURBS"":""ALEXANDRA, MACKAY, PALMYRA, RACECOURSE, TE KOWAI"",""STREETS"":""ALEXANDRIA RD, CALROSSIE RD, GIBSONS RD, HANSENS RD, HILLS RD, LAMBROOK CT, MARAJU YAKAPARI RD, NILSSONS RD, PEAK DOWNS HWY, PERI RD, SEXTONS RD, STOTTS RD, TE KOWAI FOULDEN RD, WEIGANDS RD"",""START"":1790376201000,""FINISH"":null,""EST_FIX_TIME"":null,""REASON"":""The loss of supply is due to fallen power lines.  "",""CRC"":""5C0E046F"",""EXTRACTED"":1790376604961,""SHAPE__Area"":18174914.71484375,""SHAPE__Length"":15690.38581695051}"
2026-09-26T00:15:38Z,2026-09-26T10:15:38+10:00,au.qld.ergon,Ergon Energy,au.qld.ergon|unplanned|910600,910600,unplanned,Crews working on-site,The loss of supply is due to damage requiring emergency repairs. Fault finding is in progress.,5,true,"ALTON DOWNS, RIDGELANDS","DALMA RIDGELANDS RD, LYTTLE LANE",2026-09-25T20:28:37Z,,150.3059216,-23.2561464,Rockhampton Regional,6370,https://services.arcgis.com/33eHbTVqo7gtiCE8/arcgis/rest/services/VwErgonOutages/FeatureServer/0,Polygon,"{""type"":""Polygon"",""coordinates"":[[[150.280131242895,-23.2500455728556],[150.279942218003,-23.2493697488341],[150.280388295997,-23.2488067150791],[150.280850644016,-23.2486265736666],[150.323566564123,-23.254214529799],[150.323928521496,-23.25487400435],[150.317700411967,-23.2656199672443],[150.317065347765,-23.2658164829551],[150.280131242895,-23.2500455728556]]]}","{""OBJECTID"":910600,""EVENT_ID"":""26CA10766"",""TYPE"":""UNPLANNED"",""STATUS"":""Crews working on-site"",""CUSTOMERS_AFFECTED"":5,""SUBURBS"":""ALTON DOWNS, RIDGELANDS"",""STREETS"":""DALMA RIDGELANDS RD, LYTTLE LANE"",""START"":1790368117000,""FINISH"":null,""EST_FIX_TIME"":null,""REASON"":""The loss of supply is due to damage requiring emergency repairs. Fault finding is in progress."",""CRC"":""BF9111A1"",""EXTRACTED"":1790379006227,""SHAPE__Area"":4118569.5625,""SHAPE__Length"":11200.980024283132}"
2026-09-26T00:30:47Z,2026-09-26T10:30:47+10:00,au.qld.ergon,Ergon Energy,au.qld.ergon|unplanned|910932,910932,unplanned,Outage reported,The loss of supply is due to damage requiring emergency repairs.,4,true,ROSEDALE,NEWTONS RD,2026-09-25T10:55:19Z,2026-09-26T02:00:00Z,151.9770469,-24.5197220,Gladstone Regional,3360,https://services.arcgis.com/33eHbTVqo7gtiCE8/arcgis/rest/services/VwErgonOutages/FeatureServer/0,Polygon,"{""type"":""Polygon"",""coordinates"":[[[151.972016383459,-24.5196990024482],[151.971821389991,-24.5192278266193],[151.972226202024,-24.5188862645933],[151.981439708329,-24.5176026762794],[151.981944667419,-24.517830344498],[151.981885608822,-24.5183425449303],[151.978513222353,-24.5219023046399],[151.978059600972,-24.5220513619097],[151.975013759353,-24.5215815366248],[151.974811703273,-24.5215053357062],[151.972016383459,-24.5196990024482]]]}","{""OBJECTID"":910932,""EVENT_ID"":""26WB8884"",""TYPE"":""UNPLANNED"",""STATUS"":""Outage reported"",""CUSTOMERS_AFFECTED"":4,""SUBURBS"":""ROSEDALE"",""STREETS"":""NEWTONS RD"",""START"":1790333719000,""FINISH"":null,""EST_FIX_TIME"":1790388000000,""REASON"":""The loss of supply is due to damage requiring emergency repairs. "",""CRC"":""D93AC766"",""EXTRACTED"":1790382004093,""SHAPE__Area"":358610.83984375,""SHAPE__Length"":2665.0299039580195}"
2026-09-26T00:30:47Z,2026-09-26T10:30:47+10:00,au.qld.ergon,Ergon Energy,au.qld.ergon|unplanned|910751,910751,unplanned,Crews working on-site,The loss of supply is due to fallen power lines.,196,true,"ALEXANDRA, MACKAY, PALMYRA, RACECOURSE, TE KOWAI","ALEXANDRIA RD, CALROSSIE RD, GIBSONS RD, HANSENS RD, HILLS RD, LAMBROOK CT, MARAJU YAKAPARI RD, NILSSONS RD, PEAK DOWNS HWY, PERI RD, SEXTONS RD, STOTTS RD, TE KOWAI FOULDEN RD, WEIGANDS RD",2026-09-25T22:43:21Z,2026-09-26T07:00:00Z,149.1136816,-21.1661249,Mackay Regional,4770,https://services.arcgis.com/33eHbTVqo7gtiCE8/arcgis/rest/services/VwErgonOutages/FeatureServer/0,Polygon,"{""type"":""Polygon"",""coordinates"":[[[149.090156602562,-21.1689762641677],[149.090168768104,-21.1685107539002],[149.099323796792,-21.1550017758727],[149.099424129368,-21.154895370389],[149.113716441607,-21.14385959037],[149.113965690439,-21.1437598140649],[149.122809982293,-21.1427766252364],[149.123159974267,-21.1428670539733],[149.129008105575,-21.1470851192895],[149.129147576629,-21.1472455956843],[149.130458176538,-21.1497735930933],[149.130501464092,-21.1499049551464],[149.133165831576,-21.1667880952932],[149.133158851098,-21.1669551066195],[149.131970089152,-21.1718189875957],[149.131939366961,-21.1719044083658],[149.127222534761,-21.1816699438467],[149.127038802025,-21.1818667165772],[149.11818074171,-21.1870481028323],[149.117991998327,-21.1871122335864],[149.109230480312,-21.188249355925],[149.108933711291,-21.1881983516781],[149.105252547901,-21.186312369104],[149.105224898859,-21.1862970587553],[149.098176093785,-21.1820901254628],[149.098016145705,-21.1819325064954],[149.090156602562,-21.1689762641677]]]}","{""OBJECTID"":910751,""EVENT_ID"":""26MK6055"",""TYPE"":""UNPLANNED"",""STATUS"":""Crews working on-site"",""CUSTOMERS_AFFECTED"":196,""SUBURBS"":""ALEXANDRA, MACKAY, PALMYRA, RACECOURSE, TE KOWAI"",""STREETS"":""ALEXANDRIA RD, CALROSSIE RD, GIBSONS RD, HANSENS RD, HILLS RD, LAMBROOK CT, MARAJU YAKAPARI RD, NILSSONS RD, PEAK DOWNS HWY, PERI RD, SEXTONS RD, STOTTS RD, TE KOWAI FOULDEN RD, WEIGANDS RD"",""START"":1790376201000,""FINISH"":null,""EST_FIX_TIME"":1790406000000,""REASON"":""The loss of supply is due to fallen power lines.  "",""CRC"":""5DE5C7E3"",""EXTRACTED"":1790382304832,""SHAPE__Area"":18174914.71484375,""SHAPE__Length"":15690.38581695051}"
2026-09-26T00:30:47Z,2026-09-26T10:30:47+10:00,au.qld.ergon,Ergon Energy,au.qld.ergon|unplanned|910782,910782,unplanned,Crews working on-site,The loss of supply is due to damage requiring emergency repairs. Fault finding is in progress.,5,true,"ALTON DOWNS, RIDGELANDS","DALMA RIDGELANDS RD, LYTTLE LANE",2026-09-25T20:28:37Z,,150.3059216,-23.2561464,Rockhampton Regional,6370,https://services.arcgis.com/33eHbTVqo7gtiCE8/arcgis/rest/services/VwErgonOutages/FeatureServer/0,Polygon,"{""type"":""Polygon"",""coordinates"":[[[150.280131242895,-23.2500455728556],[150.279942218003,-23.2493697488341],[150.280388295997,-23.2488067150791],[150.280850644016,-23.2486265736666],[150.323566564123,-23.254214529799],[150.323928521496,-23.25487400435],[150.317700411967,-23.2656199672443],[150.317065347765,-23.2658164829551],[150.280131242895,-23.2500455728556]]]}","{""OBJECTID"":910782,""EVENT_ID"":""26CA10766"",""TYPE"":""UNPLANNED"",""STATUS"":""Crews working on-site"",""CUSTOMERS_AFFECTED"":5,""SUBURBS"":""ALTON DOWNS, RIDGELANDS"",""STREETS"":""DALMA RIDGELANDS RD, LYTTLE LANE"",""START"":1790368117000,""FINISH"":null,""EST_FIX_TIME"":null,""REASON"":""The loss of supply is due to damage requiring emergency repairs. Fault finding is in progress."",""CRC"":""BF9111A1"",""EXTRACTED"":1790382004093,""SHAPE__Area"":4118569.5625,""SHAPE__Length"":11200.980024283132}"
2026-09-26T00:45:37Z,2026-09-26T10:45:37+10:00,au.qld.ergon,Ergon Energy,au.qld.ergon|unplanned|910932,910932,unplanned,Outage reported,The loss of supply is due to damage requiring emergency repairs.,4,true,ROSEDALE,NEWTONS RD,2026-09-25T10:55:19Z,2026-09-26T02:00:00Z,151.9770469,-24.5197220,Gladstone Regional,3360,https://services.arcgis.com/33eHbTVqo7gtiCE8/arcgis/rest/services/VwErgonOutages/FeatureServer/0,Polygon,"{""type"":""Polygon"",""coordinates"":[[[151.972016383459,-24.5196990024482],[151.971821389991,-24.5192278266193],[151.972226202024,-24.5188862645933],[151.981439708329,-24.5176026762794],[151.981944667419,-24.517830344498],[151.981885608822,-24.5183425449303],[151.978513222353,-24.5219023046399],[151.978059600972,-24.5220513619097],[151.975013759353,-24.5215815366248],[151.974811703273,-24.5215053357062],[151.972016383459,-24.5196990024482]]]}","{""OBJECTID"":910932,""EVENT_ID"":""26WB8884"",""TYPE"":""UNPLANNED"",""STATUS"":""Outage reported"",""CUSTOMERS_AFFECTED"":4,""SUBURBS"":""ROSEDALE"",""STREETS"":""NEWTONS RD"",""START"":1790333719000,""FINISH"":null,""EST_FIX_TIME"":1790388000000,""REASON"":""The loss of supply is due to damage requiring emergency repairs. "",""CRC"":""D93AC766"",""EXTRACTED"":1790382004093,""SHAPE__Area"":358610.83984375,""SHAPE__Length"":2665.0299039580195}"
2026-09-26T00:45:37Z,2026-09-26T10:45:37+10:00,au.qld.ergon,Ergon Energy,au.qld.ergon|unplanned|910751,910751,unplanned,Crews working on-site,The loss of supply is due to fallen power lines.,38,true,"MACKAY, RACECOURSE, TE KOWAI","GIBSONS RD, HILLS RD, MARAJU YAKAPARI RD, NILSSONS RD, TE KOWAI FOULDEN RD",2026-09-25T22:43:21Z,2026-09-26T07:00:00Z,149.1210946,-21.1541273,Mackay Regional,4770,https://services.arcgis.com/33eHbTVqo7gtiCE8/arcgis/rest/services/VwErgonOutages/FeatureServer/0,Polygon,"{""type"":""Polygon"",""coordinates"":[[[149.110018294434,-21.1588425590781],[149.109877432595,-21.1584318123599],[149.110802842746,-21.1538420603575],[149.110810534259,-21.1538102513459],[149.113557107781,-21.1440924725427],[149.113965690439,-21.1437598140649],[149.122809982293,-21.1427766252364],[149.123159974267,-21.1428670539733],[149.129008105575,-21.1470851192895],[149.129147576629,-21.1472455956843],[149.130458176538,-21.1497735930933],[149.13050181183,-21.1499071978177],[149.131539468517,-21.156718916907],[149.131513554472,-21.1569415965504],[149.127982102518,-21.1657576872436],[149.127883884123,-21.1659064621877],[149.127694085049,-21.1660977665954],[149.127176155182,-21.1662141289507],[149.112792389205,-21.1612709285909],[149.112625919043,-21.1611738305607],[149.110018294434,-21.1588425590781]]]}","{""OBJECTID"":910751,""EVENT_ID"":""26MK6055"",""TYPE"":""UNPLANNED"",""STATUS"":""Crews working on-site"",""CUSTOMERS_AFFECTED"":38,""SUBURBS"":""MACKAY, RACECOURSE, TE KOWAI"",""STREETS"":""GIBSONS RD, HILLS RD, MARAJU YAKAPARI RD, NILSSONS RD, TE KOWAI FOULDEN RD"",""START"":1790376201000,""FINISH"":null,""EST_FIX_TIME"":1790406000000,""REASON"":""The loss of supply is due to fallen power lines.  "",""CRC"":""5932F0FE"",""EXTRACTED"":1790382904542,""SHAPE__Area"":4917293.5078125,""SHAPE__Length"":8317.184068545383}"
2026-09-26T00:45:37Z,2026-09-26T10:45:37+10:00,au.qld.ergon,Ergon Energy,au.qld.ergon|unplanned|910782,910782,unplanned,Crews working on-site,The loss of supply is due to damage requiring emergency repairs. Fault finding is in progress.,201,true,"ALTON DOWNS, DALMA, GARNANT, MARLBOROUGH, MORINISH, MORINISH SOUTH, RIDGELANDS, SOUTH YAAMBA","ANDY RD, BIRRAHLEE RD, BISHOP RD, BLANCHE RD, CALMORIN RD, CHIPPENDALE RD, CONNOR RD, COORRUMBURRA RD, CRAIGILEE RD, CRAIGNAUGHT RD, DALMA RIDGELANDS RD, DALMA-RIDGELANDS RD, ELLROTT RD, EVANS RD, FAIRVIEW RD, FARADAY RD, GARNANT RD, GLENROY MARLBOROUGH RD, GLENROY RD, HANSEN RD, HUNTER GULLY RD, LANYON RD, LYTTLE LANE, MARBLE RIDGES RD, MORBANK RD, MORINISH RD, MOSES RD, RIDGELANDS RD, ROFFEY RD, ROSEWOOD RD, SALMON RD, SEYMOUR RD, SOUTH YAAMBA RD, STEWARTS RD",2026-09-25T20:28:37Z,,150.0500279,-23.1727298,Rockhampton Regional,6370,https://services.arcgis.com/33eHbTVqo7gtiCE8/arcgis/rest/services/VwErgonOutages/FeatureServer/0,Polygon,"{""type"":""Polygon"",""coordinates"":[[[149.72294995369,-23.0642457675911],[149.722980892392,-23.0636129014804],[149.773599234975,-23.0201830501765],[149.773982271424,-23.020065209663],[149.916607107102,-23.0340407932747],[149.916689366041,-23.0340555158385],[150.328001088346,-23.1416698487963],[150.328085338399,-23.1416997824666],[150.36871773933,-23.1602836800127],[150.368902318612,-23.1604308878883],[150.386673505586,-23.1841105791787],[150.386723094359,-23.1845410291182],[150.381514115291,-23.1961080690127],[150.381435758083,-23.1962264771756],[150.317642218351,-23.2656989342394],[150.317390056535,-23.2658442279113],[150.250168136483,-23.2815763436006],[150.250137779148,-23.2815824984115],[149.998969415055,-23.3246037318498],[149.998867661252,-23.3246110624772],[149.978640947357,-23.3241089650913],[149.978307345761,-23.3239757558365],[149.956852629882,-23.304003361876],[149.956836985649,-23.3039880998498],[149.72294995369,-23.0642457675911]]]}","{""OBJECTID"":910782,""EVENT_ID"":""26CA10766"",""TYPE"":""UNPLANNED"",""STATUS"":""Crews working on-site"",""CUSTOMERS_AFFECTED"":201,""SUBURBS"":""ALTON DOWNS, DALMA, GARNANT, MARLBOROUGH, MORINISH, MORINISH SOUTH, RIDGELANDS, SOUTH YAAMBA"",""STREETS"":""ANDY RD, BIRRAHLEE RD, BISHOP RD, BLANCHE RD, CALMORIN RD, CHIPPENDALE RD, CONNOR RD, COORRUMBURRA RD, CRAIGILEE RD, CRAIGNAUGHT RD, DALMA RIDGELANDS RD, DALMA-RIDGELANDS RD, ELLROTT RD, EVANS RD, FAIRVIEW RD, FARADAY RD, GARNANT RD, GLENROY MARLBOROUGH RD, GLENROY RD, HANSEN RD, HUNTER GULLY RD, LANYON RD, LYTTLE LANE, MARBLE RIDGES RD, MORBANK RD, MORINISH RD, MOSES RD, RIDGELANDS RD, ROFFEY RD, ROSEWOOD RD, SALMON RD, SEYMOUR RD, SOUTH YAAMBA RD, STEWARTS RD"",""START"":1790368117000,""FINISH"":null,""EST_FIX_TIME"":null,""REASON"":""The loss of supply is due to damage requiring emergency repairs. Fault finding is in progress."",""CRC"":""C7E876FB"",""EXTRACTED"":1790382605286,""SHAPE__Area"":1556570861.8046875,""SHAPE__Length"":173479.84515678536}"
2026-09-26T01:00:56Z,2026-09-26T11:00:56+10:00,au.qld.ergon,Ergon Energy,au.qld.ergon|unplanned|910932,910932,unplanned,Outage reported,The loss of supply is due to damage requiring emergency repairs.,4,true,ROSEDALE,NEWTONS RD,2026-09-25T10:55:19Z,2026-09-26T02:00:00Z,151.9770469,-24.5197220,Gladstone Regional,3360,https://services.arcgis.com/33eHbTVqo7gtiCE8/arcgis/rest/services/VwErgonOutages/FeatureServer/0,Polygon,"{""type"":""Polygon"",""coordinates"":[[[151.972016383459,-24.5196990024482],[151.971821389991,-24.5192278266193],[151.972226202024,-24.5188862645933],[151.981439708329,-24.5176026762794],[151.981944667419,-24.517830344498],[151.981885608822,-24.5183425449303],[151.978513222353,-24.5219023046399],[151.978059600972,-24.5220513619097],[151.975013759353,-24.5215815366248],[151.974811703273,-24.5215053357062],[151.972016383459,-24.5196990024482]]]}","{""OBJECTID"":910932,""EVENT_ID"":""26WB8884"",""TYPE"":""UNPLANNED"",""STATUS"":""Outage reported"",""CUSTOMERS_AFFECTED"":4,""SUBURBS"":""ROSEDALE"",""STREETS"":""NEWTONS RD"",""START"":1790333719000,""FINISH"":null,""EST_FIX_TIME"":1790388000000,""REASON"":""The loss of supply is due to damage requiring emergency repairs. "",""CRC"":""D93AC766"",""EXTRACTED"":1790382004093,""SHAPE__Area"":358610.83984375,""SHAPE__Length"":2665.0299039580195}"
2026-09-26T01:00:56Z,2026-09-26T11:00:56+10:00,au.qld.ergon,Ergon Energy,au.qld.ergon|unplanned|910751,910751,unplanned,Crews working on-site,The loss of supply is due to fallen power lines.,38,true,"MACKAY, RACECOURSE, TE KOWAI","GIBSONS RD, HILLS RD, MARAJU YAKAPARI RD, NILSSONS RD, TE KOWAI FOULDEN RD",2026-09-25T22:43:21Z,2026-09-26T07:00:00Z,149.1210946,-21.1541273,Mackay Regional,4770,https://services.arcgis.com/33eHbTVqo7gtiCE8/arcgis/rest/services/VwErgonOutages/FeatureServer/0,Polygon,"{""type"":""Polygon"",""coordinates"":[[[149.110018294434,-21.1588425590781],[149.109877432595,-21.1584318123599],[149.110802842746,-21.1538420603575],[149.110810534259,-21.1538102513459],[149.113557107781,-21.1440924725427],[149.113965690439,-21.1437598140649],[149.122809982293,-21.1427766252364],[149.123159974267,-21.1428670539733],[149.129008105575,-21.1470851192895],[149.129147576629,-21.1472455956843],[149.130458176538,-21.1497735930933],[149.13050181183,-21.1499071978177],[149.131539468517,-21.156718916907],[149.131513554472,-21.1569415965504],[149.127982102518,-21.1657576872436],[149.127883884123,-21.1659064621877],[149.127694085049,-21.1660977665954],[149.127176155182,-21.1662141289507],[149.112792389205,-21.1612709285909],[149.112625919043,-21.1611738305607],[149.110018294434,-21.1588425590781]]]}","{""OBJECTID"":910751,""EVENT_ID"":""26MK6055"",""TYPE"":""UNPLANNED"",""STATUS"":""Crews working on-site"",""CUSTOMERS_AFFECTED"":38,""SUBURBS"":""MACKAY, RACECOURSE, TE KOWAI"",""STREETS"":""GIBSONS RD, HILLS RD, MARAJU YAKAPARI RD, NILSSONS RD, TE KOWAI FOULDEN RD"",""START"":1790376201000,""FINISH"":null,""EST_FIX_TIME"":1790406000000,""REASON"":""The loss of supply is due to fallen power lines.  "",""CRC"":""5932F0FE"",""EXTRACTED"":1790382904542,""SHAPE__Area"":4917293.5078125,""SHAPE__Length"":8317.184068545383}"
2026-09-26T01:00:56Z,2026-09-26T11:00:56+10:00,au.qld.ergon,Ergon Energy,au.qld.ergon|unplanned|910782,910782,unplanned,Crews working on-site,The loss of supply is due to damage requiring emergency repairs. Fault finding is in progress.,218,true,"ALTON DOWNS, DALMA, GARNANT, MARLBOROUGH, MORINISH, MORINISH SOUTH, RIDGELANDS, SOUTH YAAMBA","ANDY RD, BIRRAHLEE RD, BISHOP RD, BLANCHE RD, CALMORIN RD, CHIPPENDALE RD, CONNOR RD, COORRUMBURRA RD, CRAIGILEE RD, CRAIGNAUGHT RD, DALMA RIDGELANDS RD, DALMA-RIDGELANDS RD, ELLROTT RD, EVANS RD, FAIRVIEW RD, FARADAY RD, GARNANT RD, GLENROY MARLBOROUGH RD, GLENROY RD, HANSEN RD, HUNTER GULLY RD, LANYON RD, LYTTLE LANE, MARBLE RIDGES RD, MORBANK RD, MORINISH RD, MOSES RD, RIDGELANDS RD, ROFFEY RD, ROSEWOOD RD, SALMON RD, SEYMOUR RD, SOUTH YAAMBA RD, STEWARTS RD",2026-09-25T20:28:37Z,,150.0512105,-23.1729925,Rockhampton Regional,6370,https://services.arcgis.com/33eHbTVqo7gtiCE8/arcgis/rest/services/VwErgonOutages/FeatureServer/0,Polygon,"{""type"":""Polygon"",""coordinates"":[[[149.72294995369,-23.0642457675911],[149.722980892392,-23.0636129014804],[149.773599234975,-23.0201830501765],[149.773982271424,-23.020065209663],[149.916607107102,-23.0340407932747],[149.916689366041,-23.0340555158385],[150.328001088346,-23.1416698487963],[150.328085338399,-23.1416997824666],[150.36871773933,-23.1602836800127],[150.368902318612,-23.1604308878883],[150.386673505586,-23.1841105791787],[150.386723094359,-23.1845410291182],[150.381514115291,-23.1961080690127],[150.381475342073,-23.1961768211169],[150.341718493202,-23.2539154479708],[150.341534778994,-23.254072023744],[150.317498084808,-23.2658058420058],[150.317390056535,-23.2658442279113],[150.250168136483,-23.2815763436006],[150.250137779148,-23.2815824984115],[149.998969415055,-23.3246037318498],[149.998867661252,-23.3246110624772],[149.978640947357,-23.3241089650913],[149.978307345761,-23.3239757558365],[149.956852629882,-23.304003361876],[149.956836985649,-23.3039880998498],[149.72294995369,-23.0642457675911]]]}","{""OBJECTID"":910782,""EVENT_ID"":""26CA10766"",""TYPE"":""UNPLANNED"",""STATUS"":""Crews working on-site"",""CUSTOMERS_AFFECTED"":218,""SUBURBS"":""ALTON DOWNS, DALMA, GARNANT, MARLBOROUGH, MORINISH, MORINISH SOUTH, RIDGELANDS, SOUTH YAAMBA"",""STREETS"":""ANDY RD, BIRRAHLEE RD, BISHOP RD, BLANCHE RD, CALMORIN RD, CHIPPENDALE RD, CONNOR RD, COORRUMBURRA RD, CRAIGILEE RD, CRAIGNAUGHT RD, DALMA RIDGELANDS RD, DALMA-RIDGELANDS RD, ELLROTT RD, EVANS RD, FAIRVIEW RD, FARADAY RD, GARNANT RD, GLENROY MARLBOROUGH RD, GLENROY RD, HANSEN RD, HUNTER GULLY RD, LANYON RD, LYTTLE LANE, MARBLE RIDGES RD, MORBANK RD, MORINISH RD, MOSES RD, RIDGELANDS RD, ROFFEY RD, ROSEWOOD RD, SALMON RD, SEYMOUR RD, SOUTH YAAMBA RD, STEWARTS RD"",""START"":1790368117000,""FINISH"":null,""EST_FIX_TIME"":null,""REASON"":""The loss of supply is due to damage requiring emergency repairs. Fault finding is in progress."",""CRC"":""104B72A1"",""EXTRACTED"":1790384105129,""SHAPE__Area"":1562798199.0390625,""SHAPE__Length"":173775.16485769235}"
2026-09-26T01:15:39Z,2026-09-26T11:15:39+10:00,au.qld.ergon,Ergon Energy,au.qld.ergon|unplanned|910932,910932,unplanned,Outage reported,The loss of supply is due to damage requiring emergency repairs.,4,true,ROSEDALE,NEWTONS RD,2026-09-25T10:55:19Z,2026-09-26T02:00:00Z,151.9770469,-24.5197220,Gladstone Regional,3360,https://services.arcgis.com/33eHbTVqo7gtiCE8/arcgis/rest/services/VwErgonOutages/FeatureServer/0,Polygon,"{""type"":""Polygon"",""coordinates"":[[[151.972016383459,-24.5196990024482],[151.971821389991,-24.5192278266193],[151.972226202024,-24.5188862645933],[151.981439708329,-24.5176026762794],[151.981944667419,-24.517830344498],[151.981885608822,-24.5183425449303],[151.978513222353,-24.5219023046399],[151.978059600972,-24.5220513619097],[151.975013759353,-24.5215815366248],[151.974811703273,-24.5215053357062],[151.972016383459,-24.5196990024482]]]}","{""OBJECTID"":910932,""EVENT_ID"":""26WB8884"",""TYPE"":""UNPLANNED"",""STATUS"":""Outage reported"",""CUSTOMERS_AFFECTED"":4,""SUBURBS"":""ROSEDALE"",""STREETS"":""NEWTONS RD"",""START"":1790333719000,""FINISH"":null,""EST_FIX_TIME"":1790388000000,""REASON"":""The loss of supply is due to damage requiring emergency repairs. "",""CRC"":""D93AC766"",""EXTRACTED"":1790382004093,""SHAPE__Area"":358610.83984375,""SHAPE__Length"":2665.0299039580195}"
2026-09-26T01:15:39Z,2026-09-26T11:15:39+10:00,au.qld.ergon,Ergon Energy,au.qld.ergon|unplanned|910751,910751,unplanned,Crews working on-site,The loss of supply is due to fallen power lines.,38,true,"MACKAY, RACECOURSE, TE KOWAI","GIBSONS RD, HILLS RD, MARAJU YAKAPARI RD, NILSSONS RD, TE KOWAI FOULDEN RD",2026-09-25T22:43:21Z,2026-09-26T07:00:00Z,149.1210946,-21.1541273,Mackay Regional,4770,https://services.arcgis.com/33eHbTVqo7gtiCE8/arcgis/rest/services/VwErgonOutages/FeatureServer/0,Polygon,"{""type"":""Polygon"",""coordinates"":[[[149.110018294434,-21.1588425590781],[149.109877432595,-21.1584318123599],[149.110802842746,-21.1538420603575],[149.110810534259,-21.1538102513459],[149.113557107781,-21.1440924725427],[149.113965690439,-21.1437598140649],[149.122809982293,-21.1427766252364],[149.123159974267,-21.1428670539733],[149.129008105575,-21.1470851192895],[149.129147576629,-21.1472455956843],[149.130458176538,-21.1497735930933],[149.13050181183,-21.1499071978177],[149.131539468517,-21.156718916907],[149.131513554472,-21.1569415965504],[149.127982102518,-21.1657576872436],[149.127883884123,-21.1659064621877],[149.127694085049,-21.1660977665954],[149.127176155182,-21.1662141289507],[149.112792389205,-21.1612709285909],[149.112625919043,-21.1611738305607],[149.110018294434,-21.1588425590781]]]}","{""OBJECTID"":910751,""EVENT_ID"":""26MK6055"",""TYPE"":""UNPLANNED"",""STATUS"":""Crews working on-site"",""CUSTOMERS_AFFECTED"":38,""SUBURBS"":""MACKAY, RACECOURSE, TE KOWAI"",""STREETS"":""GIBSONS RD, HILLS RD, MARAJU YAKAPARI RD, NILSSONS RD, TE KOWAI FOULDEN RD"",""START"":1790376201000,""FINISH"":null,""EST_FIX_TIME"":1790406000000,""REASON"":""The loss of supply is due to fallen power lines.  "",""CRC"":""5932F0FE"",""EXTRACTED"":1790382904542,""SHAPE__Area"":4917293.5078125,""SHAPE__Length"":8317.184068545383}"
2026-09-26T01:15:39Z,2026-09-26T11:15:39+10:00,au.qld.ergon,Ergon Energy,au.qld.ergon|unplanned|910782,910782,unplanned,Crews working on-site,The loss of supply is due to damage requiring emergency repairs. Fault finding is in progress.,218,true,"ALTON DOWNS, DALMA, GARNANT, MARLBOROUGH, MORINISH, MORINISH SOUTH, RIDGELANDS, SOUTH YAAMBA","ANDY RD, BIRRAHLEE RD, BISHOP RD, BLANCHE RD, CALMORIN RD, CHIPPENDALE RD, CONNOR RD, COORRUMBURRA RD, CRAIGILEE RD, CRAIGNAUGHT RD, DALMA RIDGELANDS RD, DALMA-RIDGELANDS RD, ELLROTT RD, EVANS RD, FAIRVIEW RD, FARADAY RD, GARNANT RD, GLENROY MARLBOROUGH RD, GLENROY RD, HANSEN RD, HUNTER GULLY RD, LANYON RD, LYTTLE LANE, MARBLE RIDGES RD, MORBANK RD, MORINISH RD, MOSES RD, RIDGELANDS RD, ROFFEY RD, ROSEWOOD RD, SALMON RD, SEYMOUR RD, SOUTH YAAMBA RD, STEWARTS RD",2026-09-25T20:28:37Z,,150.0512105,-23.1729925,Rockhampton Regional,6370,https://services.arcgis.com/33eHbTVqo7gtiCE8/arcgis/rest/services/VwErgonOutages/FeatureServer/0,Polygon,"{""type"":""Polygon"",""coordinates"":[[[149.72294995369,-23.0642457675911],[149.722980892392,-23.0636129014804],[149.773599234975,-23.0201830501765],[149.773982271424,-23.020065209663],[149.916607107102,-23.0340407932747],[149.916689366041,-23.0340555158385],[150.328001088346,-23.1416698487963],[150.328085338399,-23.1416997824666],[150.36871773933,-23.1602836800127],[150.368902318612,-23.1604308878883],[150.386673505586,-23.1841105791787],[150.386723094359,-23.1845410291182],[150.381514115291,-23.1961080690127],[150.381475342073,-23.1961768211169],[150.341718493202,-23.2539154479708],[150.341534778994,-23.254072023744],[150.317498084808,-23.2658058420058],[150.317390056535,-23.2658442279113],[150.250168136483,-23.2815763436006],[150.250137779148,-23.2815824984115],[149.998969415055,-23.3246037318498],[149.998867661252,-23.3246110624772],[149.978640947357,-23.3241089650913],[149.978307345761,-23.3239757558365],[149.956852629882,-23.304003361876],[149.956836985649,-23.3039880998498],[149.72294995369,-23.0642457675911]]]}","{""OBJECTID"":910782,""EVENT_ID"":""26CA10766"",""TYPE"":""UNPLANNED"",""STATUS"":""Crews working on-site"",""CUSTOMERS_AFFECTED"":218,""SUBURBS"":""ALTON DOWNS, DALMA, GARNANT, MARLBOROUGH, MORINISH, MORINISH SOUTH, RIDGELANDS, SOUTH YAAMBA"",""STREETS"":""ANDY RD, BIRRAHLEE RD, BISHOP RD, BLANCHE RD, CALMORIN RD, CHIPPENDALE RD, CONNOR RD, COORRUMBURRA RD, CRAIGILEE RD, CRAIGNAUGHT RD, DALMA RIDGELANDS RD, DALMA-RIDGELANDS RD, ELLROTT RD, EVANS RD, FAIRVIEW RD, FARADAY RD, GARNANT RD, GLENROY MARLBOROUGH RD, GLENROY RD, HANSEN RD, HUNTER GULLY RD, LANYON RD, LYTTLE LANE, MARBLE RIDGES RD, MORBANK RD, MORINISH RD, MOSES RD, RIDGELANDS RD, ROFFEY RD, ROSEWOOD RD, SALMON RD, SEYMOUR RD, SOUTH YAAMBA RD, STEWARTS RD"",""START"":1790368117000,""FINISH"":null,""EST_FIX_TIME"":null,""REASON"":""The loss of supply is due to damage requiring emergency repairs. Fault finding is in progress."",""CRC"":""104B72A1"",""EXTRACTED"":1790384105129,""SHAPE__Area"":1562798199.0390625,""SHAPE__Length"":173775.16485769235}"
2026-09-26T01:30:48Z,2026-09-26T11:30:48+10:00,au.qld.ergon,Ergon Energy,au.qld.ergon|unplanned|910932,910932,unplanned,Outage reported,The loss of supply is due to damage requiring emergency repairs.,4,true,ROSEDALE,NEWTONS RD,2026-09-25T10:55:19Z,2026-09-26T02:00:00Z,151.9770469,-24.5197220,Gladstone Regional,3360,https://services.arcgis.com/33eHbTVqo7gtiCE8/arcgis/rest/services/VwErgonOutages/FeatureServer/0,Polygon,"{""type"":""Polygon"",""coordinates"":[[[151.972016383459,-24.5196990024482],[151.971821389991,-24.5192278266193],[151.972226202024,-24.5188862645933],[151.981439708329,-24.5176026762794],[151.981944667419,-24.517830344498],[151.981885608822,-24.5183425449303],[151.978513222353,-24.5219023046399],[151.978059600972,-24.5220513619097],[151.975013759353,-24.5215815366248],[151.974811703273,-24.5215053357062],[151.972016383459,-24.5196990024482]]]}","{""OBJECTID"":910932,""EVENT_ID"":""26WB8884"",""TYPE"":""UNPLANNED"",""STATUS"":""Outage reported"",""CUSTOMERS_AFFECTED"":4,""SUBURBS"":""ROSEDALE"",""STREETS"":""NEWTONS RD"",""START"":1790333719000,""FINISH"":null,""EST_FIX_TIME"":1790388000000,""REASON"":""The loss of supply is due to damage requiring emergency repairs. "",""CRC"":""D93AC766"",""EXTRACTED"":1790382004093,""SHAPE__Area"":358610.83984375,""SHAPE__Length"":2665.0299039580195}"
2026-09-26T01:30:48Z,2026-09-26T11:30:48+10:00,au.qld.ergon,Ergon Energy,au.qld.ergon|unplanned|910751,910751,unplanned,Crews working on-site,The loss of supply is due to fallen power lines.,38,true,"MACKAY, RACECOURSE, TE KOWAI","GIBSONS RD, HILLS RD, MARAJU YAKAPARI RD, NILSSONS RD, TE KOWAI FOULDEN RD",2026-09-25T22:43:21Z,2026-09-26T07:00:00Z,149.1210946,-21.1541273,Mackay Regional,4770,https://services.arcgis.com/33eHbTVqo7gtiCE8/arcgis/rest/services/VwErgonOutages/FeatureServer/0,Polygon,"{""type"":""Polygon"",""coordinates"":[[[149.110018294434,-21.1588425590781],[149.109877432595,-21.1584318123599],[149.110802842746,-21.1538420603575],[149.110810534259,-21.1538102513459],[149.113557107781,-21.1440924725427],[149.113965690439,-21.1437598140649],[149.122809982293,-21.1427766252364],[149.123159974267,-21.1428670539733],[149.129008105575,-21.1470851192895],[149.129147576629,-21.1472455956843],[149.130458176538,-21.1497735930933],[149.13050181183,-21.1499071978177],[149.131539468517,-21.156718916907],[149.131513554472,-21.1569415965504],[149.127982102518,-21.1657576872436],[149.127883884123,-21.1659064621877],[149.127694085049,-21.1660977665954],[149.127176155182,-21.1662141289507],[149.112792389205,-21.1612709285909],[149.112625919043,-21.1611738305607],[149.110018294434,-21.1588425590781]]]}","{""OBJECTID"":910751,""EVENT_ID"":""26MK6055"",""TYPE"":""UNPLANNED"",""STATUS"":""Crews working on-site"",""CUSTOMERS_AFFECTED"":38,""SUBURBS"":""MACKAY, RACECOURSE, TE KOWAI"",""STREETS"":""GIBSONS RD, HILLS RD, MARAJU YAKAPARI RD, NILSSONS RD, TE KOWAI FOULDEN RD"",""START"":1790376201000,""FINISH"":null,""EST_FIX_TIME"":1790406000000,""REASON"":""The loss of supply is due to fallen power lines.  "",""CRC"":""5932F0FE"",""EXTRACTED"":1790382904542,""SHAPE__Area"":4917293.5078125,""SHAPE__Length"":8317.184068545383}"
2026-09-26T01:30:48Z,2026-09-26T11:30:48+10:00,au.qld.ergon,Ergon Energy,au.qld.ergon|unplanned|910782,910782,unplanned,Crews working on-site,The loss of supply is due to damage requiring emergency repairs. Fault finding is in progress.,218,true,"ALTON DOWNS, DALMA, GARNANT, MARLBOROUGH, MORINISH, MORINISH SOUTH, RIDGELANDS, SOUTH YAAMBA","ANDY RD, BIRRAHLEE RD, BISHOP RD, BLANCHE RD, CALMORIN RD, CHIPPENDALE RD, CONNOR RD, COORRUMBURRA RD, CRAIGILEE RD, CRAIGNAUGHT RD, DALMA RIDGELANDS RD, DALMA-RIDGELANDS RD, ELLROTT RD, EVANS RD, FAIRVIEW RD, FARADAY RD, GARNANT RD, GLENROY MARLBOROUGH RD, GLENROY RD, HANSEN RD, HUNTER GULLY RD, LANYON RD, LYTTLE LANE, MARBLE RIDGES RD, MORBANK RD, MORINISH RD, MOSES RD, RIDGELANDS RD, ROFFEY RD, ROSEWOOD RD, SALMON RD, SEYMOUR RD, SOUTH YAAMBA RD, STEWARTS RD",2026-09-25T20:28:37Z,,150.0512105,-23.1729925,Rockhampton Regional,6370,https://services.arcgis.com/33eHbTVqo7gtiCE8/arcgis/rest/services/VwErgonOutages/FeatureServer/0,Polygon,"{""type"":""Polygon"",""coordinates"":[[[149.72294995369,-23.0642457675911],[149.722980892392,-23.0636129014804],[149.773599234975,-23.0201830501765],[149.773982271424,-23.020065209663],[149.916607107102,-23.0340407932747],[149.916689366041,-23.0340555158385],[150.328001088346,-23.1416698487963],[150.328085338399,-23.1416997824666],[150.36871773933,-23.1602836800127],[150.368902318612,-23.1604308878883],[150.386673505586,-23.1841105791787],[150.386723094359,-23.1845410291182],[150.381514115291,-23.1961080690127],[150.381475342073,-23.1961768211169],[150.341718493202,-23.2539154479708],[150.341534778994,-23.254072023744],[150.317498084808,-23.2658058420058],[150.317390056535,-23.2658442279113],[150.250168136483,-23.2815763436006],[150.250137779148,-23.2815824984115],[149.998969415055,-23.3246037318498],[149.998867661252,-23.3246110624772],[149.978640947357,-23.3241089650913],[149.978307345761,-23.3239757558365],[149.956852629882,-23.304003361876],[149.956836985649,-23.3039880998498],[149.72294995369,-23.0642457675911]]]}","{""OBJECTID"":910782,""EVENT_ID"":""26CA10766"",""TYPE"":""UNPLANNED"",""STATUS"":""Crews working on-site"",""CUSTOMERS_AFFECTED"":218,""SUBURBS"":""ALTON DOWNS, DALMA, GARNANT, MARLBOROUGH, MORINISH, MORINISH SOUTH, RIDGELANDS, SOUTH YAAMBA"",""STREETS"":""ANDY RD, BIRRAHLEE RD, BISHOP RD, BLANCHE RD, CALMORIN RD, CHIPPENDALE RD, CONNOR RD, COORRUMBURRA RD, CRAIGILEE RD, CRAIGNAUGHT RD, DALMA RIDGELANDS RD, DALMA-RIDGELANDS RD, ELLROTT RD, EVANS RD, FAIRVIEW RD, FARADAY RD, GARNANT RD, GLENROY MARLBOROUGH RD, GLENROY RD, HANSEN RD, HUNTER GULLY RD, LANYON RD, LYTTLE LANE, MARBLE RIDGES RD, MORBANK RD, MORINISH RD, MOSES RD, RIDGELANDS RD, ROFFEY RD, ROSEWOOD RD, SALMON RD, SEYMOUR RD, SOUTH YAAMBA RD, STEWARTS RD"",""START"":1790368117000,""FINISH"":null,""EST_FIX_TIME"":null,""REASON"":""The loss of supply is due to damage requiring emergency repairs. Fault finding is in progress."",""CRC"":""104B72A1"",""EXTRACTED"":1790384105129,""SHAPE__Area"":1562798199.0390625,""SHAPE__Length"":173775.16485769235}"
2026-09-26T01:45:36Z,2026-09-26T11:45:36+10:00,au.qld.ergon,Ergon Energy,au.qld.ergon|unplanned|910932,910932,unplanned,Outage reported,The loss of supply is due to damage requiring emergency repairs.,4,true,ROSEDALE,NEWTONS RD,2026-09-25T10:55:19Z,2026-09-26T03:00:00Z,151.9770469,-24.5197220,Gladstone Regional,3360,https://services.arcgis.com/33eHbTVqo7gtiCE8/arcgis/rest/services/VwErgonOutages/FeatureServer/0,Polygon,"{""type"":""Polygon"",""coordinates"":[[[151.972016383459,-24.5196990024482],[151.971821389991,-24.5192278266193],[151.972226202024,-24.5188862645933],[151.981439708329,-24.5176026762794],[151.981944667419,-24.517830344498],[151.981885608822,-24.5183425449303],[151.978513222353,-24.5219023046399],[151.978059600972,-24.5220513619097],[151.975013759353,-24.5215815366248],[151.974811703273,-24.5215053357062],[151.972016383459,-24.5196990024482]]]}","{""OBJECTID"":910932,""EVENT_ID"":""26WB8884"",""TYPE"":""UNPLANNED"",""STATUS"":""Outage reported"",""CUSTOMERS_AFFECTED"":4,""SUBURBS"":""ROSEDALE"",""STREETS"":""NEWTONS RD"",""START"":1790333719000,""FINISH"":null,""EST_FIX_TIME"":1790391600000,""REASON"":""The loss of supply is due to damage requiring emergency repairs. "",""CRC"":""31FACA35"",""EXTRACTED"":1790386805373,""SHAPE__Area"":358610.83984375,""SHAPE__Length"":2665.0299039580195}"
2026-09-26T01:45:36Z,2026-09-26T11:45:36+10:00,au.qld.ergon,Ergon Energy,au.qld.ergon|unplanned|910751,910751,unplanned,Crews working on-site,The loss of supply is due to fallen power lines.,38,true,"MACKAY, RACECOURSE, TE KOWAI","GIBSONS RD, HILLS RD, MARAJU YAKAPARI RD, NILSSONS RD, TE KOWAI FOULDEN RD",2026-09-25T22:43:21Z,2026-09-26T07:00:00Z,149.1210946,-21.1541273,Mackay Regional,4770,https://services.arcgis.com/33eHbTVqo7gtiCE8/arcgis/rest/services/VwErgonOutages/FeatureServer/0,Polygon,"{""type"":""Polygon"",""coordinates"":[[[149.110018294434,-21.1588425590781],[149.109877432595,-21.1584318123599],[149.110802842746,-21.1538420603575],[149.110810534259,-21.1538102513459],[149.113557107781,-21.1440924725427],[149.113965690439,-21.1437598140649],[149.122809982293,-21.1427766252364],[149.123159974267,-21.1428670539733],[149.129008105575,-21.1470851192895],[149.129147576629,-21.1472455956843],[149.130458176538,-21.1497735930933],[149.13050181183,-21.1499071978177],[149.131539468517,-21.156718916907],[149.131513554472,-21.1569415965504],[149.127982102518,-21.1657576872436],[149.127883884123,-21.1659064621877],[149.127694085049,-21.1660977665954],[149.127176155182,-21.1662141289507],[149.112792389205,-21.1612709285909],[149.112625919043,-21.1611738305607],[149.110018294434,-21.1588425590781]]]}","{""OBJECTID"":910751,""EVENT_ID"":""26MK6055"",""TYPE"":""UNPLANNED"",""STATUS"":""Crews working on-site"",""CUSTOMERS_AFFECTED"":38,""SUBURBS"":""MACKAY, RACECOURSE, TE KOWAI"",""STREETS"":""GIBSONS RD, HILLS RD, MARAJU YAKAPARI RD, NILSSONS RD, TE KOWAI FOULDEN RD"",""START"":1790376201000,""FINISH"":null,""EST_FIX_TIME"":1790406000000,""REASON"":""The loss of supply is due to fallen power lines.  "",""CRC"":""5932F0FE"",""EXTRACTED"":1790382904542,""SHAPE__Area"":4917293.5078125,""SHAPE__Length"":8317.184068545383}"
2026-09-26T01:45:36Z,2026-09-26T11:45:36+10:00,au.qld.ergon,Ergon Energy,au.qld.ergon|unplanned|910782,910782,unplanned,Crews working on-site,The loss of supply is due to damage requiring emergency repairs. Fault finding is in progress.,218,true,"ALTON DOWNS, DALMA, GARNANT, MARLBOROUGH, MORINISH, MORINISH SOUTH, RIDGELANDS, SOUTH YAAMBA","ANDY RD, BIRRAHLEE RD, BISHOP RD, BLANCHE RD, CALMORIN RD, CHIPPENDALE RD, CONNOR RD, COORRUMBURRA RD, CRAIGILEE RD, CRAIGNAUGHT RD, DALMA RIDGELANDS RD, DALMA-RIDGELANDS RD, ELLROTT RD, EVANS RD, FAIRVIEW RD, FARADAY RD, GARNANT RD, GLENROY MARLBOROUGH RD, GLENROY RD, HANSEN RD, HUNTER GULLY RD, LANYON RD, LYTTLE LANE, MARBLE RIDGES RD, MORBANK RD, MORINISH RD, MOSES RD, RIDGELANDS RD, ROFFEY RD, ROSEWOOD RD, SALMON RD, SEYMOUR RD, SOUTH YAAMBA RD, STEWARTS RD",2026-09-25T20:28:37Z,,150.0512105,-23.1729925,Rockhampton Regional,6370,https://services.arcgis.com/33eHbTVqo7gtiCE8/arcgis/rest/services/VwErgonOutages/FeatureServer/0,Polygon,"{""type"":""Polygon"",""coordinates"":[[[149.72294995369,-23.0642457675911],[149.722980892392,-23.0636129014804],[149.773599234975,-23.0201830501765],[149.773982271424,-23.020065209663],[149.916607107102,-23.0340407932747],[149.916689366041,-23.0340555158385],[150.328001088346,-23.1416698487963],[150.328085338399,-23.1416997824666],[150.36871773933,-23.1602836800127],[150.368902318612,-23.1604308878883],[150.386673505586,-23.1841105791787],[150.386723094359,-23.1845410291182],[150.381514115291,-23.1961080690127],[150.381475342073,-23.1961768211169],[150.341718493202,-23.2539154479708],[150.341534778994,-23.254072023744],[150.317498084808,-23.2658058420058],[150.317390056535,-23.2658442279113],[150.250168136483,-23.2815763436006],[150.250137779148,-23.2815824984115],[149.998969415055,-23.3246037318498],[149.998867661252,-23.3246110624772],[149.978640947357,-23.3241089650913],[149.978307345761,-23.3239757558365],[149.956852629882,-23.304003361876],[149.956836985649,-23.3039880998498],[149.72294995369,-23.0642457675911]]]}","{""OBJECTID"":910782,""EVENT_ID"":""26CA10766"",""TYPE"":""UNPLANNED"",""STATUS"":""Crews working on-site"",""CUSTOMERS_AFFECTED"":218,""SUBURBS"":""ALTON DOWNS, DALMA, GARNANT, MARLBOROUGH, MORINISH, MORINISH SOUTH, RIDGELANDS, SOUTH YAAMBA"",""STREETS"":""ANDY RD, BIRRAHLEE RD, BISHOP RD, BLANCHE RD, CALMORIN RD, CHIPPENDALE RD, CONNOR RD, COORRUMBURRA RD, CRAIGILEE RD, CRAIGNAUGHT RD, DALMA RIDGELANDS RD, DALMA-RIDGELANDS RD, ELLROTT RD, EVANS RD, FAIRVIEW RD, FARADAY RD, GARNANT RD, GLENROY MARLBOROUGH RD, GLENROY RD, HANSEN RD, HUNTER GULLY RD, LANYON RD, LYTTLE LANE, MARBLE RIDGES RD, MORBANK RD, MORINISH RD, MOSES RD, RIDGELANDS RD, ROFFEY RD, ROSEWOOD RD, SALMON RD, SEYMOUR RD, SOUTH YAAMBA RD, STEWARTS RD"",""START"":1790368117000,""FINISH"":null,""EST_FIX_TIME"":null,""REASON"":""The loss of supply is due to damage requiring emergency repairs. Fault finding is in progress."",""CRC"":""104B72A1"",""EXTRACTED"":1790384105129,""SHAPE__Area"":1562798199.0390625,""SHAPE__Length"":173775.16485769235}"
2026-09-26T02:00:55Z,2026-09-26T12:00:55+10:00,au.qld.ergon,Ergon Energy,au.qld.ergon|unplanned|910932,910932,unplanned,Outage reported,The loss of supply is due to damage requiring emergency repairs.,4,true,ROSEDALE,NEWTONS RD,2026-09-25T10:55:19Z,2026-09-26T03:00:00Z,151.9770469,-24.5197220,Gladstone Regional,3360,https://services.arcgis.com/33eHbTVqo7gtiCE8/arcgis/rest/services/VwErgonOutages/FeatureServer/0,Polygon,"{""type"":""Polygon"",""coordinates"":[[[151.972016383459,-24.5196990024482],[151.971821389991,-24.5192278266193],[151.972226202024,-24.5188862645933],[151.981439708329,-24.5176026762794],[151.981944667419,-24.517830344498],[151.981885608822,-24.5183425449303],[151.978513222353,-24.5219023046399],[151.978059600972,-24.5220513619097],[151.975013759353,-24.5215815366248],[151.974811703273,-24.5215053357062],[151.972016383459,-24.5196990024482]]]}","{""OBJECTID"":910932,""EVENT_ID"":""26WB8884"",""TYPE"":""UNPLANNED"",""STATUS"":""Outage reported"",""CUSTOMERS_AFFECTED"":4,""SUBURBS"":""ROSEDALE"",""STREETS"":""NEWTONS RD"",""START"":1790333719000,""FINISH"":null,""EST_FIX_TIME"":1790391600000,""REASON"":""The loss of supply is due to damage requiring emergency repairs. "",""CRC"":""31FACA35"",""EXTRACTED"":1790386805373,""SHAPE__Area"":358610.83984375,""SHAPE__Length"":2665.0299039580195}"
2026-09-26T02:00:55Z,2026-09-26T12:00:55+10:00,au.qld.ergon,Ergon Energy,au.qld.ergon|unplanned|910751,910751,unplanned,Crews working on-site,The loss of supply is due to fallen power lines.,38,true,"MACKAY, RACECOURSE, TE KOWAI","GIBSONS RD, HILLS RD, MARAJU YAKAPARI RD, NILSSONS RD, TE KOWAI FOULDEN RD",2026-09-25T22:43:21Z,2026-09-26T07:00:00Z,149.1210946,-21.1541273,Mackay Regional,4770,https://services.arcgis.com/33eHbTVqo7gtiCE8/arcgis/rest/services/VwErgonOutages/FeatureServer/0,Polygon,"{""type"":""Polygon"",""coordinates"":[[[149.110018294434,-21.1588425590781],[149.109877432595,-21.1584318123599],[149.110802842746,-21.1538420603575],[149.110810534259,-21.1538102513459],[149.113557107781,-21.1440924725427],[149.113965690439,-21.1437598140649],[149.122809982293,-21.1427766252364],[149.123159974267,-21.1428670539733],[149.129008105575,-21.1470851192895],[149.129147576629,-21.1472455956843],[149.130458176538,-21.1497735930933],[149.13050181183,-21.1499071978177],[149.131539468517,-21.156718916907],[149.131513554472,-21.1569415965504],[149.127982102518,-21.1657576872436],[149.127883884123,-21.1659064621877],[149.127694085049,-21.1660977665954],[149.127176155182,-21.1662141289507],[149.112792389205,-21.1612709285909],[149.112625919043,-21.1611738305607],[149.110018294434,-21.1588425590781]]]}","{""OBJECTID"":910751,""EVENT_ID"":""26MK6055"",""TYPE"":""UNPLANNED"",""STATUS"":""Crews working on-site"",""CUSTOMERS_AFFECTED"":38,""SUBURBS"":""MACKAY, RACECOURSE, TE KOWAI"",""STREETS"":""GIBSONS RD, HILLS RD, MARAJU YAKAPARI RD, NILSSONS RD, TE KOWAI FOULDEN RD"",""START"":1790376201000,""FINISH"":null,""EST_FIX_TIME"":1790406000000,""REASON"":""The loss of supply is due to fallen power lines.  "",""CRC"":""5932F0FE"",""EXTRACTED"":1790382904542,""SHAPE__Area"":4917293.5078125,""SHAPE__Length"":8317.184068545383}"
2026-09-26T02:00:55Z,2026-09-26T12:00:55+10:00,au.qld.ergon,Ergon Energy,au.qld.ergon|unplanned|910782,910782,unplanned,Crews working on-site,The loss of supply is due to damage requiring emergency repairs. Fault finding is in progress.,218,true,"ALTON DOWNS, DALMA, GARNANT, MARLBOROUGH, MORINISH, MORINISH SOUTH, RIDGELANDS, SOUTH YAAMBA","ANDY RD, BIRRAHLEE RD, BISHOP RD, BLANCHE RD, CALMORIN RD, CHIPPENDALE RD, CONNOR RD, COORRUMBURRA RD, CRAIGILEE RD, CRAIGNAUGHT RD, DALMA RIDGELANDS RD, DALMA-RIDGELANDS RD, ELLROTT RD, EVANS RD, FAIRVIEW RD, FARADAY RD, GARNANT RD, GLENROY MARLBOROUGH RD, GLENROY RD, HANSEN RD, HUNTER GULLY RD, LANYON RD, LYTTLE LANE, MARBLE RIDGES RD, MORBANK RD, MORINISH RD, MOSES RD, RIDGELANDS RD, ROFFEY RD, ROSEWOOD RD, SALMON RD, SEYMOUR RD, SOUTH YAAMBA RD, STEWARTS RD",2026-09-25T20:28:37Z,,150.0512105,-23.1729925,Rockhampton Regional,6370,https://services.arcgis.com/33eHbTVqo7gtiCE8/arcgis/rest/services/VwErgonOutages/FeatureServer/0,Polygon,"{""type"":""Polygon"",""coordinates"":[[[149.72294995369,-23.0642457675911],[149.722980892392,-23.0636129014804],[149.773599234975,-23.0201830501765],[149.773982271424,-23.020065209663],[149.916607107102,-23.0340407932747],[149.916689366041,-23.0340555158385],[150.328001088346,-23.1416698487963],[150.328085338399,-23.1416997824666],[150.36871773933,-23.1602836800127],[150.368902318612,-23.1604308878883],[150.386673505586,-23.1841105791787],[150.386723094359,-23.1845410291182],[150.381514115291,-23.1961080690127],[150.381475342073,-23.1961768211169],[150.341718493202,-23.2539154479708],[150.341534778994,-23.254072023744],[150.317498084808,-23.2658058420058],[150.317390056535,-23.2658442279113],[150.250168136483,-23.2815763436006],[150.250137779148,-23.2815824984115],[149.998969415055,-23.3246037318498],[149.998867661252,-23.3246110624772],[149.978640947357,-23.3241089650913],[149.978307345761,-23.3239757558365],[149.956852629882,-23.304003361876],[149.956836985649,-23.3039880998498],[149.72294995369,-23.0642457675911]]]}","{""OBJECTID"":910782,""EVENT_ID"":""26CA10766"",""TYPE"":""UNPLANNED"",""STATUS"":""Crews working on-site"",""CUSTOMERS_AFFECTED"":218,""SUBURBS"":""ALTON DOWNS, DALMA, GARNANT, MARLBOROUGH, MORINISH, MORINISH SOUTH, RIDGELANDS, SOUTH YAAMBA"",""STREETS"":""ANDY RD, BIRRAHLEE RD, BISHOP RD, BLANCHE RD, CALMORIN RD, CHIPPENDALE RD, CONNOR RD, COORRUMBURRA RD, CRAIGILEE RD, CRAIGNAUGHT RD, DALMA RIDGELANDS RD, DALMA-RIDGELANDS RD, ELLROTT RD, EVANS RD, FAIRVIEW RD, FARADAY RD, GARNANT RD, GLENROY MARLBOROUGH RD, GLENROY RD, HANSEN RD, HUNTER GULLY RD, LANYON RD, LYTTLE LANE, MARBLE RIDGES RD, MORBANK RD, MORINISH RD, MOSES RD, RIDGELANDS RD, ROFFEY RD, ROSEWOOD RD, SALMON RD, SEYMOUR RD, SOUTH YAAMBA RD, STEWARTS RD"",""START"":1790368117000,""FINISH"":null,""EST_FIX_TIME"":null,""REASON"":""The loss of supply is due to damage requiring emergency repairs. Fault finding is in progress."",""CRC"":""104B72A1"",""EXTRACTED"":1790384105129,""SHAPE__Area"":1562798199.0390625,""SHAPE__Length"":173775.16485769235}"
2026-09-26T02:15:37Z,2026-09-26T12:15:37+10:00,au.qld.ergon,Ergon Energy,au.qld.ergon|unplanned|910932,910932,unplanned,Outage reported,The loss of supply is due to damage requiring emergency repairs.,4,true,ROSEDALE,NEWTONS RD,2026-09-25T10:55:19Z,2026-09-26T03:00:00Z,151.9770469,-24.5197220,Gladstone Regional,3360,https://services.arcgis.com/33eHbTVqo7gtiCE8/arcgis/rest/services/VwErgonOutages/FeatureServer/0,Polygon,"{""type"":""Polygon"",""coordinates"":[[[151.972016383459,-24.5196990024482],[151.971821389991,-24.5192278266193],[151.972226202024,-24.5188862645933],[151.981439708329,-24.5176026762794],[151.981944667419,-24.517830344498],[151.981885608822,-24.5183425449303],[151.978513222353,-24.5219023046399],[151.978059600972,-24.5220513619097],[151.975013759353,-24.5215815366248],[151.974811703273,-24.5215053357062],[151.972016383459,-24.5196990024482]]]}","{""OBJECTID"":910932,""EVENT_ID"":""26WB8884"",""TYPE"":""UNPLANNED"",""STATUS"":""Outage reported"",""CUSTOMERS_AFFECTED"":4,""SUBURBS"":""ROSEDALE"",""STREETS"":""NEWTONS RD"",""START"":1790333719000,""FINISH"":null,""EST_FIX_TIME"":1790391600000,""REASON"":""The loss of supply is due to damage requiring emergency repairs. "",""CRC"":""31FACA35"",""EXTRACTED"":1790386805373,""SHAPE__Area"":358610.83984375,""SHAPE__Length"":2665.0299039580195}"
2026-09-26T02:15:37Z,2026-09-26T12:15:37+10:00,au.qld.ergon,Ergon Energy,au.qld.ergon|unplanned|910751,910751,unplanned,Crews working on-site,The loss of supply is due to fallen power lines.,38,true,"MACKAY, RACECOURSE, TE KOWAI","GIBSONS RD, HILLS RD, MARAJU YAKAPARI RD, NILSSONS RD, TE KOWAI FOULDEN RD",2026-09-25T22:43:21Z,2026-09-26T07:00:00Z,149.1210946,-21.1541273,Mackay Regional,4770,https://services.arcgis.com/33eHbTVqo7gtiCE8/arcgis/rest/services/VwErgonOutages/FeatureServer/0,Polygon,"{""type"":""Polygon"",""coordinates"":[[[149.110018294434,-21.1588425590781],[149.109877432595,-21.1584318123599],[149.110802842746,-21.1538420603575],[149.110810534259,-21.1538102513459],[149.113557107781,-21.1440924725427],[149.113965690439,-21.1437598140649],[149.122809982293,-21.1427766252364],[149.123159974267,-21.1428670539733],[149.129008105575,-21.1470851192895],[149.129147576629,-21.1472455956843],[149.130458176538,-21.1497735930933],[149.13050181183,-21.1499071978177],[149.131539468517,-21.156718916907],[149.131513554472,-21.1569415965504],[149.127982102518,-21.1657576872436],[149.127883884123,-21.1659064621877],[149.127694085049,-21.1660977665954],[149.127176155182,-21.1662141289507],[149.112792389205,-21.1612709285909],[149.112625919043,-21.1611738305607],[149.110018294434,-21.1588425590781]]]}","{""OBJECTID"":910751,""EVENT_ID"":""26MK6055"",""TYPE"":""UNPLANNED"",""STATUS"":""Crews working on-site"",""CUSTOMERS_AFFECTED"":38,""SUBURBS"":""MACKAY, RACECOURSE, TE KOWAI"",""STREETS"":""GIBSONS RD, HILLS RD, MARAJU YAKAPARI RD, NILSSONS RD, TE KOWAI FOULDEN RD"",""START"":1790376201000,""FINISH"":null,""EST_FIX_TIME"":1790406000000,""REASON"":""The loss of supply is due to fallen power lines.  "",""CRC"":""5932F0FE"",""EXTRACTED"":1790382904542,""SHAPE__Area"":4917293.5078125,""SHAPE__Length"":8317.184068545383}"
2026-09-26T02:15:37Z,2026-09-26T12:15:37+10:00,au.qld.ergon,Ergon Energy,au.qld.ergon|unplanned|910782,910782,unplanned,Crews working on-site,The loss of supply is due to damage requiring emergency repairs. Fault finding is in progress.,218,true,"ALTON DOWNS, DALMA, GARNANT, MARLBOROUGH, MORINISH, MORINISH SOUTH, RIDGELANDS, SOUTH YAAMBA","ANDY RD, BIRRAHLEE RD, BISHOP RD, BLANCHE RD, CALMORIN RD, CHIPPENDALE RD, CONNOR RD, COORRUMBURRA RD, CRAIGILEE RD, CRAIGNAUGHT RD, DALMA RIDGELANDS RD, DALMA-RIDGELANDS RD, ELLROTT RD, EVANS RD, FAIRVIEW RD, FARADAY RD, GARNANT RD, GLENROY MARLBOROUGH RD, GLENROY RD, HANSEN RD, HUNTER GULLY RD, LANYON RD, LYTTLE LANE, MARBLE RIDGES RD, MORBANK RD, MORINISH RD, MOSES RD, RIDGELANDS RD, ROFFEY RD, ROSEWOOD RD, SALMON RD, SEYMOUR RD, SOUTH YAAMBA RD, STEWARTS RD",2026-09-25T20:28:37Z,,150.0512105,-23.1729925,Rockhampton Regional,6370,https://services.arcgis.com/33eHbTVqo7gtiCE8/arcgis/rest/services/VwErgonOutages/FeatureServer/0,Polygon,"{""type"":""Polygon"",""coordinates"":[[[149.72294995369,-23.0642457675911],[149.722980892392,-23.0636129014804],[149.773599234975,-23.0201830501765],[149.773982271424,-23.020065209663],[149.916607107102,-23.0340407932747],[149.916689366041,-23.0340555158385],[150.328001088346,-23.1416698487963],[150.328085338399,-23.1416997824666],[150.36871773933,-23.1602836800127],[150.368902318612,-23.1604308878883],[150.386673505586,-23.1841105791787],[150.386723094359,-23.1845410291182],[150.381514115291,-23.1961080690127],[150.381475342073,-23.1961768211169],[150.341718493202,-23.2539154479708],[150.341534778994,-23.254072023744],[150.317498084808,-23.2658058420058],[150.317390056535,-23.2658442279113],[150.250168136483,-23.2815763436006],[150.250137779148,-23.2815824984115],[149.998969415055,-23.3246037318498],[149.998867661252,-23.3246110624772],[149.978640947357,-23.3241089650913],[149.978307345761,-23.3239757558365],[149.956852629882,-23.304003361876],[149.956836985649,-23.3039880998498],[149.72294995369,-23.0642457675911]]]}","{""OBJECTID"":910782,""EVENT_ID"":""26CA10766"",""TYPE"":""UNPLANNED"",""STATUS"":""Crews working on-site"",""CUSTOMERS_AFFECTED"":218,""SUBURBS"":""ALTON DOWNS, DALMA, GARNANT, MARLBOROUGH, MORINISH, MORINISH SOUTH, RIDGELANDS, SOUTH YAAMBA"",""STREETS"":""ANDY RD, BIRRAHLEE RD, BISHOP RD, BLANCHE RD, CALMORIN RD, CHIPPENDALE RD, CONNOR RD, COORRUMBURRA RD, CRAIGILEE RD, CRAIGNAUGHT RD, DALMA RIDGELANDS RD, DALMA-RIDGELANDS RD, ELLROTT RD, EVANS RD, FAIRVIEW RD, FARADAY RD, GARNANT RD, GLENROY MARLBOROUGH RD, GLENROY RD, HANSEN RD, HUNTER GULLY RD, LANYON RD, LYTTLE LANE, MARBLE RIDGES RD, MORBANK RD, MORINISH RD, MOSES RD, RIDGELANDS RD, ROFFEY RD, ROSEWOOD RD, SALMON RD, SEYMOUR RD, SOUTH YAAMBA RD, STEWARTS RD"",""START"":1790368117000,""FINISH"":null,""EST_FIX_TIME"":null,""REASON"":""The loss of supply is due to damage requiring emergency repairs. Fault finding is in progress."",""CRC"":""104B72A1"",""EXTRACTED"":1790384105129,""SHAPE__Area"":1562798199.0390625,""SHAPE__Length"":173775.16485769235}"
2026-09-26T02:30:49Z,2026-09-26T12:30:49+10:00,au.qld.energex,Energex,au.qld.energex|unplanned|INCD-983673-g,INCD-983673-g,unplanned,Awaiting,Emergency Repairs,108,true,BUDDINA,"BARELLAN AVE, BELTANA CRES, MAWARRA ST, MINYA ST, OOMOO ST, POINT CARTWRIGHT DR",2026-09-26T02:15:45Z,2026-09-26T04:30:00Z,153.1313035,-26.6925402,Sunshine Coast Regional,6720,https://services.arcgis.com/bfVzktoY0OhzQCDj/ArcGIS/rest/services/VwEnergexOutages/FeatureServer/0,Polygon,"{""type"":""Polygon"",""coordinates"":[[[153.128819483088,-26.6932625034162],[153.128851839794,-26.6927297065019],[153.131124552653,-26.6902398020705],[153.131329430291,-26.6901058464652],[153.131841548398,-26.6899251174423],[153.132333136625,-26.6899884262053],[153.132513615857,-26.6901140261373],[153.132551689303,-26.6901433671717],[153.132991989381,-26.6905185257106],[153.133147550634,-26.6908765171866],[153.132972681562,-26.6931995083193],[153.132952789267,-26.6932982973978],[153.132433485217,-26.6948593790202],[153.13168495079,-26.6951126272954],[153.12920348587,-26.6937152420697],[153.129049442731,-26.6935793135976],[153.128819483088,-26.6932625034162]]]}","{""OBJECTID"":413295,""EVENT_ID"":""INCD-983673-g"",""TYPE"":""UNPLANNED"",""STATUS"":""Awaiting"",""CUSTOMERS_AFFECTED"":108,""SUBURBS"":""BUDDINA"",""STREETS"":""BARELLAN AVE, BELTANA CRES, MAWARRA ST, MINYA ST, OOMOO ST, POINT CARTWRIGHT DR"",""START"":1790388945411,""FINISH"":null,""EST_FIX_TIME"":1790397000000,""REASON"":""Emergency Repairs"",""CRC"":""15DC2114"",""EXTRACTED"":1790389205006,""SHAPE__Area"":205432.21875,""SHAPE__Length"":1750.584031315687}"
2026-09-26T02:30:49Z,2026-09-26T12:30:49+10:00,au.qld.ergon,Ergon Energy,au.qld.ergon|unplanned|910751,910751,unplanned,Crews working on-site,The loss of supply is due to fallen power lines.,38,true,"MACKAY, RACECOURSE, TE KOWAI","GIBSONS RD, HILLS RD, MARAJU YAKAPARI RD, NILSSONS RD, TE KOWAI FOULDEN RD",2026-09-25T22:43:21Z,2026-09-26T07:00:00Z,149.1210946,-21.1541273,Mackay Regional,4770,https://services.arcgis.com/33eHbTVqo7gtiCE8/arcgis/rest/services/VwErgonOutages/FeatureServer/0,Polygon,"{""type"":""Polygon"",""coordinates"":[[[149.110018294434,-21.1588425590781],[149.109877432595,-21.1584318123599],[149.110802842746,-21.1538420603575],[149.110810534259,-21.1538102513459],[149.113557107781,-21.1440924725427],[149.113965690439,-21.1437598140649],[149.122809982293,-21.1427766252364],[149.123159974267,-21.1428670539733],[149.129008105575,-21.1470851192895],[149.129147576629,-21.1472455956843],[149.130458176538,-21.1497735930933],[149.13050181183,-21.1499071978177],[149.131539468517,-21.156718916907],[149.131513554472,-21.1569415965504],[149.127982102518,-21.1657576872436],[149.127883884123,-21.1659064621877],[149.127694085049,-21.1660977665954],[149.127176155182,-21.1662141289507],[149.112792389205,-21.1612709285909],[149.112625919043,-21.1611738305607],[149.110018294434,-21.1588425590781]]]}","{""OBJECTID"":910751,""EVENT_ID"":""26MK6055"",""TYPE"":""UNPLANNED"",""STATUS"":""Crews working on-site"",""CUSTOMERS_AFFECTED"":38,""SUBURBS"":""MACKAY, RACECOURSE, TE KOWAI"",""STREETS"":""GIBSONS RD, HILLS RD, MARAJU YAKAPARI RD, NILSSONS RD, TE KOWAI FOULDEN RD"",""START"":1790376201000,""FINISH"":null,""EST_FIX_TIME"":1790406000000,""REASON"":""The loss of supply is due to fallen power lines.  "",""CRC"":""5932F0FE"",""EXTRACTED"":1790382904542,""SHAPE__Area"":4917293.5078125,""SHAPE__Length"":8317.184068545383}"
2026-09-26T02:30:49Z,2026-09-26T12:30:49+10:00,au.qld.ergon,Ergon Energy,au.qld.ergon|unplanned|910782,910782,unplanned,Crews working on-site,The loss of supply is due to damage requiring emergency repairs. Fault finding is in progress.,218,true,"ALTON DOWNS, DALMA, GARNANT, MARLBOROUGH, MORINISH, MORINISH SOUTH, RIDGELANDS, SOUTH YAAMBA","ANDY RD, BIRRAHLEE RD, BISHOP RD, BLANCHE RD, CALMORIN RD, CHIPPENDALE RD, CONNOR RD, COORRUMBURRA RD, CRAIGILEE RD, CRAIGNAUGHT RD, DALMA RIDGELANDS RD, DALMA-RIDGELANDS RD, ELLROTT RD, EVANS RD, FAIRVIEW RD, FARADAY RD, GARNANT RD, GLENROY MARLBOROUGH RD, GLENROY RD, HANSEN RD, HUNTER GULLY RD, LANYON RD, LYTTLE LANE, MARBLE RIDGES RD, MORBANK RD, MORINISH RD, MOSES RD, RIDGELANDS RD, ROFFEY RD, ROSEWOOD RD, SALMON RD, SEYMOUR RD, SOUTH YAAMBA RD, STEWARTS RD",2026-09-25T20:28:37Z,,150.0512105,-23.1729925,Rockhampton Regional,6370,https://services.arcgis.com/33eHbTVqo7gtiCE8/arcgis/rest/services/VwErgonOutages/FeatureServer/0,Polygon,"{""type"":""Polygon"",""coordinates"":[[[149.72294995369,-23.0642457675911],[149.722980892392,-23.0636129014804],[149.773599234975,-23.0201830501765],[149.773982271424,-23.020065209663],[149.916607107102,-23.0340407932747],[149.916689366041,-23.0340555158385],[150.328001088346,-23.1416698487963],[150.328085338399,-23.1416997824666],[150.36871773933,-23.1602836800127],[150.368902318612,-23.1604308878883],[150.386673505586,-23.1841105791787],[150.386723094359,-23.1845410291182],[150.381514115291,-23.1961080690127],[150.381475342073,-23.1961768211169],[150.341718493202,-23.2539154479708],[150.341534778994,-23.254072023744],[150.317498084808,-23.2658058420058],[150.317390056535,-23.2658442279113],[150.250168136483,-23.2815763436006],[150.250137779148,-23.2815824984115],[149.998969415055,-23.3246037318498],[149.998867661252,-23.3246110624772],[149.978640947357,-23.3241089650913],[149.978307345761,-23.3239757558365],[149.956852629882,-23.304003361876],[149.956836985649,-23.3039880998498],[149.72294995369,-23.0642457675911]]]}","{""OBJECTID"":910782,""EVENT_ID"":""26CA10766"",""TYPE"":""UNPLANNED"",""STATUS"":""Crews working on-site"",""CUSTOMERS_AFFECTED"":218,""SUBURBS"":""ALTON DOWNS, DALMA, GARNANT, MARLBOROUGH, MORINISH, MORINISH SOUTH, RIDGELANDS, SOUTH YAAMBA"",""STREETS"":""ANDY RD, BIRRAHLEE RD, BISHOP RD, BLANCHE RD, CALMORIN RD, CHIPPENDALE RD, CONNOR RD, COORRUMBURRA RD, CRAIGILEE RD, CRAIGNAUGHT RD, DALMA RIDGELANDS RD, DALMA-RIDGELANDS RD, ELLROTT RD, EVANS RD, FAIRVIEW RD, FARADAY RD, GARNANT RD, GLENROY MARLBOROUGH RD, GLENROY RD, HANSEN RD, HUNTER GULLY RD, LANYON RD, LYTTLE LANE, MARBLE RIDGES RD, MORBANK RD, MORINISH RD, MOSES RD, RIDGELANDS RD, ROFFEY RD, ROSEWOOD RD, SALMON RD, SEYMOUR RD, SOUTH YAAMBA RD, STEWARTS RD"",""START"":1790368117000,""FINISH"":null,""EST_FIX_TIME"":null,""REASON"":""The loss of supply is due to damage requiring emergency repairs. Fault finding is in progress."",""CRC"":""104B72A1"",""EXTRACTED"":1790384105129,""SHAPE__Area"":1562798199.0390625,""SHAPE__Length"":173775.16485769235}"
2026-09-26T02:45:37Z,2026-09-26T12:45:37+10:00,au.qld.energex,Energex,au.qld.energex|unplanned|INCD-983673-g,INCD-983673-g,unplanned,Awaiting,Emergency Repairs,108,true,BUDDINA,"BARELLAN AVE, BELTANA CRES, MAWARRA ST, MINYA ST, OOMOO ST, POINT CARTWRIGHT DR",2026-09-26T02:15:45Z,2026-09-26T04:30:00Z,153.1313035,-26.6925402,Sunshine Coast Regional,6720,https://services.arcgis.com/bfVzktoY0OhzQCDj/ArcGIS/rest/services/VwEnergexOutages/FeatureServer/0,Polygon,"{""type"":""Polygon"",""coordinates"":[[[153.128819483088,-26.6932625034162],[153.128851839794,-26.6927297065019],[153.131124552653,-26.6902398020705],[153.131329430291,-26.6901058464652],[153.131841548398,-26.6899251174423],[153.132333136625,-26.6899884262053],[153.132513615857,-26.6901140261373],[153.132551689303,-26.6901433671717],[153.132991989381,-26.6905185257106],[153.133147550634,-26.6908765171866],[153.132972681562,-26.6931995083193],[153.132952789267,-26.6932982973978],[153.132433485217,-26.6948593790202],[153.13168495079,-26.6951126272954],[153.12920348587,-26.6937152420697],[153.129049442731,-26.6935793135976],[153.128819483088,-26.6932625034162]]]}","{""OBJECTID"":413295,""EVENT_ID"":""INCD-983673-g"",""TYPE"":""UNPLANNED"",""STATUS"":""Awaiting"",""CUSTOMERS_AFFECTED"":108,""SUBURBS"":""BUDDINA"",""STREETS"":""BARELLAN AVE, BELTANA CRES, MAWARRA ST, MINYA ST, OOMOO ST, POINT CARTWRIGHT DR"",""START"":1790388945411,""FINISH"":null,""EST_FIX_TIME"":1790397000000,""REASON"":""Emergency Repairs"",""CRC"":""15DC2114"",""EXTRACTED"":1790389205006,""SHAPE__Area"":205432.21875,""SHAPE__Length"":1750.584031315687}"
2026-09-26T02:45:37Z,2026-09-26T12:45:37+10:00,au.qld.ergon,Ergon Energy,au.qld.ergon|unplanned|910751,910751,unplanned,Crews working on-site,The loss of supply is due to fallen power lines.,38,true,"MACKAY, RACECOURSE, TE KOWAI","GIBSONS RD, HILLS RD, MARAJU YAKAPARI RD, NILSSONS RD, TE KOWAI FOULDEN RD",2026-09-25T22:43:21Z,2026-09-26T07:00:00Z,149.1210946,-21.1541273,Mackay Regional,4770,https://services.arcgis.com/33eHbTVqo7gtiCE8/arcgis/rest/services/VwErgonOutages/FeatureServer/0,Polygon,"{""type"":""Polygon"",""coordinates"":[[[149.110018294434,-21.1588425590781],[149.109877432595,-21.1584318123599],[149.110802842746,-21.1538420603575],[149.110810534259,-21.1538102513459],[149.113557107781,-21.1440924725427],[149.113965690439,-21.1437598140649],[149.122809982293,-21.1427766252364],[149.123159974267,-21.1428670539733],[149.129008105575,-21.1470851192895],[149.129147576629,-21.1472455956843],[149.130458176538,-21.1497735930933],[149.13050181183,-21.1499071978177],[149.131539468517,-21.156718916907],[149.131513554472,-21.1569415965504],[149.127982102518,-21.1657576872436],[149.127883884123,-21.1659064621877],[149.127694085049,-21.1660977665954],[149.127176155182,-21.1662141289507],[149.112792389205,-21.1612709285909],[149.112625919043,-21.1611738305607],[149.110018294434,-21.1588425590781]]]}","{""OBJECTID"":910751,""EVENT_ID"":""26MK6055"",""TYPE"":""UNPLANNED"",""STATUS"":""Crews working on-site"",""CUSTOMERS_AFFECTED"":38,""SUBURBS"":""MACKAY, RACECOURSE, TE KOWAI"",""STREETS"":""GIBSONS RD, HILLS RD, MARAJU YAKAPARI RD, NILSSONS RD, TE KOWAI FOULDEN RD"",""START"":1790376201000,""FINISH"":null,""EST_FIX_TIME"":1790406000000,""REASON"":""The loss of supply is due to fallen power lines.  "",""CRC"":""5932F0FE"",""EXTRACTED"":1790382904542,""SHAPE__Area"":4917293.5078125,""SHAPE__Length"":8317.184068545383}"
2026-09-26T03:00:59Z,2026-09-26T13:00:59+10:00,au.qld.energex,Energex,au.qld.energex|unplanned|INCD-983673-g,INCD-983673-g,unplanned,Awaiting,Emergency Repairs,108,true,BUDDINA,"BARELLAN AVE, BELTANA CRES, MAWARRA ST, MINYA ST, OOMOO ST, POINT CARTWRIGHT DR",2026-09-26T02:15:45Z,2026-09-26T04:30:00Z,153.1313035,-26.6925402,Sunshine Coast Regional,6720,https://services.arcgis.com/bfVzktoY0OhzQCDj/ArcGIS/rest/services/VwEnergexOutages/FeatureServer/0,Polygon,"{""type"":""Polygon"",""coordinates"":[[[153.128819483088,-26.6932625034162],[153.128851839794,-26.6927297065019],[153.131124552653,-26.6902398020705],[153.131329430291,-26.6901058464652],[153.131841548398,-26.6899251174423],[153.132333136625,-26.6899884262053],[153.132513615857,-26.6901140261373],[153.132551689303,-26.6901433671717],[153.132991989381,-26.6905185257106],[153.133147550634,-26.6908765171866],[153.132972681562,-26.6931995083193],[153.132952789267,-26.6932982973978],[153.132433485217,-26.6948593790202],[153.13168495079,-26.6951126272954],[153.12920348587,-26.6937152420697],[153.129049442731,-26.6935793135976],[153.128819483088,-26.6932625034162]]]}","{""OBJECTID"":413295,""EVENT_ID"":""INCD-983673-g"",""TYPE"":""UNPLANNED"",""STATUS"":""Awaiting"",""CUSTOMERS_AFFECTED"":108,""SUBURBS"":""BUDDINA"",""STREETS"":""BARELLAN AVE, BELTANA CRES, MAWARRA ST, MINYA ST, OOMOO ST, POINT CARTWRIGHT DR"",""START"":1790388945411,""FINISH"":null,""EST_FIX_TIME"":1790397000000,""REASON"":""Emergency Repairs"",""CRC"":""15DC2114"",""EXTRACTED"":1790389205006,""SHAPE__Area"":205432.21875,""SHAPE__Length"":1750.584031315687}"
2026-09-26T03:00:59Z,2026-09-26T13:00:59+10:00,au.qld.ergon,Ergon Energy,au.qld.ergon|unplanned|910751,910751,unplanned,Crews working on-site,The loss of supply is due to fallen power lines.,38,true,"MACKAY, RACECOURSE, TE KOWAI","GIBSONS RD, HILLS RD, MARAJU YAKAPARI RD, NILSSONS RD, TE KOWAI FOULDEN RD",2026-09-25T22:43:21Z,2026-09-26T07:00:00Z,149.1210946,-21.1541273,Mackay Regional,4770,https://services.arcgis.com/33eHbTVqo7gtiCE8/arcgis/rest/services/VwErgonOutages/FeatureServer/0,Polygon,"{""type"":""Polygon"",""coordinates"":[[[149.110018294434,-21.1588425590781],[149.109877432595,-21.1584318123599],[149.110802842746,-21.1538420603575],[149.110810534259,-21.1538102513459],[149.113557107781,-21.1440924725427],[149.113965690439,-21.1437598140649],[149.122809982293,-21.1427766252364],[149.123159974267,-21.1428670539733],[149.129008105575,-21.1470851192895],[149.129147576629,-21.1472455956843],[149.130458176538,-21.1497735930933],[149.13050181183,-21.1499071978177],[149.131539468517,-21.156718916907],[149.131513554472,-21.1569415965504],[149.127982102518,-21.1657576872436],[149.127883884123,-21.1659064621877],[149.127694085049,-21.1660977665954],[149.127176155182,-21.1662141289507],[149.112792389205,-21.1612709285909],[149.112625919043,-21.1611738305607],[149.110018294434,-21.1588425590781]]]}","{""OBJECTID"":910751,""EVENT_ID"":""26MK6055"",""TYPE"":""UNPLANNED"",""STATUS"":""Crews working on-site"",""CUSTOMERS_AFFECTED"":38,""SUBURBS"":""MACKAY, RACECOURSE, TE KOWAI"",""STREETS"":""GIBSONS RD, HILLS RD, MARAJU YAKAPARI RD, NILSSONS RD, TE KOWAI FOULDEN RD"",""START"":1790376201000,""FINISH"":null,""EST_FIX_TIME"":1790406000000,""REASON"":""The loss of supply is due to fallen power lines.  "",""CRC"":""5932F0FE"",""EXTRACTED"":1790382904542,""SHAPE__Area"":4917293.5078125,""SHAPE__Length"":8317.184068545383}"
2026-09-26T03:15:40Z,2026-09-26T13:15:40+10:00,au.qld.energex,Energex,au.qld.energex|unplanned|INCD-983681-g,INCD-983681-g,unplanned,In Progress,Under Investigation,76,true,TAMBORINE,"ALBERT RIVER PL, CARLIE CT, CLUTHA CREEK RD, MUNSTERVALE RD, SUNDOWN CT, WATERFORD-TAMBORINE RD, YORE RD",2026-09-26T03:14:40Z,2026-09-26T05:30:00Z,153.1127353,-27.8702302,Scenic Rim Regional,6510,https://services.arcgis.com/bfVzktoY0OhzQCDj/ArcGIS/rest/services/VwEnergexOutages/FeatureServer/0,Polygon,"{""type"":""Polygon"",""coordinates"":[[[153.096479764239,-27.8696528230173],[153.096359236942,-27.8691776285078],[153.09723757511,-27.8670276317598],[153.097404420394,-27.8668245099905],[153.114606178485,-27.8550085366958],[153.115293016881,-27.8550624783854],[153.122025471767,-27.8616619195856],[153.122146238587,-27.8618722240744],[153.125510812175,-27.8760895116591],[153.125411870039,-27.876462719155],[153.118515411531,-27.8841967590035],[153.118371578171,-27.8843071692529],[153.116986925479,-27.88501867145],[153.116564685831,-27.8850539262646],[153.112747232186,-27.8838657325827],[153.112558279752,-27.8837609425896],[153.096479764239,-27.8696528230173]]]}","{""OBJECTID"":413296,""EVENT_ID"":""INCD-983681-g"",""TYPE"":""UNPLANNED"",""STATUS"":""Awaiting"",""CUSTOMERS_AFFECTED"":76,""SUBURBS"":""TAMBORINE"",""STREETS"":""ALBERT RIVER PL, CARLIE CT, CLUTHA CREEK RD, MUNSTERVALE RD, SUNDOWN CT, WATERFORD-TAMBORINE RD, YORE RD"",""START"":1790392480899,""FINISH"":null,""EST_FIX_TIME"":1790400600000,""REASON"":""Under Investigation"",""CRC"":""3A51F8BB"",""EXTRACTED"":1790392504480,""SHAPE__Area"":7256012.046875,""SHAPE__Length"":10392.727714326735}"
2026-09-26T03:15:40Z,2026-09-26T13:15:40+10:00,au.qld.energex,Energex,au.qld.energex|unplanned|INCD-983673-g,INCD-983673-g,unplanned,Awaiting,Emergency Repairs,108,true,BUDDINA,"BARELLAN AVE, BELTANA CRES, MAWARRA ST, MINYA ST, OOMOO ST, POINT CARTWRIGHT DR",2026-09-26T02:15:45Z,2026-09-26T04:30:00Z,153.1313035,-26.6925402,Sunshine Coast Regional,6720,https://services.arcgis.com/bfVzktoY0OhzQCDj/ArcGIS/rest/services/VwEnergexOutages/FeatureServer/0,Polygon,"{""type"":""Polygon"",""coordinates"":[[[153.128819483088,-26.6932625034162],[153.128851839794,-26.6927297065019],[153.131124552653,-26.6902398020705],[153.131329430291,-26.6901058464652],[153.131841548398,-26.6899251174423],[153.132333136625,-26.6899884262053],[153.132513615857,-26.6901140261373],[153.132551689303,-26.6901433671717],[153.132991989381,-26.6905185257106],[153.133147550634,-26.6908765171866],[153.132972681562,-26.6931995083193],[153.132952789267,-26.6932982973978],[153.132433485217,-26.6948593790202],[153.13168495079,-26.6951126272954],[153.12920348587,-26.6937152420697],[153.129049442731,-26.6935793135976],[153.128819483088,-26.6932625034162]]]}","{""OBJECTID"":413295,""EVENT_ID"":""INCD-983673-g"",""TYPE"":""UNPLANNED"",""STATUS"":""Awaiting"",""CUSTOMERS_AFFECTED"":108,""SUBURBS"":""BUDDINA"",""STREETS"":""BARELLAN AVE, BELTANA CRES, MAWARRA ST, MINYA ST, OOMOO ST, POINT CARTWRIGHT DR"",""START"":1790388945411,""FINISH"":null,""EST_FIX_TIME"":1790397000000,""REASON"":""Emergency Repairs"",""CRC"":""15DC2114"",""EXTRACTED"":1790389205006,""SHAPE__Area"":205432.21875,""SHAPE__Length"":1750.584031315687}"
2026-09-26T03:15:40Z,2026-09-26T13:15:40+10:00,au.qld.ergon,Ergon Energy,au.qld.ergon|unplanned|910751,910751,unplanned,Crews working on-site,The loss of supply is due to fallen power lines.,38,true,"MACKAY, RACECOURSE, TE KOWAI","GIBSONS RD, HILLS RD, MARAJU YAKAPARI RD, NILSSONS RD, TE KOWAI FOULDEN RD",2026-09-25T22:43:21Z,2026-09-26T07:00:00Z,149.1210946,-21.1541273,Mackay Regional,4770,https://services.arcgis.com/33eHbTVqo7gtiCE8/arcgis/rest/services/VwErgonOutages/FeatureServer/0,Polygon,"{""type"":""Polygon"",""coordinates"":[[[149.110018294434,-21.1588425590781],[149.109877432595,-21.1584318123599],[149.110802842746,-21.1538420603575],[149.110810534259,-21.1538102513459],[149.113557107781,-21.1440924725427],[149.113965690439,-21.1437598140649],[149.122809982293,-21.1427766252364],[149.123159974267,-21.1428670539733],[149.129008105575,-21.1470851192895],[149.129147576629,-21.1472455956843],[149.130458176538,-21.1497735930933],[149.13050181183,-21.1499071978177],[149.131539468517,-21.156718916907],[149.131513554472,-21.1569415965504],[149.127982102518,-21.1657576872436],[149.127883884123,-21.1659064621877],[149.127694085049,-21.1660977665954],[149.127176155182,-21.1662141289507],[149.112792389205,-21.1612709285909],[149.112625919043,-21.1611738305607],[149.110018294434,-21.1588425590781]]]}","{""OBJECTID"":910751,""EVENT_ID"":""26MK6055"",""TYPE"":""UNPLANNED"",""STATUS"":""Crews working on-site"",""CUSTOMERS_AFFECTED"":38,""SUBURBS"":""MACKAY, RACECOURSE, TE KOWAI"",""STREETS"":""GIBSONS RD, HILLS RD, MARAJU YAKAPARI RD, NILSSONS RD, TE KOWAI FOULDEN RD"",""START"":1790376201000,""FINISH"":null,""EST_FIX_TIME"":1790406000000,""REASON"":""The loss of supply is due to fallen power lines.  "",""CRC"":""5932F0FE"",""EXTRACTED"":1790382904542,""SHAPE__Area"":4917293.5078125,""SHAPE__Length"":8317.184068545383}"
2026-09-26T03:30:49Z,2026-09-26T13:30:49+10:00,au.qld.energex,Energex,au.qld.energex|unplanned|INCD-983681-g,INCD-983681-g,unplanned,In Progress,Under Investigation,76,true,TAMBORINE,"ALBERT RIVER PL, CARLIE CT, CLUTHA CREEK RD, MUNSTERVALE RD, SUNDOWN CT, WATERFORD-TAMBORINE RD, YORE RD",2026-09-26T03:14:40Z,2026-09-26T05:30:00Z,153.1127353,-27.8702302,Scenic Rim Regional,6510,https://services.arcgis.com/bfVzktoY0OhzQCDj/ArcGIS/rest/services/VwEnergexOutages/FeatureServer/0,Polygon,"{""type"":""Polygon"",""coordinates"":[[[153.096479764239,-27.8696528230173],[153.096359236942,-27.8691776285078],[153.09723757511,-27.8670276317598],[153.097404420394,-27.8668245099905],[153.114606178485,-27.8550085366958],[153.115293016881,-27.8550624783854],[153.122025471767,-27.8616619195856],[153.122146238587,-27.8618722240744],[153.125510812175,-27.8760895116591],[153.125411870039,-27.876462719155],[153.118515411531,-27.8841967590035],[153.118371578171,-27.8843071692529],[153.116986925479,-27.88501867145],[153.116564685831,-27.8850539262646],[153.112747232186,-27.8838657325827],[153.112558279752,-27.8837609425896],[153.096479764239,-27.8696528230173]]]}","{""OBJECTID"":413296,""EVENT_ID"":""INCD-983681-g"",""TYPE"":""UNPLANNED"",""STATUS"":""In Progress"",""CUSTOMERS_AFFECTED"":76,""SUBURBS"":""TAMBORINE"",""STREETS"":""ALBERT RIVER PL, CARLIE CT, CLUTHA CREEK RD, MUNSTERVALE RD, SUNDOWN CT, WATERFORD-TAMBORINE RD, YORE RD"",""START"":1790392480899,""FINISH"":null,""EST_FIX_TIME"":1790400600000,""REASON"":""Under Investigation"",""CRC"":""3146FC5A"",""EXTRACTED"":1790393414389,""SHAPE__Area"":7256012.046875,""SHAPE__Length"":10392.727714326735}"
2026-09-26T03:30:49Z,2026-09-26T13:30:49+10:00,au.qld.energex,Energex,au.qld.energex|unplanned|INCD-983673-g,INCD-983673-g,unplanned,Awaiting,Emergency Repairs,108,true,BUDDINA,"BARELLAN AVE, BELTANA CRES, MAWARRA ST, MINYA ST, OOMOO ST, POINT CARTWRIGHT DR",2026-09-26T02:15:45Z,2026-09-26T04:30:00Z,153.1313035,-26.6925402,Sunshine Coast Regional,6720,https://services.arcgis.com/bfVzktoY0OhzQCDj/ArcGIS/rest/services/VwEnergexOutages/FeatureServer/0,Polygon,"{""type"":""Polygon"",""coordinates"":[[[153.128819483088,-26.6932625034162],[153.128851839794,-26.6927297065019],[153.131124552653,-26.6902398020705],[153.131329430291,-26.6901058464652],[153.131841548398,-26.6899251174423],[153.132333136625,-26.6899884262053],[153.132513615857,-26.6901140261373],[153.132551689303,-26.6901433671717],[153.132991989381,-26.6905185257106],[153.133147550634,-26.6908765171866],[153.132972681562,-26.6931995083193],[153.132952789267,-26.6932982973978],[153.132433485217,-26.6948593790202],[153.13168495079,-26.6951126272954],[153.12920348587,-26.6937152420697],[153.129049442731,-26.6935793135976],[153.128819483088,-26.6932625034162]]]}","{""OBJECTID"":413295,""EVENT_ID"":""INCD-983673-g"",""TYPE"":""UNPLANNED"",""STATUS"":""Awaiting"",""CUSTOMERS_AFFECTED"":108,""SUBURBS"":""BUDDINA"",""STREETS"":""BARELLAN AVE, BELTANA CRES, MAWARRA ST, MINYA ST, OOMOO ST, POINT CARTWRIGHT DR"",""START"":1790388945411,""FINISH"":null,""EST_FIX_TIME"":1790397000000,""REASON"":""Emergency Repairs"",""CRC"":""15DC2114"",""EXTRACTED"":1790389205006,""SHAPE__Area"":205432.21875,""SHAPE__Length"":1750.584031315687}"
2026-09-26T03:30:49Z,2026-09-26T13:30:49+10:00,au.qld.ergon,Ergon Energy,au.qld.ergon|unplanned|910751,910751,unplanned,Crews working on-site,The loss of supply is due to fallen power lines.,38,true,"MACKAY, RACECOURSE, TE KOWAI","GIBSONS RD, HILLS RD, MARAJU YAKAPARI RD, NILSSONS RD, TE KOWAI FOULDEN RD",2026-09-25T22:43:21Z,2026-09-26T07:00:00Z,149.1210946,-21.1541273,Mackay Regional,4770,https://services.arcgis.com/33eHbTVqo7gtiCE8/arcgis/rest/services/VwErgonOutages/FeatureServer/0,Polygon,"{""type"":""Polygon"",""coordinates"":[[[149.110018294434,-21.1588425590781],[149.109877432595,-21.1584318123599],[149.110802842746,-21.1538420603575],[149.110810534259,-21.1538102513459],[149.113557107781,-21.1440924725427],[149.113965690439,-21.1437598140649],[149.122809982293,-21.1427766252364],[149.123159974267,-21.1428670539733],[149.129008105575,-21.1470851192895],[149.129147576629,-21.1472455956843],[149.130458176538,-21.1497735930933],[149.13050181183,-21.1499071978177],[149.131539468517,-21.156718916907],[149.131513554472,-21.1569415965504],[149.127982102518,-21.1657576872436],[149.127883884123,-21.1659064621877],[149.127694085049,-21.1660977665954],[149.127176155182,-21.1662141289507],[149.112792389205,-21.1612709285909],[149.112625919043,-21.1611738305607],[149.110018294434,-21.1588425590781]]]}","{""OBJECTID"":910751,""EVENT_ID"":""26MK6055"",""TYPE"":""UNPLANNED"",""STATUS"":""Crews working on-site"",""CUSTOMERS_AFFECTED"":38,""SUBURBS"":""MACKAY, RACECOURSE, TE KOWAI"",""STREETS"":""GIBSONS RD, HILLS RD, MARAJU YAKAPARI RD, NILSSONS RD, TE KOWAI FOULDEN RD"",""START"":1790376201000,""FINISH"":null,""EST_FIX_TIME"":1790406000000,""REASON"":""The loss of supply is due to fallen power lines.  "",""CRC"":""5932F0FE"",""EXTRACTED"":1790382904542,""SHAPE__Area"":4917293.5078125,""SHAPE__Length"":8317.184068545383}"
2026-09-26T03:45:40Z,2026-09-26T13:45:40+10:00,au.qld.energex,Energex,au.qld.energex|unplanned|INCD-983681-g,INCD-983681-g,unplanned,In Progress,Under Investigation,76,true,TAMBORINE,"ALBERT RIVER PL, CARLIE CT, CLUTHA CREEK RD, MUNSTERVALE RD, SUNDOWN CT, WATERFORD-TAMBORINE RD, YORE RD",2026-09-26T03:14:40Z,2026-09-26T05:30:00Z,153.1127353,-27.8702302,Scenic Rim Regional,6510,https://services.arcgis.com/bfVzktoY0OhzQCDj/ArcGIS/rest/services/VwEnergexOutages/FeatureServer/0,Polygon,"{""type"":""Polygon"",""coordinates"":[[[153.096479764239,-27.8696528230173],[153.096359236942,-27.8691776285078],[153.09723757511,-27.8670276317598],[153.097404420394,-27.8668245099905],[153.114606178485,-27.8550085366958],[153.115293016881,-27.8550624783854],[153.122025471767,-27.8616619195856],[153.122146238587,-27.8618722240744],[153.125510812175,-27.8760895116591],[153.125411870039,-27.876462719155],[153.118515411531,-27.8841967590035],[153.118371578171,-27.8843071692529],[153.116986925479,-27.88501867145],[153.116564685831,-27.8850539262646],[153.112747232186,-27.8838657325827],[153.112558279752,-27.8837609425896],[153.096479764239,-27.8696528230173]]]}","{""OBJECTID"":413296,""EVENT_ID"":""INCD-983681-g"",""TYPE"":""UNPLANNED"",""STATUS"":""In Progress"",""CUSTOMERS_AFFECTED"":76,""SUBURBS"":""TAMBORINE"",""STREETS"":""ALBERT RIVER PL, CARLIE CT, CLUTHA CREEK RD, MUNSTERVALE RD, SUNDOWN CT, WATERFORD-TAMBORINE RD, YORE RD"",""START"":1790392480899,""FINISH"":null,""EST_FIX_TIME"":1790400600000,""REASON"":""Under Investigation"",""CRC"":""3146FC5A"",""EXTRACTED"":1790393414389,""SHAPE__Area"":7256012.046875,""SHAPE__Length"":10392.727714326735}"
2026-09-26T03:45:40Z,2026-09-26T13:45:40+10:00,au.qld.energex,Energex,au.qld.energex|unplanned|INCD-983673-g,INCD-983673-g,unplanned,Awaiting,Emergency Repairs,108,true,BUDDINA,"BARELLAN AVE, BELTANA CRES, MAWARRA ST, MINYA ST, OOMOO ST, POINT CARTWRIGHT DR",2026-09-26T02:15:45Z,2026-09-26T04:30:00Z,153.1313035,-26.6925402,Sunshine Coast Regional,6720,https://services.arcgis.com/bfVzktoY0OhzQCDj/ArcGIS/rest/services/VwEnergexOutages/FeatureServer/0,Polygon,"{""type"":""Polygon"",""coordinates"":[[[153.128819483088,-26.6932625034162],[153.128851839794,-26.6927297065019],[153.131124552653,-26.6902398020705],[153.131329430291,-26.6901058464652],[153.131841548398,-26.6899251174423],[153.132333136625,-26.6899884262053],[153.132513615857,-26.6901140261373],[153.132551689303,-26.6901433671717],[153.132991989381,-26.6905185257106],[153.133147550634,-26.6908765171866],[153.132972681562,-26.6931995083193],[153.132952789267,-26.6932982973978],[153.132433485217,-26.6948593790202],[153.13168495079,-26.6951126272954],[153.12920348587,-26.6937152420697],[153.129049442731,-26.6935793135976],[153.128819483088,-26.6932625034162]]]}","{""OBJECTID"":413295,""EVENT_ID"":""INCD-983673-g"",""TYPE"":""UNPLANNED"",""STATUS"":""Awaiting"",""CUSTOMERS_AFFECTED"":108,""SUBURBS"":""BUDDINA"",""STREETS"":""BARELLAN AVE, BELTANA CRES, MAWARRA ST, MINYA ST, OOMOO ST, POINT CARTWRIGHT DR"",""START"":1790388945411,""FINISH"":null,""EST_FIX_TIME"":1790397000000,""REASON"":""Emergency Repairs"",""CRC"":""15DC2114"",""EXTRACTED"":1790389205006,""SHAPE__Area"":205432.21875,""SHAPE__Length"":1750.584031315687}"
2026-09-26T03:45:40Z,2026-09-26T13:45:40+10:00,au.qld.ergon,Ergon Energy,au.qld.ergon|unplanned|910751,910751,unplanned,Crews working on-site,The loss of supply is due to fallen power lines.,38,true,"MACKAY, RACECOURSE, TE KOWAI","GIBSONS RD, HILLS RD, MARAJU YAKAPARI RD, NILSSONS RD, TE KOWAI FOULDEN RD",2026-09-25T22:43:21Z,2026-09-26T07:00:00Z,149.1210946,-21.1541273,Mackay Regional,4770,https://services.arcgis.com/33eHbTVqo7gtiCE8/arcgis/rest/services/VwErgonOutages/FeatureServer/0,Polygon,"{""type"":""Polygon"",""coordinates"":[[[149.110018294434,-21.1588425590781],[149.109877432595,-21.1584318123599],[149.110802842746,-21.1538420603575],[149.110810534259,-21.1538102513459],[149.113557107781,-21.1440924725427],[149.113965690439,-21.1437598140649],[149.122809982293,-21.1427766252364],[149.123159974267,-21.1428670539733],[149.129008105575,-21.1470851192895],[149.129147576629,-21.1472455956843],[149.130458176538,-21.1497735930933],[149.13050181183,-21.1499071978177],[149.131539468517,-21.156718916907],[149.131513554472,-21.1569415965504],[149.127982102518,-21.1657576872436],[149.127883884123,-21.1659064621877],[149.127694085049,-21.1660977665954],[149.127176155182,-21.1662141289507],[149.112792389205,-21.1612709285909],[149.112625919043,-21.1611738305607],[149.110018294434,-21.1588425590781]]]}","{""OBJECTID"":910751,""EVENT_ID"":""26MK6055"",""TYPE"":""UNPLANNED"",""STATUS"":""Crews working on-site"",""CUSTOMERS_AFFECTED"":38,""SUBURBS"":""MACKAY, RACECOURSE, TE KOWAI"",""STREETS"":""GIBSONS RD, HILLS RD, MARAJU YAKAPARI RD, NILSSONS RD, TE KOWAI FOULDEN RD"",""START"":1790376201000,""FINISH"":null,""EST_FIX_TIME"":1790406000000,""REASON"":""The loss of supply is due to fallen power lines.  "",""CRC"":""5932F0FE"",""EXTRACTED"":1790382904542,""SHAPE__Area"":4917293.5078125,""SHAPE__Length"":8317.184068545383}"
2026-09-26T04:00:51Z,2026-09-26T14:00:51+10:00,au.qld.energex,Energex,au.qld.energex|unplanned|INCD-983681-g,INCD-983681-g,unplanned,In Progress,Under Investigation,76,true,TAMBORINE,"ALBERT RIVER PL, CARLIE CT, CLUTHA CREEK RD, MUNSTERVALE RD, SUNDOWN CT, WATERFORD-TAMBORINE RD, YORE RD",2026-09-26T03:14:40Z,2026-09-26T05:30:00Z,153.1127353,-27.8702302,Scenic Rim Regional,6510,https://services.arcgis.com/bfVzktoY0OhzQCDj/ArcGIS/rest/services/VwEnergexOutages/FeatureServer/0,Polygon,"{""type"":""Polygon"",""coordinates"":[[[153.096479764239,-27.8696528230173],[153.096359236942,-27.8691776285078],[153.09723757511,-27.8670276317598],[153.097404420394,-27.8668245099905],[153.114606178485,-27.8550085366958],[153.115293016881,-27.8550624783854],[153.122025471767,-27.8616619195856],[153.122146238587,-27.8618722240744],[153.125510812175,-27.8760895116591],[153.125411870039,-27.876462719155],[153.118515411531,-27.8841967590035],[153.118371578171,-27.8843071692529],[153.116986925479,-27.88501867145],[153.116564685831,-27.8850539262646],[153.112747232186,-27.8838657325827],[153.112558279752,-27.8837609425896],[153.096479764239,-27.8696528230173]]]}","{""OBJECTID"":413296,""EVENT_ID"":""INCD-983681-g"",""TYPE"":""UNPLANNED"",""STATUS"":""In Progress"",""CUSTOMERS_AFFECTED"":76,""SUBURBS"":""TAMBORINE"",""STREETS"":""ALBERT RIVER PL, CARLIE CT, CLUTHA CREEK RD, MUNSTERVALE RD, SUNDOWN CT, WATERFORD-TAMBORINE RD, YORE RD"",""START"":1790392480899,""FINISH"":null,""EST_FIX_TIME"":1790400600000,""REASON"":""Under Investigation"",""CRC"":""3146FC5A"",""EXTRACTED"":1790393414389,""SHAPE__Area"":7256012.046875,""SHAPE__Length"":10392.727714326735}"
2026-09-26T04:00:51Z,2026-09-26T14:00:51+10:00,au.qld.energex,Energex,au.qld.energex|unplanned|INCD-983673-g,INCD-983673-g,unplanned,Awaiting,Emergency Repairs,108,true,BUDDINA,"BARELLAN AVE, BELTANA CRES, MAWARRA ST, MINYA ST, OOMOO ST, POINT CARTWRIGHT DR",2026-09-26T02:15:45Z,2026-09-26T06:00:00Z,153.1313035,-26.6925402,Sunshine Coast Regional,6720,https://services.arcgis.com/bfVzktoY0OhzQCDj/ArcGIS/rest/services/VwEnergexOutages/FeatureServer/0,Polygon,"{""type"":""Polygon"",""coordinates"":[[[153.128819483088,-26.6932625034162],[153.128851839794,-26.6927297065019],[153.131124552653,-26.6902398020705],[153.131329430291,-26.6901058464652],[153.131841548398,-26.6899251174423],[153.132333136625,-26.6899884262053],[153.132513615857,-26.6901140261373],[153.132551689303,-26.6901433671717],[153.132991989381,-26.6905185257106],[153.133147550634,-26.6908765171866],[153.132972681562,-26.6931995083193],[153.132952789267,-26.6932982973978],[153.132433485217,-26.6948593790202],[153.13168495079,-26.6951126272954],[153.12920348587,-26.6937152420697],[153.129049442731,-26.6935793135976],[153.128819483088,-26.6932625034162]]]}","{""OBJECTID"":413295,""EVENT_ID"":""INCD-983673-g"",""TYPE"":""UNPLANNED"",""STATUS"":""Awaiting"",""CUSTOMERS_AFFECTED"":108,""SUBURBS"":""BUDDINA"",""STREETS"":""BARELLAN AVE, BELTANA CRES, MAWARRA ST, MINYA ST, OOMOO ST, POINT CARTWRIGHT DR"",""START"":1790388945411,""FINISH"":null,""EST_FIX_TIME"":1790402400000,""REASON"":""Emergency Repairs"",""CRC"":""8064C6D5"",""EXTRACTED"":1790394604044,""SHAPE__Area"":205432.21875,""SHAPE__Length"":1750.584031315687}"
2026-09-26T04:00:51Z,2026-09-26T14:00:51+10:00,au.qld.ergon,Ergon Energy,au.qld.ergon|unplanned|910751,910751,unplanned,Crews working on-site,The loss of supply is due to fallen power lines.,38,true,"MACKAY, RACECOURSE, TE KOWAI","GIBSONS RD, HILLS RD, MARAJU YAKAPARI RD, NILSSONS RD, TE KOWAI FOULDEN RD",2026-09-25T22:43:21Z,2026-09-26T07:00:00Z,149.1210946,-21.1541273,Mackay Regional,4770,https://services.arcgis.com/33eHbTVqo7gtiCE8/arcgis/rest/services/VwErgonOutages/FeatureServer/0,Polygon,"{""type"":""Polygon"",""coordinates"":[[[149.110018294434,-21.1588425590781],[149.109877432595,-21.1584318123599],[149.110802842746,-21.1538420603575],[149.110810534259,-21.1538102513459],[149.113557107781,-21.1440924725427],[149.113965690439,-21.1437598140649],[149.122809982293,-21.1427766252364],[149.123159974267,-21.1428670539733],[149.129008105575,-21.1470851192895],[149.129147576629,-21.1472455956843],[149.130458176538,-21.1497735930933],[149.13050181183,-21.1499071978177],[149.131539468517,-21.156718916907],[149.131513554472,-21.1569415965504],[149.127982102518,-21.1657576872436],[149.127883884123,-21.1659064621877],[149.127694085049,-21.1660977665954],[149.127176155182,-21.1662141289507],[149.112792389205,-21.1612709285909],[149.112625919043,-21.1611738305607],[149.110018294434,-21.1588425590781]]]}","{""OBJECTID"":910751,""EVENT_ID"":""26MK6055"",""TYPE"":""UNPLANNED"",""STATUS"":""Crews working on-site"",""CUSTOMERS_AFFECTED"":38,""SUBURBS"":""MACKAY, RACECOURSE, TE KOWAI"",""STREETS"":""GIBSONS RD, HILLS RD, MARAJU YAKAPARI RD, NILSSONS RD, TE KOWAI FOULDEN RD"",""START"":1790376201000,""FINISH"":null,""EST_FIX_TIME"":1790406000000,""REASON"":""The loss of supply is due to fallen power lines.  "",""CRC"":""5932F0FE"",""EXTRACTED"":1790382904542,""SHAPE__Area"":4917293.5078125,""SHAPE__Length"":8317.184068545383}"
2026-09-26T04:15:39Z,2026-09-26T14:15:39+10:00,au.qld.energex,Energex,au.qld.energex|unplanned|INCD-983681-g,INCD-983681-g,unplanned,In Progress,Under Investigation,76,true,TAMBORINE,"ALBERT RIVER PL, CARLIE CT, CLUTHA CREEK RD, MUNSTERVALE RD, SUNDOWN CT, WATERFORD-TAMBORINE RD, YORE RD",2026-09-26T03:14:40Z,2026-09-26T06:00:00Z,153.1127353,-27.8702302,Scenic Rim Regional,6510,https://services.arcgis.com/bfVzktoY0OhzQCDj/ArcGIS/rest/services/VwEnergexOutages/FeatureServer/0,Polygon,"{""type"":""Polygon"",""coordinates"":[[[153.096479764239,-27.8696528230173],[153.096359236942,-27.8691776285078],[153.09723757511,-27.8670276317598],[153.097404420394,-27.8668245099905],[153.114606178485,-27.8550085366958],[153.115293016881,-27.8550624783854],[153.122025471767,-27.8616619195856],[153.122146238587,-27.8618722240744],[153.125510812175,-27.8760895116591],[153.125411870039,-27.876462719155],[153.118515411531,-27.8841967590035],[153.118371578171,-27.8843071692529],[153.116986925479,-27.88501867145],[153.116564685831,-27.8850539262646],[153.112747232186,-27.8838657325827],[153.112558279752,-27.8837609425896],[153.096479764239,-27.8696528230173]]]}","{""OBJECTID"":413296,""EVENT_ID"":""INCD-983681-g"",""TYPE"":""UNPLANNED"",""STATUS"":""In Progress"",""CUSTOMERS_AFFECTED"":76,""SUBURBS"":""TAMBORINE"",""STREETS"":""ALBERT RIVER PL, CARLIE CT, CLUTHA CREEK RD, MUNSTERVALE RD, SUNDOWN CT, WATERFORD-TAMBORINE RD, YORE RD"",""START"":1790392480899,""FINISH"":null,""EST_FIX_TIME"":1790402400000,""REASON"":""Under Investigation"",""CRC"":""D923E6A2"",""EXTRACTED"":1790396104828,""SHAPE__Area"":7256012.046875,""SHAPE__Length"":10392.727714326735}"
2026-09-26T04:15:39Z,2026-09-26T14:15:39+10:00,au.qld.energex,Energex,au.qld.energex|unplanned|INCD-983673-g,INCD-983673-g,unplanned,Awaiting,Emergency Repairs,108,true,BUDDINA,"BARELLAN AVE, BELTANA CRES, MAWARRA ST, MINYA ST, OOMOO ST, POINT CARTWRIGHT DR",2026-09-26T02:15:45Z,2026-09-26T06:00:00Z,153.1313035,-26.6925402,Sunshine Coast Regional,6720,https://services.arcgis.com/bfVzktoY0OhzQCDj/ArcGIS/rest/services/VwEnergexOutages/FeatureServer/0,Polygon,"{""type"":""Polygon"",""coordinates"":[[[153.128819483088,-26.6932625034162],[153.128851839794,-26.6927297065019],[153.131124552653,-26.6902398020705],[153.131329430291,-26.6901058464652],[153.131841548398,-26.6899251174423],[153.132333136625,-26.6899884262053],[153.132513615857,-26.6901140261373],[153.132551689303,-26.6901433671717],[153.132991989381,-26.6905185257106],[153.133147550634,-26.6908765171866],[153.132972681562,-26.6931995083193],[153.132952789267,-26.6932982973978],[153.132433485217,-26.6948593790202],[153.13168495079,-26.6951126272954],[153.12920348587,-26.6937152420697],[153.129049442731,-26.6935793135976],[153.128819483088,-26.6932625034162]]]}","{""OBJECTID"":413295,""EVENT_ID"":""INCD-983673-g"",""TYPE"":""UNPLANNED"",""STATUS"":""Awaiting"",""CUSTOMERS_AFFECTED"":108,""SUBURBS"":""BUDDINA"",""STREETS"":""BARELLAN AVE, BELTANA CRES, MAWARRA ST, MINYA ST, OOMOO ST, POINT CARTWRIGHT DR"",""START"":1790388945411,""FINISH"":null,""EST_FIX_TIME"":1790402400000,""REASON"":""Emergency Repairs"",""CRC"":""8064C6D5"",""EXTRACTED"":1790394604044,""SHAPE__Area"":205432.21875,""SHAPE__Length"":1750.584031315687}"
2026-09-26T04:15:39Z,2026-09-26T14:15:39+10:00,au.qld.ergon,Ergon Energy,au.qld.ergon|unplanned|910751,910751,unplanned,Crews working on-site,The loss of supply is due to fallen power lines.,38,true,"MACKAY, RACECOURSE, TE KOWAI","GIBSONS RD, HILLS RD, MARAJU YAKAPARI RD, NILSSONS RD, TE KOWAI FOULDEN RD",2026-09-25T22:43:21Z,2026-09-26T07:00:00Z,149.1210946,-21.1541273,Mackay Regional,4770,https://services.arcgis.com/33eHbTVqo7gtiCE8/arcgis/rest/services/VwErgonOutages/FeatureServer/0,Polygon,"{""type"":""Polygon"",""coordinates"":[[[149.110018294434,-21.1588425590781],[149.109877432595,-21.1584318123599],[149.110802842746,-21.1538420603575],[149.110810534259,-21.1538102513459],[149.113557107781,-21.1440924725427],[149.113965690439,-21.1437598140649],[149.122809982293,-21.1427766252364],[149.123159974267,-21.1428670539733],[149.129008105575,-21.1470851192895],[149.129147576629,-21.1472455956843],[149.130458176538,-21.1497735930933],[149.13050181183,-21.1499071978177],[149.131539468517,-21.156718916907],[149.131513554472,-21.1569415965504],[149.127982102518,-21.1657576872436],[149.127883884123,-21.1659064621877],[149.127694085049,-21.1660977665954],[149.127176155182,-21.1662141289507],[149.112792389205,-21.1612709285909],[149.112625919043,-21.1611738305607],[149.110018294434,-21.1588425590781]]]}","{""OBJECTID"":910751,""EVENT_ID"":""26MK6055"",""TYPE"":""UNPLANNED"",""STATUS"":""Crews working on-site"",""CUSTOMERS_AFFECTED"":38,""SUBURBS"":""MACKAY, RACECOURSE, TE KOWAI"",""STREETS"":""GIBSONS RD, HILLS RD, MARAJU YAKAPARI RD, NILSSONS RD, TE KOWAI FOULDEN RD"",""START"":1790376201000,""FINISH"":null,""EST_FIX_TIME"":1790406000000,""REASON"":""The loss of supply is due to fallen power lines.  "",""CRC"":""5932F0FE"",""EXTRACTED"":1790382904542,""SHAPE__Area"":4917293.5078125,""SHAPE__Length"":8317.184068545383}"
2026-09-26T04:30:44Z,2026-09-26T14:30:44+10:00,au.qld.energex,Energex,au.qld.energex|unplanned|INCD-983681-g,INCD-983681-g,unplanned,In Progress,Under Investigation,76,true,TAMBORINE,"ALBERT RIVER PL, CARLIE CT, CLUTHA CREEK RD, MUNSTERVALE RD, SUNDOWN CT, WATERFORD-TAMBORINE RD, YORE RD",2026-09-26T03:14:40Z,2026-09-26T06:00:00Z,153.1127353,-27.8702302,Scenic Rim Regional,6510,https://services.arcgis.com/bfVzktoY0OhzQCDj/ArcGIS/rest/services/VwEnergexOutages/FeatureServer/0,Polygon,"{""type"":""Polygon"",""coordinates"":[[[153.096479764239,-27.8696528230173],[153.096359236942,-27.8691776285078],[153.09723757511,-27.8670276317598],[153.097404420394,-27.8668245099905],[153.114606178485,-27.8550085366958],[153.115293016881,-27.8550624783854],[153.122025471767,-27.8616619195856],[153.122146238587,-27.8618722240744],[153.125510812175,-27.8760895116591],[153.125411870039,-27.876462719155],[153.118515411531,-27.8841967590035],[153.118371578171,-27.8843071692529],[153.116986925479,-27.88501867145],[153.116564685831,-27.8850539262646],[153.112747232186,-27.8838657325827],[153.112558279752,-27.8837609425896],[153.096479764239,-27.8696528230173]]]}","{""OBJECTID"":413296,""EVENT_ID"":""INCD-983681-g"",""TYPE"":""UNPLANNED"",""STATUS"":""In Progress"",""CUSTOMERS_AFFECTED"":76,""SUBURBS"":""TAMBORINE"",""STREETS"":""ALBERT RIVER PL, CARLIE CT, CLUTHA CREEK RD, MUNSTERVALE RD, SUNDOWN CT, WATERFORD-TAMBORINE RD, YORE RD"",""START"":1790392480899,""FINISH"":null,""EST_FIX_TIME"":1790402400000,""REASON"":""Under Investigation"",""CRC"":""D923E6A2"",""EXTRACTED"":1790396104828,""SHAPE__Area"":7256012.046875,""SHAPE__Length"":10392.727714326735}"
2026-09-26T04:30:44Z,2026-09-26T14:30:44+10:00,au.qld.energex,Energex,au.qld.energex|unplanned|INCD-983673-g,INCD-983673-g,unplanned,Awaiting,Emergency Repairs,108,true,BUDDINA,"BARELLAN AVE, BELTANA CRES, MAWARRA ST, MINYA ST, OOMOO ST, POINT CARTWRIGHT DR",2026-09-26T02:15:45Z,2026-09-26T06:00:00Z,153.1313035,-26.6925402,Sunshine Coast Regional,6720,https://services.arcgis.com/bfVzktoY0OhzQCDj/ArcGIS/rest/services/VwEnergexOutages/FeatureServer/0,Polygon,"{""type"":""Polygon"",""coordinates"":[[[153.128819483088,-26.6932625034162],[153.128851839794,-26.6927297065019],[153.131124552653,-26.6902398020705],[153.131329430291,-26.6901058464652],[153.131841548398,-26.6899251174423],[153.132333136625,-26.6899884262053],[153.132513615857,-26.6901140261373],[153.132551689303,-26.6901433671717],[153.132991989381,-26.6905185257106],[153.133147550634,-26.6908765171866],[153.132972681562,-26.6931995083193],[153.132952789267,-26.6932982973978],[153.132433485217,-26.6948593790202],[153.13168495079,-26.6951126272954],[153.12920348587,-26.6937152420697],[153.129049442731,-26.6935793135976],[153.128819483088,-26.6932625034162]]]}","{""OBJECTID"":413295,""EVENT_ID"":""INCD-983673-g"",""TYPE"":""UNPLANNED"",""STATUS"":""Awaiting"",""CUSTOMERS_AFFECTED"":108,""SUBURBS"":""BUDDINA"",""STREETS"":""BARELLAN AVE, BELTANA CRES, MAWARRA ST, MINYA ST, OOMOO ST, POINT CARTWRIGHT DR"",""START"":1790388945411,""FINISH"":null,""EST_FIX_TIME"":1790402400000,""REASON"":""Emergency Repairs"",""CRC"":""8064C6D5"",""EXTRACTED"":1790394604044,""SHAPE__Area"":205432.21875,""SHAPE__Length"":1750.584031315687}"
2026-09-26T04:30:44Z,2026-09-26T14:30:44+10:00,au.qld.ergon,Ergon Energy,au.qld.ergon|unplanned|910954,910954,unplanned,Crews on route,The loss of supply is due to damage requiring emergency repairs.,5,true,THANGOOL,"DRUMBURLE RD, LOOKERBIE CIR, THANGOOL LOOKERBIE RD",2026-09-26T00:32:04Z,,150.5819898,-24.6391025,Banana Shire,370,https://services.arcgis.com/33eHbTVqo7gtiCE8/arcgis/rest/services/VwErgonOutages/FeatureServer/0,Polygon,"{""type"":""Polygon"",""coordinates"":[[[150.52807769824,-24.6497562447509],[150.527565745619,-24.6493821050133],[150.527912285647,-24.6488735836301],[150.629725990484,-24.6213587136235],[150.630313341568,-24.6216012387092],[150.630136687693,-24.6221678309357],[150.589136515343,-24.6467699243158],[150.588891790971,-24.6468432219562],[150.52807769824,-24.6497562447509]]]}","{""OBJECTID"":910954,""EVENT_ID"":""26CA10771"",""TYPE"":""UNPLANNED"",""STATUS"":""Crews on route"",""CUSTOMERS_AFFECTED"":5,""SUBURBS"":""THANGOOL"",""STREETS"":""DRUMBURLE RD, LOOKERBIE CIR, THANGOOL LOOKERBIE RD"",""START"":1790382724000,""FINISH"":null,""EST_FIX_TIME"":null,""REASON"":""The loss of supply is due to damage requiring emergency repairs. "",""CRC"":""848DEE28"",""EXTRACTED"":1790396404851,""SHAPE__Area"":10719215.4921875,""SHAPE__Length"":24391.24033587504}"
2026-09-26T04:30:44Z,2026-09-26T14:30:44+10:00,au.qld.ergon,Ergon Energy,au.qld.ergon|unplanned|910751,910751,unplanned,Crews working on-site,The loss of supply is due to fallen power lines.,38,true,"MACKAY, RACECOURSE, TE KOWAI","GIBSONS RD, HILLS RD, MARAJU YAKAPARI RD, NILSSONS RD, TE KOWAI FOULDEN RD",2026-09-25T22:43:21Z,2026-09-26T07:00:00Z,149.1210946,-21.1541273,Mackay Regional,4770,https://services.arcgis.com/33eHbTVqo7gtiCE8/arcgis/rest/services/VwErgonOutages/FeatureServer/0,Polygon,"{""type"":""Polygon"",""coordinates"":[[[149.110018294434,-21.1588425590781],[149.109877432595,-21.1584318123599],[149.110802842746,-21.1538420603575],[149.110810534259,-21.1538102513459],[149.113557107781,-21.1440924725427],[149.113965690439,-21.1437598140649],[149.122809982293,-21.1427766252364],[149.123159974267,-21.1428670539733],[149.129008105575,-21.1470851192895],[149.129147576629,-21.1472455956843],[149.130458176538,-21.1497735930933],[149.13050181183,-21.1499071978177],[149.131539468517,-21.156718916907],[149.131513554472,-21.1569415965504],[149.127982102518,-21.1657576872436],[149.127883884123,-21.1659064621877],[149.127694085049,-21.1660977665954],[149.127176155182,-21.1662141289507],[149.112792389205,-21.1612709285909],[149.112625919043,-21.1611738305607],[149.110018294434,-21.1588425590781]]]}","{""OBJECTID"":910751,""EVENT_ID"":""26MK6055"",""TYPE"":""UNPLANNED"",""STATUS"":""Crews working on-site"",""CUSTOMERS_AFFECTED"":38,""SUBURBS"":""MACKAY, RACECOURSE, TE KOWAI"",""STREETS"":""GIBSONS RD, HILLS RD, MARAJU YAKAPARI RD, NILSSONS RD, TE KOWAI FOULDEN RD"",""START"":1790376201000,""FINISH"":null,""EST_FIX_TIME"":1790406000000,""REASON"":""The loss of supply is due to fallen power lines.  "",""CRC"":""5932F0FE"",""EXTRACTED"":1790382904542,""SHAPE__Area"":4917293.5078125,""SHAPE__Length"":8317.184068545383}"
2026-09-26T04:45:40Z,2026-09-26T14:45:40+10:00,au.qld.energex,Energex,au.qld.energex|unplanned|INCD-983681-g,INCD-983681-g,unplanned,In Progress,Under Investigation,76,true,TAMBORINE,"ALBERT RIVER PL, CARLIE CT, CLUTHA CREEK RD, MUNSTERVALE RD, SUNDOWN CT, WATERFORD-TAMBORINE RD, YORE RD",2026-09-26T03:14:40Z,2026-09-26T06:00:00Z,153.1127353,-27.8702302,Scenic Rim Regional,6510,https://services.arcgis.com/bfVzktoY0OhzQCDj/ArcGIS/rest/services/VwEnergexOutages/FeatureServer/0,Polygon,"{""type"":""Polygon"",""coordinates"":[[[153.096479764239,-27.8696528230173],[153.096359236942,-27.8691776285078],[153.09723757511,-27.8670276317598],[153.097404420394,-27.8668245099905],[153.114606178485,-27.8550085366958],[153.115293016881,-27.8550624783854],[153.122025471767,-27.8616619195856],[153.122146238587,-27.8618722240744],[153.125510812175,-27.8760895116591],[153.125411870039,-27.876462719155],[153.118515411531,-27.8841967590035],[153.118371578171,-27.8843071692529],[153.116986925479,-27.88501867145],[153.116564685831,-27.8850539262646],[153.112747232186,-27.8838657325827],[153.112558279752,-27.8837609425896],[153.096479764239,-27.8696528230173]]]}","{""OBJECTID"":413296,""EVENT_ID"":""INCD-983681-g"",""TYPE"":""UNPLANNED"",""STATUS"":""In Progress"",""CUSTOMERS_AFFECTED"":76,""SUBURBS"":""TAMBORINE"",""STREETS"":""ALBERT RIVER PL, CARLIE CT, CLUTHA CREEK RD, MUNSTERVALE RD, SUNDOWN CT, WATERFORD-TAMBORINE RD, YORE RD"",""START"":1790392480899,""FINISH"":null,""EST_FIX_TIME"":1790402400000,""REASON"":""Under Investigation"",""CRC"":""D923E6A2"",""EXTRACTED"":1790396104828,""SHAPE__Area"":7256012.046875,""SHAPE__Length"":10392.727714326735}"
2026-09-26T04:45:40Z,2026-09-26T14:45:40+10:00,au.qld.energex,Energex,au.qld.energex|unplanned|INCD-983673-g,INCD-983673-g,unplanned,Awaiting,Emergency Repairs,108,true,BUDDINA,"BARELLAN AVE, BELTANA CRES, MAWARRA ST, MINYA ST, OOMOO ST, POINT CARTWRIGHT DR",2026-09-26T02:15:45Z,2026-09-26T06:00:00Z,153.1313035,-26.6925402,Sunshine Coast Regional,6720,https://services.arcgis.com/bfVzktoY0OhzQCDj/ArcGIS/rest/services/VwEnergexOutages/FeatureServer/0,Polygon,"{""type"":""Polygon"",""coordinates"":[[[153.128819483088,-26.6932625034162],[153.128851839794,-26.6927297065019],[153.131124552653,-26.6902398020705],[153.131329430291,-26.6901058464652],[153.131841548398,-26.6899251174423],[153.132333136625,-26.6899884262053],[153.132513615857,-26.6901140261373],[153.132551689303,-26.6901433671717],[153.132991989381,-26.6905185257106],[153.133147550634,-26.6908765171866],[153.132972681562,-26.6931995083193],[153.132952789267,-26.6932982973978],[153.132433485217,-26.6948593790202],[153.13168495079,-26.6951126272954],[153.12920348587,-26.6937152420697],[153.129049442731,-26.6935793135976],[153.128819483088,-26.6932625034162]]]}","{""OBJECTID"":413295,""EVENT_ID"":""INCD-983673-g"",""TYPE"":""UNPLANNED"",""STATUS"":""Awaiting"",""CUSTOMERS_AFFECTED"":108,""SUBURBS"":""BUDDINA"",""STREETS"":""BARELLAN AVE, BELTANA CRES, MAWARRA ST, MINYA ST, OOMOO ST, POINT CARTWRIGHT DR"",""START"":1790388945411,""FINISH"":null,""EST_FIX_TIME"":1790402400000,""REASON"":""Emergency Repairs"",""CRC"":""8064C6D5"",""EXTRACTED"":1790394604044,""SHAPE__Area"":205432.21875,""SHAPE__Length"":1750.584031315687}"
2026-09-26T04:45:40Z,2026-09-26T14:45:40+10:00,au.qld.ergon,Ergon Energy,au.qld.ergon|unplanned|910954,910954,unplanned,Crews on route,The loss of supply is due to damage requiring emergency repairs.,5,true,THANGOOL,"DRUMBURLE RD, LOOKERBIE CIR, THANGOOL LOOKERBIE RD",2026-09-26T00:32:04Z,,150.5819898,-24.6391025,Banana Shire,370,https://services.arcgis.com/33eHbTVqo7gtiCE8/arcgis/rest/services/VwErgonOutages/FeatureServer/0,Polygon,"{""type"":""Polygon"",""coordinates"":[[[150.52807769824,-24.6497562447509],[150.527565745619,-24.6493821050133],[150.527912285647,-24.6488735836301],[150.629725990484,-24.6213587136235],[150.630313341568,-24.6216012387092],[150.630136687693,-24.6221678309357],[150.589136515343,-24.6467699243158],[150.588891790971,-24.6468432219562],[150.52807769824,-24.6497562447509]]]}","{""OBJECTID"":910954,""EVENT_ID"":""26CA10771"",""TYPE"":""UNPLANNED"",""STATUS"":""Crews on route"",""CUSTOMERS_AFFECTED"":5,""SUBURBS"":""THANGOOL"",""STREETS"":""DRUMBURLE RD, LOOKERBIE CIR, THANGOOL LOOKERBIE RD"",""START"":1790382724000,""FINISH"":null,""EST_FIX_TIME"":null,""REASON"":""The loss of supply is due to damage requiring emergency repairs. "",""CRC"":""848DEE28"",""EXTRACTED"":1790396404851,""SHAPE__Area"":10719215.4921875,""SHAPE__Length"":24391.24033587504}"
2026-09-26T05:00:55Z,2026-09-26T15:00:55+10:00,au.qld.energex,Energex,au.qld.energex|unplanned|INCD-983681-g,INCD-983681-g,unplanned,In Progress,Under Investigation,76,true,TAMBORINE,"ALBERT RIVER PL, CARLIE CT, CLUTHA CREEK RD, MUNSTERVALE RD, SUNDOWN CT, WATERFORD-TAMBORINE RD, YORE RD",2026-09-26T03:14:40Z,2026-09-26T06:00:00Z,153.1127353,-27.8702302,Scenic Rim Regional,6510,https://services.arcgis.com/bfVzktoY0OhzQCDj/ArcGIS/rest/services/VwEnergexOutages/FeatureServer/0,Polygon,"{""type"":""Polygon"",""coordinates"":[[[153.096479764239,-27.8696528230173],[153.096359236942,-27.8691776285078],[153.09723757511,-27.8670276317598],[153.097404420394,-27.8668245099905],[153.114606178485,-27.8550085366958],[153.115293016881,-27.8550624783854],[153.122025471767,-27.8616619195856],[153.122146238587,-27.8618722240744],[153.125510812175,-27.8760895116591],[153.125411870039,-27.876462719155],[153.118515411531,-27.8841967590035],[153.118371578171,-27.8843071692529],[153.116986925479,-27.88501867145],[153.116564685831,-27.8850539262646],[153.112747232186,-27.8838657325827],[153.112558279752,-27.8837609425896],[153.096479764239,-27.8696528230173]]]}","{""OBJECTID"":413296,""EVENT_ID"":""INCD-983681-g"",""TYPE"":""UNPLANNED"",""STATUS"":""In Progress"",""CUSTOMERS_AFFECTED"":76,""SUBURBS"":""TAMBORINE"",""STREETS"":""ALBERT RIVER PL, CARLIE CT, CLUTHA CREEK RD, MUNSTERVALE RD, SUNDOWN CT, WATERFORD-TAMBORINE RD, YORE RD"",""START"":1790392480899,""FINISH"":null,""EST_FIX_TIME"":1790402400000,""REASON"":""Under Investigation"",""CRC"":""D923E6A2"",""EXTRACTED"":1790396104828,""SHAPE__Area"":7256012.046875,""SHAPE__Length"":10392.727714326735}"
2026-09-26T05:00:55Z,2026-09-26T15:00:55+10:00,au.qld.energex,Energex,au.qld.energex|unplanned|INCD-983673-g,INCD-983673-g,unplanned,Awaiting,Emergency Repairs,108,true,BUDDINA,"BARELLAN AVE, BELTANA CRES, MAWARRA ST, MINYA ST, OOMOO ST, POINT CARTWRIGHT DR",2026-09-26T02:15:45Z,2026-09-26T06:00:00Z,153.1313035,-26.6925402,Sunshine Coast Regional,6720,https://services.arcgis.com/bfVzktoY0OhzQCDj/ArcGIS/rest/services/VwEnergexOutages/FeatureServer/0,Polygon,"{""type"":""Polygon"",""coordinates"":[[[153.128819483088,-26.6932625034162],[153.128851839794,-26.6927297065019],[153.131124552653,-26.6902398020705],[153.131329430291,-26.6901058464652],[153.131841548398,-26.6899251174423],[153.132333136625,-26.6899884262053],[153.132513615857,-26.6901140261373],[153.132551689303,-26.6901433671717],[153.132991989381,-26.6905185257106],[153.133147550634,-26.6908765171866],[153.132972681562,-26.6931995083193],[153.132952789267,-26.6932982973978],[153.132433485217,-26.6948593790202],[153.13168495079,-26.6951126272954],[153.12920348587,-26.6937152420697],[153.129049442731,-26.6935793135976],[153.128819483088,-26.6932625034162]]]}","{""OBJECTID"":413295,""EVENT_ID"":""INCD-983673-g"",""TYPE"":""UNPLANNED"",""STATUS"":""Awaiting"",""CUSTOMERS_AFFECTED"":108,""SUBURBS"":""BUDDINA"",""STREETS"":""BARELLAN AVE, BELTANA CRES, MAWARRA ST, MINYA ST, OOMOO ST, POINT CARTWRIGHT DR"",""START"":1790388945411,""FINISH"":null,""EST_FIX_TIME"":1790402400000,""REASON"":""Emergency Repairs"",""CRC"":""8064C6D5"",""EXTRACTED"":1790394604044,""SHAPE__Area"":205432.21875,""SHAPE__Length"":1750.584031315687}"
2026-09-26T05:00:55Z,2026-09-26T15:00:55+10:00,au.qld.ergon,Ergon Energy,au.qld.ergon|unplanned|910954,910954,unplanned,Crews on route,The loss of supply is due to damage requiring emergency repairs.,5,true,THANGOOL,"DRUMBURLE RD, LOOKERBIE CIR, THANGOOL LOOKERBIE RD",2026-09-26T00:32:04Z,,150.5819898,-24.6391025,Banana Shire,370,https://services.arcgis.com/33eHbTVqo7gtiCE8/arcgis/rest/services/VwErgonOutages/FeatureServer/0,Polygon,"{""type"":""Polygon"",""coordinates"":[[[150.52807769824,-24.6497562447509],[150.527565745619,-24.6493821050133],[150.527912285647,-24.6488735836301],[150.629725990484,-24.6213587136235],[150.630313341568,-24.6216012387092],[150.630136687693,-24.6221678309357],[150.589136515343,-24.6467699243158],[150.588891790971,-24.6468432219562],[150.52807769824,-24.6497562447509]]]}","{""OBJECTID"":910954,""EVENT_ID"":""26CA10771"",""TYPE"":""UNPLANNED"",""STATUS"":""Crews on route"",""CUSTOMERS_AFFECTED"":5,""SUBURBS"":""THANGOOL"",""STREETS"":""DRUMBURLE RD, LOOKERBIE CIR, THANGOOL LOOKERBIE RD"",""START"":1790382724000,""FINISH"":null,""EST_FIX_TIME"":null,""REASON"":""The loss of supply is due to damage requiring emergency repairs. "",""CRC"":""848DEE28"",""EXTRACTED"":1790396404851,""SHAPE__Area"":10719215.4921875,""SHAPE__Length"":24391.24033587504}"
2026-09-26T05:15:39Z,2026-09-26T15:15:39+10:00,au.qld.energex,Energex,au.qld.energex|unplanned|INCD-983681-g,INCD-983681-g,unplanned,In Progress,Under Investigation,76,true,TAMBORINE,"ALBERT RIVER PL, CARLIE CT, CLUTHA CREEK RD, MUNSTERVALE RD, SUNDOWN CT, WATERFORD-TAMBORINE RD, YORE RD",2026-09-26T03:14:40Z,2026-09-26T06:00:00Z,153.1127353,-27.8702302,Scenic Rim Regional,6510,https://services.arcgis.com/bfVzktoY0OhzQCDj/ArcGIS/rest/services/VwEnergexOutages/FeatureServer/0,Polygon,"{""type"":""Polygon"",""coordinates"":[[[153.096479764239,-27.8696528230173],[153.096359236942,-27.8691776285078],[153.09723757511,-27.8670276317598],[153.097404420394,-27.8668245099905],[153.114606178485,-27.8550085366958],[153.115293016881,-27.8550624783854],[153.122025471767,-27.8616619195856],[153.122146238587,-27.8618722240744],[153.125510812175,-27.8760895116591],[153.125411870039,-27.876462719155],[153.118515411531,-27.8841967590035],[153.118371578171,-27.8843071692529],[153.116986925479,-27.88501867145],[153.116564685831,-27.8850539262646],[153.112747232186,-27.8838657325827],[153.112558279752,-27.8837609425896],[153.096479764239,-27.8696528230173]]]}","{""OBJECTID"":413296,""EVENT_ID"":""INCD-983681-g"",""TYPE"":""UNPLANNED"",""STATUS"":""In Progress"",""CUSTOMERS_AFFECTED"":76,""SUBURBS"":""TAMBORINE"",""STREETS"":""ALBERT RIVER PL, CARLIE CT, CLUTHA CREEK RD, MUNSTERVALE RD, SUNDOWN CT, WATERFORD-TAMBORINE RD, YORE RD"",""START"":1790392480899,""FINISH"":null,""EST_FIX_TIME"":1790402400000,""REASON"":""Under Investigation"",""CRC"":""D923E6A2"",""EXTRACTED"":1790396104828,""SHAPE__Area"":7256012.046875,""SHAPE__Length"":10392.727714326735}"
2026-09-26T05:15:39Z,2026-09-26T15:15:39+10:00,au.qld.energex,Energex,au.qld.energex|unplanned|INCD-983673-g,INCD-983673-g,unplanned,Awaiting,Emergency Repairs,108,true,BUDDINA,"BARELLAN AVE, BELTANA CRES, MAWARRA ST, MINYA ST, OOMOO ST, POINT CARTWRIGHT DR",2026-09-26T02:15:45Z,2026-09-26T06:00:00Z,153.1313035,-26.6925402,Sunshine Coast Regional,6720,https://services.arcgis.com/bfVzktoY0OhzQCDj/ArcGIS/rest/services/VwEnergexOutages/FeatureServer/0,Polygon,"{""type"":""Polygon"",""coordinates"":[[[153.128819483088,-26.6932625034162],[153.128851839794,-26.6927297065019],[153.131124552653,-26.6902398020705],[153.131329430291,-26.6901058464652],[153.131841548398,-26.6899251174423],[153.132333136625,-26.6899884262053],[153.132513615857,-26.6901140261373],[153.132551689303,-26.6901433671717],[153.132991989381,-26.6905185257106],[153.133147550634,-26.6908765171866],[153.132972681562,-26.6931995083193],[153.132952789267,-26.6932982973978],[153.132433485217,-26.6948593790202],[153.13168495079,-26.6951126272954],[153.12920348587,-26.6937152420697],[153.129049442731,-26.6935793135976],[153.128819483088,-26.6932625034162]]]}","{""OBJECTID"":413295,""EVENT_ID"":""INCD-983673-g"",""TYPE"":""UNPLANNED"",""STATUS"":""Awaiting"",""CUSTOMERS_AFFECTED"":108,""SUBURBS"":""BUDDINA"",""STREETS"":""BARELLAN AVE, BELTANA CRES, MAWARRA ST, MINYA ST, OOMOO ST, POINT CARTWRIGHT DR"",""START"":1790388945411,""FINISH"":null,""EST_FIX_TIME"":1790402400000,""REASON"":""Emergency Repairs"",""CRC"":""8064C6D5"",""EXTRACTED"":1790394604044,""SHAPE__Area"":205432.21875,""SHAPE__Length"":1750.584031315687}"
2026-09-26T05:15:39Z,2026-09-26T15:15:39+10:00,au.qld.ergon,Ergon Energy,au.qld.ergon|unplanned|910954,910954,unplanned,Crews on route,The loss of supply is due to damage requiring emergency repairs.,5,true,THANGOOL,"DRUMBURLE RD, LOOKERBIE CIR, THANGOOL LOOKERBIE RD",2026-09-26T00:32:04Z,,150.5819898,-24.6391025,Banana Shire,370,https://services.arcgis.com/33eHbTVqo7gtiCE8/arcgis/rest/services/VwErgonOutages/FeatureServer/0,Polygon,"{""type"":""Polygon"",""coordinates"":[[[150.52807769824,-24.6497562447509],[150.527565745619,-24.6493821050133],[150.527912285647,-24.6488735836301],[150.629725990484,-24.6213587136235],[150.630313341568,-24.6216012387092],[150.630136687693,-24.6221678309357],[150.589136515343,-24.6467699243158],[150.588891790971,-24.6468432219562],[150.52807769824,-24.6497562447509]]]}","{""OBJECTID"":910954,""EVENT_ID"":""26CA10771"",""TYPE"":""UNPLANNED"",""STATUS"":""Crews on route"",""CUSTOMERS_AFFECTED"":5,""SUBURBS"":""THANGOOL"",""STREETS"":""DRUMBURLE RD, LOOKERBIE CIR, THANGOOL LOOKERBIE RD"",""START"":1790382724000,""FINISH"":null,""EST_FIX_TIME"":null,""REASON"":""The loss of supply is due to damage requiring emergency repairs. "",""CRC"":""848DEE28"",""EXTRACTED"":1790396404851,""SHAPE__Area"":10719215.4921875,""SHAPE__Length"":24391.24033587504}"
2026-09-26T05:30:53Z,2026-09-26T15:30:53+10:00,au.qld.energex,Energex,au.qld.energex|unplanned|INCD-983673-g,INCD-983673-g,unplanned,Awaiting,Emergency Repairs,108,true,BUDDINA,"BARELLAN AVE, BELTANA CRES, MAWARRA ST, MINYA ST, OOMOO ST, POINT CARTWRIGHT DR",2026-09-26T02:15:45Z,2026-09-26T07:30:00Z,153.1313035,-26.6925402,Sunshine Coast Regional,6720,https://services.arcgis.com/bfVzktoY0OhzQCDj/ArcGIS/rest/services/VwEnergexOutages/FeatureServer/0,Polygon,"{""type"":""Polygon"",""coordinates"":[[[153.128819483088,-26.6932625034162],[153.128851839794,-26.6927297065019],[153.131124552653,-26.6902398020705],[153.131329430291,-26.6901058464652],[153.131841548398,-26.6899251174423],[153.132333136625,-26.6899884262053],[153.132513615857,-26.6901140261373],[153.132551689303,-26.6901433671717],[153.132991989381,-26.6905185257106],[153.133147550634,-26.6908765171866],[153.132972681562,-26.6931995083193],[153.132952789267,-26.6932982973978],[153.132433485217,-26.6948593790202],[153.13168495079,-26.6951126272954],[153.12920348587,-26.6937152420697],[153.129049442731,-26.6935793135976],[153.128819483088,-26.6932625034162]]]}","{""OBJECTID"":413295,""EVENT_ID"":""INCD-983673-g"",""TYPE"":""UNPLANNED"",""STATUS"":""Awaiting"",""CUSTOMERS_AFFECTED"":108,""SUBURBS"":""BUDDINA"",""STREETS"":""BARELLAN AVE, BELTANA CRES, MAWARRA ST, MINYA ST, OOMOO ST, POINT CARTWRIGHT DR"",""START"":1790388945411,""FINISH"":null,""EST_FIX_TIME"":1790407800000,""REASON"":""Emergency Repairs"",""CRC"":""8BB86928"",""EXTRACTED"":1790400005171,""SHAPE__Area"":205432.21875,""SHAPE__Length"":1750.584031315687}"
2026-09-26T05:30:53Z,2026-09-26T15:30:53+10:00,au.qld.ergon,Ergon Energy,au.qld.ergon|unplanned|910955,910955,unplanned,Crews on route,The loss of supply is due to damage requiring emergency repairs. Fault finding is in progress.,91,true,RIVER HEADS,"CECILY TCE, FERRIS AVE, FRASER DR, GAIL ST, ISLAND OTLK, JOYCELYN TCE, RIVER HEADS RD, WOLFE ST",2026-09-26T04:37:00Z,,152.9132210,-25.4129552,Fraser Coast Regional,3220,https://services.arcgis.com/33eHbTVqo7gtiCE8/arcgis/rest/services/VwErgonOutages/FeatureServer/0,Polygon,"{""type"":""Polygon"",""coordinates"":[[[152.911447864555,-25.4144121481747],[152.91134835053,-25.414097210311],[152.911438762337,-25.4132219391003],[152.911441786836,-25.4131990095048],[152.911918823431,-25.4102302771691],[152.912280077832,-25.409861060689],[152.913009066961,-25.4096830102885],[152.913582053026,-25.4099192329645],[152.914712435352,-25.412013062547],[152.914722359605,-25.4120326161482],[152.915419559963,-25.4134975701183],[152.915452513972,-25.4137547930168],[152.915421315431,-25.413913823779],[152.915323849789,-25.4141119820237],[152.913762852108,-25.4159239967895],[152.913017719754,-25.4159600303603],[152.911778786411,-25.4148003412568],[152.911740729409,-25.4147602415731],[152.911447864555,-25.4144121481747]]]}","{""OBJECTID"":910955,""EVENT_ID"":""26WB8888"",""TYPE"":""UNPLANNED"",""STATUS"":""Outage reported"",""CUSTOMERS_AFFECTED"":91,""SUBURBS"":""RIVER HEADS"",""STREETS"":""CECILY TCE, FERRIS AVE, FRASER DR, GAIL ST, ISLAND OTLK, JOYCELYN TCE, RIVER HEADS RD, WOLFE ST"",""START"":1790397420000,""FINISH"":null,""EST_FIX_TIME"":null,""REASON"":""The loss of supply is due to damage requiring emergency repairs. Fault finding is in progress."",""CRC"":""19972D5A"",""EXTRACTED"":1790398804999,""SHAPE__Area"":237775.703125,""SHAPE__Length"":1926.0257282161792}"
2026-09-26T05:45:37Z,2026-09-26T15:45:37+10:00,au.qld.ergon,Ergon Energy,au.qld.ergon|unplanned|910955,910955,unplanned,Crews on route,The loss of supply is due to damage requiring emergency repairs. Fault finding is in progress.,91,true,RIVER HEADS,"CECILY TCE, FERRIS AVE, FRASER DR, GAIL ST, ISLAND OTLK, JOYCELYN TCE, RIVER HEADS RD, WOLFE ST",2026-09-26T04:37:00Z,,152.9132210,-25.4129552,Fraser Coast Regional,3220,https://services.arcgis.com/33eHbTVqo7gtiCE8/arcgis/rest/services/VwErgonOutages/FeatureServer/0,Polygon,"{""type"":""Polygon"",""coordinates"":[[[152.911447864555,-25.4144121481747],[152.91134835053,-25.414097210311],[152.911438762337,-25.4132219391003],[152.911441786836,-25.4131990095048],[152.911918823431,-25.4102302771691],[152.912280077832,-25.409861060689],[152.913009066961,-25.4096830102885],[152.913582053026,-25.4099192329645],[152.914712435352,-25.412013062547],[152.914722359605,-25.4120326161482],[152.915419559963,-25.4134975701183],[152.915452513972,-25.4137547930168],[152.915421315431,-25.413913823779],[152.915323849789,-25.4141119820237],[152.913762852108,-25.4159239967895],[152.913017719754,-25.4159600303603],[152.911778786411,-25.4148003412568],[152.911740729409,-25.4147602415731],[152.911447864555,-25.4144121481747]]]}","{""OBJECTID"":910955,""EVENT_ID"":""26WB8888"",""TYPE"":""UNPLANNED"",""STATUS"":""Crews on route"",""CUSTOMERS_AFFECTED"":91,""SUBURBS"":""RIVER HEADS"",""STREETS"":""CECILY TCE, FERRIS AVE, FRASER DR, GAIL ST, ISLAND OTLK, JOYCELYN TCE, RIVER HEADS RD, WOLFE ST"",""START"":1790397420000,""FINISH"":null,""EST_FIX_TIME"":null,""REASON"":""The loss of supply is due to damage requiring emergency repairs. Fault finding is in progress."",""CRC"":""B5BA90F6"",""EXTRACTED"":1790400903766,""SHAPE__Area"":237775.703125,""SHAPE__Length"":1926.0257282161792}"
2026-09-26T06:00:55Z,2026-09-26T16:00:55+10:00,au.qld.energex,Energex,au.qld.energex|unplanned|INCD-983694-g,INCD-983694-g,unplanned,Awaiting,Emergency Repairs,24,true,"MOORINA, ROCKSBERG","CABOOLTURE RIVER RD, SPRINGFLATS CT",2026-09-26T05:47:15Z,2026-09-26T08:30:00Z,152.8742733,-27.1276238,Moreton Bay City,5010,https://services.arcgis.com/bfVzktoY0OhzQCDj/ArcGIS/rest/services/VwEnergexOutages/FeatureServer/0,Polygon,"{""type"":""Polygon"",""coordinates"":[[[152.869058965423,-27.1324105988965],[152.86900521331,-27.131928516176],[152.875409596599,-27.1205621258379],[152.875905423776,-27.1203157387537],[152.876343951087,-27.1206375668691],[152.878589978997,-27.1274475277999],[152.878609877722,-27.1275996406344],[152.878559562893,-27.1284334312314],[152.878411361729,-27.1287293315801],[152.877279640656,-27.1297353443339],[152.877197617471,-27.1297944011089],[152.87103064437,-27.1333549036876],[152.87053353698,-27.1333802860515],[152.869617385086,-27.1329751750188],[152.869444165584,-27.1328493393007],[152.869058965423,-27.1324105988965]]]}","{""OBJECTID"":413297,""EVENT_ID"":""INCD-983694-g"",""TYPE"":""UNPLANNED"",""STATUS"":""Awaiting"",""CUSTOMERS_AFFECTED"":24,""SUBURBS"":""MOORINA, ROCKSBERG"",""STREETS"":""CABOOLTURE RIVER RD, SPRINGFLATS CT"",""START"":1790401635016,""FINISH"":null,""EST_FIX_TIME"":1790411400000,""REASON"":""Emergency Repairs"",""CRC"":""3D8B91F6"",""EXTRACTED"":1790401804872,""SHAPE__Area"":851084.96484375,""SHAPE__Length"":4101.281093209664}"
2026-09-26T06:00:55Z,2026-09-26T16:00:55+10:00,au.qld.ergon,Ergon Energy,au.qld.ergon|unplanned|910955,910955,unplanned,Crews on route,The loss of supply is due to damage requiring emergency repairs. Fault finding is in progress.,91,true,RIVER HEADS,"CECILY TCE, FERRIS AVE, FRASER DR, GAIL ST, ISLAND OTLK, JOYCELYN TCE, RIVER HEADS RD, WOLFE ST",2026-09-26T04:37:00Z,,152.9132210,-25.4129552,Fraser Coast Regional,3220,https://services.arcgis.com/33eHbTVqo7gtiCE8/arcgis/rest/services/VwErgonOutages/FeatureServer/0,Polygon,"{""type"":""Polygon"",""coordinates"":[[[152.911447864555,-25.4144121481747],[152.91134835053,-25.414097210311],[152.911438762337,-25.4132219391003],[152.911441786836,-25.4131990095048],[152.911918823431,-25.4102302771691],[152.912280077832,-25.409861060689],[152.913009066961,-25.4096830102885],[152.913582053026,-25.4099192329645],[152.914712435352,-25.412013062547],[152.914722359605,-25.4120326161482],[152.915419559963,-25.4134975701183],[152.915452513972,-25.4137547930168],[152.915421315431,-25.413913823779],[152.915323849789,-25.4141119820237],[152.913762852108,-25.4159239967895],[152.913017719754,-25.4159600303603],[152.911778786411,-25.4148003412568],[152.911740729409,-25.4147602415731],[152.911447864555,-25.4144121481747]]]}","{""OBJECTID"":910955,""EVENT_ID"":""26WB8888"",""TYPE"":""UNPLANNED"",""STATUS"":""Crews on route"",""CUSTOMERS_AFFECTED"":91,""SUBURBS"":""RIVER HEADS"",""STREETS"":""CECILY TCE, FERRIS AVE, FRASER DR, GAIL ST, ISLAND OTLK, JOYCELYN TCE, RIVER HEADS RD, WOLFE ST"",""START"":1790397420000,""FINISH"":null,""EST_FIX_TIME"":null,""REASON"":""The loss of supply is due to damage requiring emergency repairs. Fault finding is in progress."",""CRC"":""B5BA90F6"",""EXTRACTED"":1790400903766,""SHAPE__Area"":237775.703125,""SHAPE__Length"":1926.0257282161792}"
2026-09-26T06:15:39Z,2026-09-26T16:15:39+10:00,au.qld.energex,Energex,au.qld.energex|unplanned|INCD-983694-g,INCD-983694-g,unplanned,Awaiting,Emergency Repairs,24,true,"MOORINA, ROCKSBERG","CABOOLTURE RIVER RD, SPRINGFLATS CT",2026-09-26T05:47:15Z,2026-09-26T08:30:00Z,152.8742733,-27.1276238,Moreton Bay City,5010,https://services.arcgis.com/bfVzktoY0OhzQCDj/ArcGIS/rest/services/VwEnergexOutages/FeatureServer/0,Polygon,"{""type"":""Polygon"",""coordinates"":[[[152.869058965423,-27.1324105988965],[152.86900521331,-27.131928516176],[152.875409596599,-27.1205621258379],[152.875905423776,-27.1203157387537],[152.876343951087,-27.1206375668691],[152.878589978997,-27.1274475277999],[152.878609877722,-27.1275996406344],[152.878559562893,-27.1284334312314],[152.878411361729,-27.1287293315801],[152.877279640656,-27.1297353443339],[152.877197617471,-27.1297944011089],[152.87103064437,-27.1333549036876],[152.87053353698,-27.1333802860515],[152.869617385086,-27.1329751750188],[152.869444165584,-27.1328493393007],[152.869058965423,-27.1324105988965]]]}","{""OBJECTID"":413297,""EVENT_ID"":""INCD-983694-g"",""TYPE"":""UNPLANNED"",""STATUS"":""Awaiting"",""CUSTOMERS_AFFECTED"":24,""SUBURBS"":""MOORINA, ROCKSBERG"",""STREETS"":""CABOOLTURE RIVER RD, SPRINGFLATS CT"",""START"":1790401635016,""FINISH"":null,""EST_FIX_TIME"":1790411400000,""REASON"":""Emergency Repairs"",""CRC"":""3D8B91F6"",""EXTRACTED"":1790401804872,""SHAPE__Area"":851084.96484375,""SHAPE__Length"":4101.281093209664}"
2026-09-26T06:15:39Z,2026-09-26T16:15:39+10:00,au.qld.ergon,Ergon Energy,au.qld.ergon|unplanned|910955,910955,unplanned,Crews on route,The loss of supply is due to damage requiring emergency repairs. Fault finding is in progress.,91,true,RIVER HEADS,"CECILY TCE, FERRIS AVE, FRASER DR, GAIL ST, ISLAND OTLK, JOYCELYN TCE, RIVER HEADS RD, WOLFE ST",2026-09-26T04:37:00Z,,152.9132210,-25.4129552,Fraser Coast Regional,3220,https://services.arcgis.com/33eHbTVqo7gtiCE8/arcgis/rest/services/VwErgonOutages/FeatureServer/0,Polygon,"{""type"":""Polygon"",""coordinates"":[[[152.911447864555,-25.4144121481747],[152.91134835053,-25.414097210311],[152.911438762337,-25.4132219391003],[152.911441786836,-25.4131990095048],[152.911918823431,-25.4102302771691],[152.912280077832,-25.409861060689],[152.913009066961,-25.4096830102885],[152.913582053026,-25.4099192329645],[152.914712435352,-25.412013062547],[152.914722359605,-25.4120326161482],[152.915419559963,-25.4134975701183],[152.915452513972,-25.4137547930168],[152.915421315431,-25.413913823779],[152.915323849789,-25.4141119820237],[152.913762852108,-25.4159239967895],[152.913017719754,-25.4159600303603],[152.911778786411,-25.4148003412568],[152.911740729409,-25.4147602415731],[152.911447864555,-25.4144121481747]]]}","{""OBJECTID"":910955,""EVENT_ID"":""26WB8888"",""TYPE"":""UNPLANNED"",""STATUS"":""Crews on route"",""CUSTOMERS_AFFECTED"":91,""SUBURBS"":""RIVER HEADS"",""STREETS"":""CECILY TCE, FERRIS AVE, FRASER DR, GAIL ST, ISLAND OTLK, JOYCELYN TCE, RIVER HEADS RD, WOLFE ST"",""START"":1790397420000,""FINISH"":null,""EST_FIX_TIME"":null,""REASON"":""The loss of supply is due to damage requiring emergency repairs. Fault finding is in progress."",""CRC"":""B5BA90F6"",""EXTRACTED"":1790400903766,""SHAPE__Area"":237775.703125,""SHAPE__Length"":1926.0257282161792}"
2026-09-26T06:30:52Z,2026-09-26T16:30:52+10:00,au.qld.energex,Energex,au.qld.energex|unplanned|INCD-983694-g,INCD-983694-g,unplanned,Awaiting,Emergency Repairs,24,true,"MOORINA, ROCKSBERG","CABOOLTURE RIVER RD, SPRINGFLATS CT",2026-09-26T05:47:15Z,2026-09-26T08:30:00Z,152.8742733,-27.1276238,Moreton Bay City,5010,https://services.arcgis.com/bfVzktoY0OhzQCDj/ArcGIS/rest/services/VwEnergexOutages/FeatureServer/0,Polygon,"{""type"":""Polygon"",""coordinates"":[[[152.869058965423,-27.1324105988965],[152.86900521331,-27.131928516176],[152.875409596599,-27.1205621258379],[152.875905423776,-27.1203157387537],[152.876343951087,-27.1206375668691],[152.878589978997,-27.1274475277999],[152.878609877722,-27.1275996406344],[152.878559562893,-27.1284334312314],[152.878411361729,-27.1287293315801],[152.877279640656,-27.1297353443339],[152.877197617471,-27.1297944011089],[152.87103064437,-27.1333549036876],[152.87053353698,-27.1333802860515],[152.869617385086,-27.1329751750188],[152.869444165584,-27.1328493393007],[152.869058965423,-27.1324105988965]]]}","{""OBJECTID"":413297,""EVENT_ID"":""INCD-983694-g"",""TYPE"":""UNPLANNED"",""STATUS"":""Awaiting"",""CUSTOMERS_AFFECTED"":24,""SUBURBS"":""MOORINA, ROCKSBERG"",""STREETS"":""CABOOLTURE RIVER RD, SPRINGFLATS CT"",""START"":1790401635016,""FINISH"":null,""EST_FIX_TIME"":1790411400000,""REASON"":""Emergency Repairs"",""CRC"":""3D8B91F6"",""EXTRACTED"":1790401804872,""SHAPE__Area"":851084.96484375,""SHAPE__Length"":4101.281093209664}"
2026-09-26T06:30:52Z,2026-09-26T16:30:52+10:00,au.qld.ergon,Ergon Energy,au.qld.ergon|unplanned|910955,910955,unplanned,Crews on route,The loss of supply is due to damage requiring emergency repairs. Fault finding is in progress.,91,true,RIVER HEADS,"CECILY TCE, FERRIS AVE, FRASER DR, GAIL ST, ISLAND OTLK, JOYCELYN TCE, RIVER HEADS RD, WOLFE ST",2026-09-26T04:37:00Z,,152.9132210,-25.4129552,Fraser Coast Regional,3220,https://services.arcgis.com/33eHbTVqo7gtiCE8/arcgis/rest/services/VwErgonOutages/FeatureServer/0,Polygon,"{""type"":""Polygon"",""coordinates"":[[[152.911447864555,-25.4144121481747],[152.91134835053,-25.414097210311],[152.911438762337,-25.4132219391003],[152.911441786836,-25.4131990095048],[152.911918823431,-25.4102302771691],[152.912280077832,-25.409861060689],[152.913009066961,-25.4096830102885],[152.913582053026,-25.4099192329645],[152.914712435352,-25.412013062547],[152.914722359605,-25.4120326161482],[152.915419559963,-25.4134975701183],[152.915452513972,-25.4137547930168],[152.915421315431,-25.413913823779],[152.915323849789,-25.4141119820237],[152.913762852108,-25.4159239967895],[152.913017719754,-25.4159600303603],[152.911778786411,-25.4148003412568],[152.911740729409,-25.4147602415731],[152.911447864555,-25.4144121481747]]]}","{""OBJECTID"":910955,""EVENT_ID"":""26WB8888"",""TYPE"":""UNPLANNED"",""STATUS"":""Crews on route"",""CUSTOMERS_AFFECTED"":91,""SUBURBS"":""RIVER HEADS"",""STREETS"":""CECILY TCE, FERRIS AVE, FRASER DR, GAIL ST, ISLAND OTLK, JOYCELYN TCE, RIVER HEADS RD, WOLFE ST"",""START"":1790397420000,""FINISH"":null,""EST_FIX_TIME"":null,""REASON"":""The loss of supply is due to damage requiring emergency repairs. Fault finding is in progress."",""CRC"":""B5BA90F6"",""EXTRACTED"":1790400903766,""SHAPE__Area"":237775.703125,""SHAPE__Length"":1926.0257282161792}"
2026-09-26T06:45:43Z,2026-09-26T16:45:43+10:00,au.qld.energex,Energex,au.qld.energex|unplanned|INCD-983694-g,INCD-983694-g,unplanned,Awaiting,Emergency Repairs,24,true,"MOORINA, ROCKSBERG","CABOOLTURE RIVER RD, SPRINGFLATS CT",2026-09-26T05:47:15Z,2026-09-26T08:30:00Z,152.8742733,-27.1276238,Moreton Bay City,5010,https://services.arcgis.com/bfVzktoY0OhzQCDj/ArcGIS/rest/services/VwEnergexOutages/FeatureServer/0,Polygon,"{""type"":""Polygon"",""coordinates"":[[[152.869058965423,-27.1324105988965],[152.86900521331,-27.131928516176],[152.875409596599,-27.1205621258379],[152.875905423776,-27.1203157387537],[152.876343951087,-27.1206375668691],[152.878589978997,-27.1274475277999],[152.878609877722,-27.1275996406344],[152.878559562893,-27.1284334312314],[152.878411361729,-27.1287293315801],[152.877279640656,-27.1297353443339],[152.877197617471,-27.1297944011089],[152.87103064437,-27.1333549036876],[152.87053353698,-27.1333802860515],[152.869617385086,-27.1329751750188],[152.869444165584,-27.1328493393007],[152.869058965423,-27.1324105988965]]]}","{""OBJECTID"":413297,""EVENT_ID"":""INCD-983694-g"",""TYPE"":""UNPLANNED"",""STATUS"":""Awaiting"",""CUSTOMERS_AFFECTED"":24,""SUBURBS"":""MOORINA, ROCKSBERG"",""STREETS"":""CABOOLTURE RIVER RD, SPRINGFLATS CT"",""START"":1790401635016,""FINISH"":null,""EST_FIX_TIME"":1790411400000,""REASON"":""Emergency Repairs"",""CRC"":""3D8B91F6"",""EXTRACTED"":1790401804872,""SHAPE__Area"":851084.96484375,""SHAPE__Length"":4101.281093209664}"
2026-09-26T07:00:55Z,2026-09-26T17:00:55+10:00,au.qld.energex,Energex,au.qld.energex|unplanned|INCD-983694-g,INCD-983694-g,unplanned,Awaiting,Emergency Repairs,24,true,"MOORINA, ROCKSBERG","CABOOLTURE RIVER RD, SPRINGFLATS CT",2026-09-26T05:47:15Z,2026-09-26T08:30:00Z,152.8742733,-27.1276238,Moreton Bay City,5010,https://services.arcgis.com/bfVzktoY0OhzQCDj/ArcGIS/rest/services/VwEnergexOutages/FeatureServer/0,Polygon,"{""type"":""Polygon"",""coordinates"":[[[152.869058965423,-27.1324105988965],[152.86900521331,-27.131928516176],[152.875409596599,-27.1205621258379],[152.875905423776,-27.1203157387537],[152.876343951087,-27.1206375668691],[152.878589978997,-27.1274475277999],[152.878609877722,-27.1275996406344],[152.878559562893,-27.1284334312314],[152.878411361729,-27.1287293315801],[152.877279640656,-27.1297353443339],[152.877197617471,-27.1297944011089],[152.87103064437,-27.1333549036876],[152.87053353698,-27.1333802860515],[152.869617385086,-27.1329751750188],[152.869444165584,-27.1328493393007],[152.869058965423,-27.1324105988965]]]}","{""OBJECTID"":413297,""EVENT_ID"":""INCD-983694-g"",""TYPE"":""UNPLANNED"",""STATUS"":""Awaiting"",""CUSTOMERS_AFFECTED"":24,""SUBURBS"":""MOORINA, ROCKSBERG"",""STREETS"":""CABOOLTURE RIVER RD, SPRINGFLATS CT"",""START"":1790401635016,""FINISH"":null,""EST_FIX_TIME"":1790411400000,""REASON"":""Emergency Repairs"",""CRC"":""3D8B91F6"",""EXTRACTED"":1790401804872,""SHAPE__Area"":851084.96484375,""SHAPE__Length"":4101.281093209664}"
2026-09-26T07:15:40Z,2026-09-26T17:15:40+10:00,au.qld.energex,Energex,au.qld.energex|unplanned|INCD-983694-g,INCD-983694-g,unplanned,Awaiting,Emergency Repairs,24,true,"MOORINA, ROCKSBERG","CABOOLTURE RIVER RD, SPRINGFLATS CT",2026-09-26T05:47:15Z,2026-09-26T08:30:00Z,152.8742733,-27.1276238,Moreton Bay City,5010,https://services.arcgis.com/bfVzktoY0OhzQCDj/ArcGIS/rest/services/VwEnergexOutages/FeatureServer/0,Polygon,"{""type"":""Polygon"",""coordinates"":[[[152.869058965423,-27.1324105988965],[152.86900521331,-27.131928516176],[152.875409596599,-27.1205621258379],[152.875905423776,-27.1203157387537],[152.876343951087,-27.1206375668691],[152.878589978997,-27.1274475277999],[152.878609877722,-27.1275996406344],[152.878559562893,-27.1284334312314],[152.878411361729,-27.1287293315801],[152.877279640656,-27.1297353443339],[152.877197617471,-27.1297944011089],[152.87103064437,-27.1333549036876],[152.87053353698,-27.1333802860515],[152.869617385086,-27.1329751750188],[152.869444165584,-27.1328493393007],[152.869058965423,-27.1324105988965]]]}","{""OBJECTID"":413297,""EVENT_ID"":""INCD-983694-g"",""TYPE"":""UNPLANNED"",""STATUS"":""Awaiting"",""CUSTOMERS_AFFECTED"":24,""SUBURBS"":""MOORINA, ROCKSBERG"",""STREETS"":""CABOOLTURE RIVER RD, SPRINGFLATS CT"",""START"":1790401635016,""FINISH"":null,""EST_FIX_TIME"":1790411400000,""REASON"":""Emergency Repairs"",""CRC"":""3D8B91F6"",""EXTRACTED"":1790401804872,""SHAPE__Area"":851084.96484375,""SHAPE__Length"":4101.281093209664}"
2026-09-26T07:31:06Z,2026-09-26T17:31:06+10:00,au.qld.energex,Energex,au.qld.energex|unplanned|INCD-983694-g,INCD-983694-g,unplanned,Awaiting,Emergency Repairs,24,true,"MOORINA, ROCKSBERG","CABOOLTURE RIVER RD, SPRINGFLATS CT",2026-09-26T05:47:15Z,2026-09-26T08:30:00Z,152.8742733,-27.1276238,Moreton Bay City,5010,https://services.arcgis.com/bfVzktoY0OhzQCDj/ArcGIS/rest/services/VwEnergexOutages/FeatureServer/0,Polygon,"{""type"":""Polygon"",""coordinates"":[[[152.869058965423,-27.1324105988965],[152.86900521331,-27.131928516176],[152.875409596599,-27.1205621258379],[152.875905423776,-27.1203157387537],[152.876343951087,-27.1206375668691],[152.878589978997,-27.1274475277999],[152.878609877722,-27.1275996406344],[152.878559562893,-27.1284334312314],[152.878411361729,-27.1287293315801],[152.877279640656,-27.1297353443339],[152.877197617471,-27.1297944011089],[152.87103064437,-27.1333549036876],[152.87053353698,-27.1333802860515],[152.869617385086,-27.1329751750188],[152.869444165584,-27.1328493393007],[152.869058965423,-27.1324105988965]]]}","{""OBJECTID"":413297,""EVENT_ID"":""INCD-983694-g"",""TYPE"":""UNPLANNED"",""STATUS"":""Awaiting"",""CUSTOMERS_AFFECTED"":24,""SUBURBS"":""MOORINA, ROCKSBERG"",""STREETS"":""CABOOLTURE RIVER RD, SPRINGFLATS CT"",""START"":1790401635016,""FINISH"":null,""EST_FIX_TIME"":1790411400000,""REASON"":""Emergency Repairs"",""CRC"":""3D8B91F6"",""EXTRACTED"":1790401804872,""SHAPE__Area"":851084.96484375,""SHAPE__Length"":4101.281093209664}"
2026-09-26T07:45:39Z,2026-09-26T17:45:39+10:00,au.qld.energex,Energex,au.qld.energex|unplanned|INCD-983694-g,INCD-983694-g,unplanned,Awaiting,Emergency Repairs,24,true,"MOORINA, ROCKSBERG","CABOOLTURE RIVER RD, SPRINGFLATS CT",2026-09-26T05:47:15Z,2026-09-26T08:30:00Z,152.8742733,-27.1276238,Moreton Bay City,5010,https://services.arcgis.com/bfVzktoY0OhzQCDj/ArcGIS/rest/services/VwEnergexOutages/FeatureServer/0,Polygon,"{""type"":""Polygon"",""coordinates"":[[[152.869058965423,-27.1324105988965],[152.86900521331,-27.131928516176],[152.875409596599,-27.1205621258379],[152.875905423776,-27.1203157387537],[152.876343951087,-27.1206375668691],[152.878589978997,-27.1274475277999],[152.878609877722,-27.1275996406344],[152.878559562893,-27.1284334312314],[152.878411361729,-27.1287293315801],[152.877279640656,-27.1297353443339],[152.877197617471,-27.1297944011089],[152.87103064437,-27.1333549036876],[152.87053353698,-27.1333802860515],[152.869617385086,-27.1329751750188],[152.869444165584,-27.1328493393007],[152.869058965423,-27.1324105988965]]]}","{""OBJECTID"":413297,""EVENT_ID"":""INCD-983694-g"",""TYPE"":""UNPLANNED"",""STATUS"":""Awaiting"",""CUSTOMERS_AFFECTED"":24,""SUBURBS"":""MOORINA, ROCKSBERG"",""STREETS"":""CABOOLTURE RIVER RD, SPRINGFLATS CT"",""START"":1790401635016,""FINISH"":null,""EST_FIX_TIME"":1790411400000,""REASON"":""Emergency Repairs"",""CRC"":""3D8B91F6"",""EXTRACTED"":1790401804872,""SHAPE__Area"":851084.96484375,""SHAPE__Length"":4101.281093209664}"
2026-09-26T08:00:54Z,2026-09-26T18:00:54+10:00,au.qld.energex,Energex,au.qld.energex|unplanned|INCD-983694-g,INCD-983694-g,unplanned,Awaiting,Emergency Repairs,24,true,"MOORINA, ROCKSBERG","CABOOLTURE RIVER RD, SPRINGFLATS CT",2026-09-26T05:47:15Z,2026-09-26T10:30:00Z,152.8742733,-27.1276238,Moreton Bay City,5010,https://services.arcgis.com/bfVzktoY0OhzQCDj/ArcGIS/rest/services/VwEnergexOutages/FeatureServer/0,Polygon,"{""type"":""Polygon"",""coordinates"":[[[152.869058965423,-27.1324105988965],[152.86900521331,-27.131928516176],[152.875409596599,-27.1205621258379],[152.875905423776,-27.1203157387537],[152.876343951087,-27.1206375668691],[152.878589978997,-27.1274475277999],[152.878609877722,-27.1275996406344],[152.878559562893,-27.1284334312314],[152.878411361729,-27.1287293315801],[152.877279640656,-27.1297353443339],[152.877197617471,-27.1297944011089],[152.87103064437,-27.1333549036876],[152.87053353698,-27.1333802860515],[152.869617385086,-27.1329751750188],[152.869444165584,-27.1328493393007],[152.869058965423,-27.1324105988965]]]}","{""OBJECTID"":413297,""EVENT_ID"":""INCD-983694-g"",""TYPE"":""UNPLANNED"",""STATUS"":""Awaiting"",""CUSTOMERS_AFFECTED"":24,""SUBURBS"":""MOORINA, ROCKSBERG"",""STREETS"":""CABOOLTURE RIVER RD, SPRINGFLATS CT"",""START"":1790401635016,""FINISH"":null,""EST_FIX_TIME"":1790418600000,""REASON"":""Emergency Repairs"",""CRC"":""923018D6"",""EXTRACTED"":1790409004574,""SHAPE__Area"":851084.96484375,""SHAPE__Length"":4101.281093209664}"
2026-09-26T08:15:37Z,2026-09-26T18:15:37+10:00,au.qld.energex,Energex,au.qld.energex|unplanned|INCD-983694-g,INCD-983694-g,unplanned,Awaiting,Emergency Repairs,24,true,"MOORINA, ROCKSBERG","CABOOLTURE RIVER RD, SPRINGFLATS CT",2026-09-26T05:47:15Z,2026-09-26T10:30:00Z,152.8742733,-27.1276238,Moreton Bay City,5010,https://services.arcgis.com/bfVzktoY0OhzQCDj/ArcGIS/rest/services/VwEnergexOutages/FeatureServer/0,Polygon,"{""type"":""Polygon"",""coordinates"":[[[152.869058965423,-27.1324105988965],[152.86900521331,-27.131928516176],[152.875409596599,-27.1205621258379],[152.875905423776,-27.1203157387537],[152.876343951087,-27.1206375668691],[152.878589978997,-27.1274475277999],[152.878609877722,-27.1275996406344],[152.878559562893,-27.1284334312314],[152.878411361729,-27.1287293315801],[152.877279640656,-27.1297353443339],[152.877197617471,-27.1297944011089],[152.87103064437,-27.1333549036876],[152.87053353698,-27.1333802860515],[152.869617385086,-27.1329751750188],[152.869444165584,-27.1328493393007],[152.869058965423,-27.1324105988965]]]}","{""OBJECTID"":413297,""EVENT_ID"":""INCD-983694-g"",""TYPE"":""UNPLANNED"",""STATUS"":""Awaiting"",""CUSTOMERS_AFFECTED"":24,""SUBURBS"":""MOORINA, ROCKSBERG"",""STREETS"":""CABOOLTURE RIVER RD, SPRINGFLATS CT"",""START"":1790401635016,""FINISH"":null,""EST_FIX_TIME"":1790418600000,""REASON"":""Emergency Repairs"",""CRC"":""923018D6"",""EXTRACTED"":1790409004574,""SHAPE__Area"":851084.96484375,""SHAPE__Length"":4101.281093209664}"
2026-09-26T08:30:48Z,2026-09-26T18:30:48+10:00,au.qld.energex,Energex,au.qld.energex|unplanned|INCD-983694-g,INCD-983694-g,unplanned,Awaiting,Emergency Repairs,24,true,"MOORINA, ROCKSBERG","CABOOLTURE RIVER RD, SPRINGFLATS CT",2026-09-26T05:47:15Z,2026-09-26T10:30:00Z,152.8742733,-27.1276238,Moreton Bay City,5010,https://services.arcgis.com/bfVzktoY0OhzQCDj/ArcGIS/rest/services/VwEnergexOutages/FeatureServer/0,Polygon,"{""type"":""Polygon"",""coordinates"":[[[152.869058965423,-27.1324105988965],[152.86900521331,-27.131928516176],[152.875409596599,-27.1205621258379],[152.875905423776,-27.1203157387537],[152.876343951087,-27.1206375668691],[152.878589978997,-27.1274475277999],[152.878609877722,-27.1275996406344],[152.878559562893,-27.1284334312314],[152.878411361729,-27.1287293315801],[152.877279640656,-27.1297353443339],[152.877197617471,-27.1297944011089],[152.87103064437,-27.1333549036876],[152.87053353698,-27.1333802860515],[152.869617385086,-27.1329751750188],[152.869444165584,-27.1328493393007],[152.869058965423,-27.1324105988965]]]}","{""OBJECTID"":413297,""EVENT_ID"":""INCD-983694-g"",""TYPE"":""UNPLANNED"",""STATUS"":""Awaiting"",""CUSTOMERS_AFFECTED"":24,""SUBURBS"":""MOORINA, ROCKSBERG"",""STREETS"":""CABOOLTURE RIVER RD, SPRINGFLATS CT"",""START"":1790401635016,""FINISH"":null,""EST_FIX_TIME"":1790418600000,""REASON"":""Emergency Repairs"",""CRC"":""923018D6"",""EXTRACTED"":1790409004574,""SHAPE__Area"":851084.96484375,""SHAPE__Length"":4101.281093209664}"
2026-09-26T08:30:48Z,2026-09-26T18:30:48+10:00,au.qld.ergon,Ergon Energy,au.qld.ergon|unplanned|910957,910957,unplanned,Crews working on-site,The loss of supply is due to the operating of protective equipment.,5,true,"MOUNT GARNET, MOUNT SURPRISE","KELLYS CREEK, KENNEDY HWY, UNKNOWN ST",2026-09-26T08:17:29Z,,144.7509679,-18.3787612,Charters Towers Regional,2310,https://services.arcgis.com/33eHbTVqo7gtiCE8/arcgis/rest/services/VwErgonOutages/FeatureServer/0,Polygon,"{""type"":""Polygon"",""coordinates"":[[[144.738772509471,-18.4274198974111],[144.738206552418,-18.4275839107204],[144.737915154411,-18.4270926350192],[144.75432849197,-18.3299729050454],[144.754793609977,-18.329593208767],[144.755261606015,-18.3299696659988],[144.760778031119,-18.3611868836646],[144.760777980446,-18.3613374635875],[144.754390849436,-18.3973263133808],[144.754348677956,-18.3974506641807],[144.739089250805,-18.426970679067],[144.739055246425,-18.4270261216149],[144.738772509471,-18.4274198974111]]]}","{""OBJECTID"":910957,""EVENT_ID"":""26FN9488"",""TYPE"":""UNPLANNED"",""STATUS"":""Outage reported"",""CUSTOMERS_AFFECTED"":5,""SUBURBS"":""MOUNT GARNET, MOUNT SURPRISE"",""STREETS"":""KELLYS CREEK, KENNEDY HWY, UNKNOWN ST"",""START"":1790410649000,""FINISH"":null,""EST_FIX_TIME"":null,""REASON"":""The loss of supply is due to the operating of protective equipment. "",""CRC"":""EFCECDFB"",""EXTRACTED"":1790411104319,""SHAPE__Area"":10503512.16015625,""SHAPE__Length"":23753.95609611841}"
2026-09-26T08:45:37Z,2026-09-26T18:45:37+10:00,au.qld.energex,Energex,au.qld.energex|unplanned|INCD-983694-g,INCD-983694-g,unplanned,Awaiting,Emergency Repairs,24,true,"MOORINA, ROCKSBERG","CABOOLTURE RIVER RD, SPRINGFLATS CT",2026-09-26T05:47:15Z,2026-09-26T10:30:00Z,152.8742733,-27.1276238,Moreton Bay City,5010,https://services.arcgis.com/bfVzktoY0OhzQCDj/ArcGIS/rest/services/VwEnergexOutages/FeatureServer/0,Polygon,"{""type"":""Polygon"",""coordinates"":[[[152.869058965423,-27.1324105988965],[152.86900521331,-27.131928516176],[152.875409596599,-27.1205621258379],[152.875905423776,-27.1203157387537],[152.876343951087,-27.1206375668691],[152.878589978997,-27.1274475277999],[152.878609877722,-27.1275996406344],[152.878559562893,-27.1284334312314],[152.878411361729,-27.1287293315801],[152.877279640656,-27.1297353443339],[152.877197617471,-27.1297944011089],[152.87103064437,-27.1333549036876],[152.87053353698,-27.1333802860515],[152.869617385086,-27.1329751750188],[152.869444165584,-27.1328493393007],[152.869058965423,-27.1324105988965]]]}","{""OBJECTID"":413297,""EVENT_ID"":""INCD-983694-g"",""TYPE"":""UNPLANNED"",""STATUS"":""Awaiting"",""CUSTOMERS_AFFECTED"":24,""SUBURBS"":""MOORINA, ROCKSBERG"",""STREETS"":""CABOOLTURE RIVER RD, SPRINGFLATS CT"",""START"":1790401635016,""FINISH"":null,""EST_FIX_TIME"":1790418600000,""REASON"":""Emergency Repairs"",""CRC"":""923018D6"",""EXTRACTED"":1790409004574,""SHAPE__Area"":851084.96484375,""SHAPE__Length"":4101.281093209664}"
2026-09-26T08:45:37Z,2026-09-26T18:45:37+10:00,au.qld.ergon,Ergon Energy,au.qld.ergon|unplanned|910957,910957,unplanned,Crews working on-site,The loss of supply is due to the operating of protective equipment.,5,true,"MOUNT GARNET, MOUNT SURPRISE","KELLYS CREEK, KENNEDY HWY, UNKNOWN ST",2026-09-26T08:17:29Z,,144.7509679,-18.3787612,Charters Towers Regional,2310,https://services.arcgis.com/33eHbTVqo7gtiCE8/arcgis/rest/services/VwErgonOutages/FeatureServer/0,Polygon,"{""type"":""Polygon"",""coordinates"":[[[144.738772509471,-18.4274198974111],[144.738206552418,-18.4275839107204],[144.737915154411,-18.4270926350192],[144.75432849197,-18.3299729050454],[144.754793609977,-18.329593208767],[144.755261606015,-18.3299696659988],[144.760778031119,-18.3611868836646],[144.760777980446,-18.3613374635875],[144.754390849436,-18.3973263133808],[144.754348677956,-18.3974506641807],[144.739089250805,-18.426970679067],[144.739055246425,-18.4270261216149],[144.738772509471,-18.4274198974111]]]}","{""OBJECTID"":910957,""EVENT_ID"":""26FN9488"",""TYPE"":""UNPLANNED"",""STATUS"":""Work delayed - crews unable to continue"",""CUSTOMERS_AFFECTED"":5,""SUBURBS"":""MOUNT GARNET, MOUNT SURPRISE"",""STREETS"":""KELLYS CREEK, KENNEDY HWY, UNKNOWN ST"",""START"":1790410649000,""FINISH"":null,""EST_FIX_TIME"":null,""REASON"":""The loss of supply is due to the operating of protective equipment. "",""CRC"":""812C1A20"",""EXTRACTED"":1790411705017,""SHAPE__Area"":10503512.16015625,""SHAPE__Length"":23753.95609611841}"
2026-09-26T09:00:55Z,2026-09-26T19:00:55+10:00,au.qld.energex,Energex,au.qld.energex|unplanned|INCD-983694-g,INCD-983694-g,unplanned,Awaiting,Emergency Repairs,24,true,"MOORINA, ROCKSBERG","CABOOLTURE RIVER RD, SPRINGFLATS CT",2026-09-26T05:47:15Z,2026-09-26T10:30:00Z,152.8742733,-27.1276238,Moreton Bay City,5010,https://services.arcgis.com/bfVzktoY0OhzQCDj/ArcGIS/rest/services/VwEnergexOutages/FeatureServer/0,Polygon,"{""type"":""Polygon"",""coordinates"":[[[152.869058965423,-27.1324105988965],[152.86900521331,-27.131928516176],[152.875409596599,-27.1205621258379],[152.875905423776,-27.1203157387537],[152.876343951087,-27.1206375668691],[152.878589978997,-27.1274475277999],[152.878609877722,-27.1275996406344],[152.878559562893,-27.1284334312314],[152.878411361729,-27.1287293315801],[152.877279640656,-27.1297353443339],[152.877197617471,-27.1297944011089],[152.87103064437,-27.1333549036876],[152.87053353698,-27.1333802860515],[152.869617385086,-27.1329751750188],[152.869444165584,-27.1328493393007],[152.869058965423,-27.1324105988965]]]}","{""OBJECTID"":413297,""EVENT_ID"":""INCD-983694-g"",""TYPE"":""UNPLANNED"",""STATUS"":""Awaiting"",""CUSTOMERS_AFFECTED"":24,""SUBURBS"":""MOORINA, ROCKSBERG"",""STREETS"":""CABOOLTURE RIVER RD, SPRINGFLATS CT"",""START"":1790401635016,""FINISH"":null,""EST_FIX_TIME"":1790418600000,""REASON"":""Emergency Repairs"",""CRC"":""923018D6"",""EXTRACTED"":1790409004574,""SHAPE__Area"":851084.96484375,""SHAPE__Length"":4101.281093209664}"
2026-09-26T09:00:55Z,2026-09-26T19:00:55+10:00,au.qld.ergon,Ergon Energy,au.qld.ergon|unplanned|910957,910957,unplanned,Crews working on-site,The loss of supply is due to the operating of protective equipment.,5,true,"MOUNT GARNET, MOUNT SURPRISE","KELLYS CREEK, KENNEDY HWY, UNKNOWN ST",2026-09-26T08:17:29Z,,144.7509679,-18.3787612,Charters Towers Regional,2310,https://services.arcgis.com/33eHbTVqo7gtiCE8/arcgis/rest/services/VwErgonOutages/FeatureServer/0,Polygon,"{""type"":""Polygon"",""coordinates"":[[[144.738772509471,-18.4274198974111],[144.738206552418,-18.4275839107204],[144.737915154411,-18.4270926350192],[144.75432849197,-18.3299729050454],[144.754793609977,-18.329593208767],[144.755261606015,-18.3299696659988],[144.760778031119,-18.3611868836646],[144.760777980446,-18.3613374635875],[144.754390849436,-18.3973263133808],[144.754348677956,-18.3974506641807],[144.739089250805,-18.426970679067],[144.739055246425,-18.4270261216149],[144.738772509471,-18.4274198974111]]]}","{""OBJECTID"":910957,""EVENT_ID"":""26FN9488"",""TYPE"":""UNPLANNED"",""STATUS"":""Work delayed - crews unable to continue"",""CUSTOMERS_AFFECTED"":5,""SUBURBS"":""MOUNT GARNET, MOUNT SURPRISE"",""STREETS"":""KELLYS CREEK, KENNEDY HWY, UNKNOWN ST"",""START"":1790410649000,""FINISH"":null,""EST_FIX_TIME"":null,""REASON"":""The loss of supply is due to the operating of protective equipment. "",""CRC"":""812C1A20"",""EXTRACTED"":1790411705017,""SHAPE__Area"":10503512.16015625,""SHAPE__Length"":23753.95609611841}"
2026-09-26T09:15:38Z,2026-09-26T19:15:38+10:00,au.qld.energex,Energex,au.qld.energex|unplanned|INCD-983694-g,INCD-983694-g,unplanned,Awaiting,Emergency Repairs,24,true,"MOORINA, ROCKSBERG","CABOOLTURE RIVER RD, SPRINGFLATS CT",2026-09-26T05:47:15Z,2026-09-26T10:30:00Z,152.8742733,-27.1276238,Moreton Bay City,5010,https://services.arcgis.com/bfVzktoY0OhzQCDj/ArcGIS/rest/services/VwEnergexOutages/FeatureServer/0,Polygon,"{""type"":""Polygon"",""coordinates"":[[[152.869058965423,-27.1324105988965],[152.86900521331,-27.131928516176],[152.875409596599,-27.1205621258379],[152.875905423776,-27.1203157387537],[152.876343951087,-27.1206375668691],[152.878589978997,-27.1274475277999],[152.878609877722,-27.1275996406344],[152.878559562893,-27.1284334312314],[152.878411361729,-27.1287293315801],[152.877279640656,-27.1297353443339],[152.877197617471,-27.1297944011089],[152.87103064437,-27.1333549036876],[152.87053353698,-27.1333802860515],[152.869617385086,-27.1329751750188],[152.869444165584,-27.1328493393007],[152.869058965423,-27.1324105988965]]]}","{""OBJECTID"":413297,""EVENT_ID"":""INCD-983694-g"",""TYPE"":""UNPLANNED"",""STATUS"":""Awaiting"",""CUSTOMERS_AFFECTED"":24,""SUBURBS"":""MOORINA, ROCKSBERG"",""STREETS"":""CABOOLTURE RIVER RD, SPRINGFLATS CT"",""START"":1790401635016,""FINISH"":null,""EST_FIX_TIME"":1790418600000,""REASON"":""Emergency Repairs"",""CRC"":""923018D6"",""EXTRACTED"":1790409004574,""SHAPE__Area"":851084.96484375,""SHAPE__Length"":4101.281093209664}"
2026-09-26T09:15:38Z,2026-09-26T19:15:38+10:00,au.qld.ergon,Ergon Energy,au.qld.ergon|unplanned|910957,910957,unplanned,Crews working on-site,The loss of supply is due to the operating of protective equipment.,5,true,"MOUNT GARNET, MOUNT SURPRISE","KELLYS CREEK, KENNEDY HWY, UNKNOWN ST",2026-09-26T08:17:29Z,,144.7509679,-18.3787612,Charters Towers Regional,2310,https://services.arcgis.com/33eHbTVqo7gtiCE8/arcgis/rest/services/VwErgonOutages/FeatureServer/0,Polygon,"{""type"":""Polygon"",""coordinates"":[[[144.738772509471,-18.4274198974111],[144.738206552418,-18.4275839107204],[144.737915154411,-18.4270926350192],[144.75432849197,-18.3299729050454],[144.754793609977,-18.329593208767],[144.755261606015,-18.3299696659988],[144.760778031119,-18.3611868836646],[144.760777980446,-18.3613374635875],[144.754390849436,-18.3973263133808],[144.754348677956,-18.3974506641807],[144.739089250805,-18.426970679067],[144.739055246425,-18.4270261216149],[144.738772509471,-18.4274198974111]]]}","{""OBJECTID"":910957,""EVENT_ID"":""26FN9488"",""TYPE"":""UNPLANNED"",""STATUS"":""Work delayed - crews unable to continue"",""CUSTOMERS_AFFECTED"":5,""SUBURBS"":""MOUNT GARNET, MOUNT SURPRISE"",""STREETS"":""KELLYS CREEK, KENNEDY HWY, UNKNOWN ST"",""START"":1790410649000,""FINISH"":null,""EST_FIX_TIME"":null,""REASON"":""The loss of supply is due to the operating of protective equipment. "",""CRC"":""812C1A20"",""EXTRACTED"":1790411705017,""SHAPE__Area"":10503512.16015625,""SHAPE__Length"":23753.95609611841}"
2026-09-26T09:30:51Z,2026-09-26T19:30:51+10:00,au.qld.energex,Energex,au.qld.energex|unplanned|INCD-983694-g,INCD-983694-g,unplanned,Awaiting,Emergency Repairs,24,true,"MOORINA, ROCKSBERG","CABOOLTURE RIVER RD, SPRINGFLATS CT",2026-09-26T05:47:15Z,2026-09-26T10:30:00Z,152.8742733,-27.1276238,Moreton Bay City,5010,https://services.arcgis.com/bfVzktoY0OhzQCDj/ArcGIS/rest/services/VwEnergexOutages/FeatureServer/0,Polygon,"{""type"":""Polygon"",""coordinates"":[[[152.869058965423,-27.1324105988965],[152.86900521331,-27.131928516176],[152.875409596599,-27.1205621258379],[152.875905423776,-27.1203157387537],[152.876343951087,-27.1206375668691],[152.878589978997,-27.1274475277999],[152.878609877722,-27.1275996406344],[152.878559562893,-27.1284334312314],[152.878411361729,-27.1287293315801],[152.877279640656,-27.1297353443339],[152.877197617471,-27.1297944011089],[152.87103064437,-27.1333549036876],[152.87053353698,-27.1333802860515],[152.869617385086,-27.1329751750188],[152.869444165584,-27.1328493393007],[152.869058965423,-27.1324105988965]]]}","{""OBJECTID"":413297,""EVENT_ID"":""INCD-983694-g"",""TYPE"":""UNPLANNED"",""STATUS"":""Awaiting"",""CUSTOMERS_AFFECTED"":24,""SUBURBS"":""MOORINA, ROCKSBERG"",""STREETS"":""CABOOLTURE RIVER RD, SPRINGFLATS CT"",""START"":1790401635016,""FINISH"":null,""EST_FIX_TIME"":1790418600000,""REASON"":""Emergency Repairs"",""CRC"":""923018D6"",""EXTRACTED"":1790409004574,""SHAPE__Area"":851084.96484375,""SHAPE__Length"":4101.281093209664}"
2026-09-26T09:30:51Z,2026-09-26T19:30:51+10:00,au.qld.ergon,Ergon Energy,au.qld.ergon|unplanned|910957,910957,unplanned,Crews working on-site,The loss of supply is due to the operating of protective equipment.,5,true,"MOUNT GARNET, MOUNT SURPRISE","KELLYS CREEK, KENNEDY HWY, UNKNOWN ST",2026-09-26T08:17:29Z,,144.7509679,-18.3787612,Charters Towers Regional,2310,https://services.arcgis.com/33eHbTVqo7gtiCE8/arcgis/rest/services/VwErgonOutages/FeatureServer/0,Polygon,"{""type"":""Polygon"",""coordinates"":[[[144.738772509471,-18.4274198974111],[144.738206552418,-18.4275839107204],[144.737915154411,-18.4270926350192],[144.75432849197,-18.3299729050454],[144.754793609977,-18.329593208767],[144.755261606015,-18.3299696659988],[144.760778031119,-18.3611868836646],[144.760777980446,-18.3613374635875],[144.754390849436,-18.3973263133808],[144.754348677956,-18.3974506641807],[144.739089250805,-18.426970679067],[144.739055246425,-18.4270261216149],[144.738772509471,-18.4274198974111]]]}","{""OBJECTID"":910957,""EVENT_ID"":""26FN9488"",""TYPE"":""UNPLANNED"",""STATUS"":""Work delayed - crews unable to continue"",""CUSTOMERS_AFFECTED"":5,""SUBURBS"":""MOUNT GARNET, MOUNT SURPRISE"",""STREETS"":""KELLYS CREEK, KENNEDY HWY, UNKNOWN ST"",""START"":1790410649000,""FINISH"":null,""EST_FIX_TIME"":null,""REASON"":""The loss of supply is due to the operating of protective equipment. "",""CRC"":""812C1A20"",""EXTRACTED"":1790411705017,""SHAPE__Area"":10503512.16015625,""SHAPE__Length"":23753.95609611841}"
2026-09-26T09:45:41Z,2026-09-26T19:45:41+10:00,au.qld.energex,Energex,au.qld.energex|unplanned|INCD-983694-g,INCD-983694-g,unplanned,Awaiting,Emergency Repairs,24,true,"MOORINA, ROCKSBERG","CABOOLTURE RIVER RD, SPRINGFLATS CT",2026-09-26T05:47:15Z,2026-09-26T10:30:00Z,152.8742733,-27.1276238,Moreton Bay City,5010,https://services.arcgis.com/bfVzktoY0OhzQCDj/ArcGIS/rest/services/VwEnergexOutages/FeatureServer/0,Polygon,"{""type"":""Polygon"",""coordinates"":[[[152.869058965423,-27.1324105988965],[152.86900521331,-27.131928516176],[152.875409596599,-27.1205621258379],[152.875905423776,-27.1203157387537],[152.876343951087,-27.1206375668691],[152.878589978997,-27.1274475277999],[152.878609877722,-27.1275996406344],[152.878559562893,-27.1284334312314],[152.878411361729,-27.1287293315801],[152.877279640656,-27.1297353443339],[152.877197617471,-27.1297944011089],[152.87103064437,-27.1333549036876],[152.87053353698,-27.1333802860515],[152.869617385086,-27.1329751750188],[152.869444165584,-27.1328493393007],[152.869058965423,-27.1324105988965]]]}","{""OBJECTID"":413297,""EVENT_ID"":""INCD-983694-g"",""TYPE"":""UNPLANNED"",""STATUS"":""Awaiting"",""CUSTOMERS_AFFECTED"":24,""SUBURBS"":""MOORINA, ROCKSBERG"",""STREETS"":""CABOOLTURE RIVER RD, SPRINGFLATS CT"",""START"":1790401635016,""FINISH"":null,""EST_FIX_TIME"":1790418600000,""REASON"":""Emergency Repairs"",""CRC"":""923018D6"",""EXTRACTED"":1790409004574,""SHAPE__Area"":851084.96484375,""SHAPE__Length"":4101.281093209664}"
2026-09-26T09:45:41Z,2026-09-26T19:45:41+10:00,au.qld.ergon,Ergon Energy,au.qld.ergon|unplanned|910957,910957,unplanned,Crews working on-site,The loss of supply is due to the operating of protective equipment.,5,true,"MOUNT GARNET, MOUNT SURPRISE","KELLYS CREEK, KENNEDY HWY, UNKNOWN ST",2026-09-26T08:17:29Z,,144.7509679,-18.3787612,Charters Towers Regional,2310,https://services.arcgis.com/33eHbTVqo7gtiCE8/arcgis/rest/services/VwErgonOutages/FeatureServer/0,Polygon,"{""type"":""Polygon"",""coordinates"":[[[144.738772509471,-18.4274198974111],[144.738206552418,-18.4275839107204],[144.737915154411,-18.4270926350192],[144.75432849197,-18.3299729050454],[144.754793609977,-18.329593208767],[144.755261606015,-18.3299696659988],[144.760778031119,-18.3611868836646],[144.760777980446,-18.3613374635875],[144.754390849436,-18.3973263133808],[144.754348677956,-18.3974506641807],[144.739089250805,-18.426970679067],[144.739055246425,-18.4270261216149],[144.738772509471,-18.4274198974111]]]}","{""OBJECTID"":910957,""EVENT_ID"":""26FN9488"",""TYPE"":""UNPLANNED"",""STATUS"":""Work delayed - crews unable to continue"",""CUSTOMERS_AFFECTED"":5,""SUBURBS"":""MOUNT GARNET, MOUNT SURPRISE"",""STREETS"":""KELLYS CREEK, KENNEDY HWY, UNKNOWN ST"",""START"":1790410649000,""FINISH"":null,""EST_FIX_TIME"":null,""REASON"":""The loss of supply is due to the operating of protective equipment. "",""CRC"":""812C1A20"",""EXTRACTED"":1790411705017,""SHAPE__Area"":10503512.16015625,""SHAPE__Length"":23753.95609611841}"
2026-09-26T10:01:31Z,2026-09-26T20:01:31+10:00,au.qld.energex,Energex,au.qld.energex|unplanned|INCD-983694-g,INCD-983694-g,unplanned,Awaiting,Emergency Repairs,24,true,"MOORINA, ROCKSBERG","CABOOLTURE RIVER RD, SPRINGFLATS CT",2026-09-26T05:47:15Z,2026-09-26T12:30:00Z,152.8742733,-27.1276238,Moreton Bay City,5010,https://services.arcgis.com/bfVzktoY0OhzQCDj/ArcGIS/rest/services/VwEnergexOutages/FeatureServer/0,Polygon,"{""type"":""Polygon"",""coordinates"":[[[152.869058965423,-27.1324105988965],[152.86900521331,-27.131928516176],[152.875409596599,-27.1205621258379],[152.875905423776,-27.1203157387537],[152.876343951087,-27.1206375668691],[152.878589978997,-27.1274475277999],[152.878609877722,-27.1275996406344],[152.878559562893,-27.1284334312314],[152.878411361729,-27.1287293315801],[152.877279640656,-27.1297353443339],[152.877197617471,-27.1297944011089],[152.87103064437,-27.1333549036876],[152.87053353698,-27.1333802860515],[152.869617385086,-27.1329751750188],[152.869444165584,-27.1328493393007],[152.869058965423,-27.1324105988965]]]}","{""OBJECTID"":413297,""EVENT_ID"":""INCD-983694-g"",""TYPE"":""UNPLANNED"",""STATUS"":""Awaiting"",""CUSTOMERS_AFFECTED"":24,""SUBURBS"":""MOORINA, ROCKSBERG"",""STREETS"":""CABOOLTURE RIVER RD, SPRINGFLATS CT"",""START"":1790401635016,""FINISH"":null,""EST_FIX_TIME"":1790425800000,""REASON"":""Emergency Repairs"",""CRC"":""14507235"",""EXTRACTED"":1790416204593,""SHAPE__Area"":851084.96484375,""SHAPE__Length"":4101.281093209664}"
2026-09-26T10:01:31Z,2026-09-26T20:01:31+10:00,au.qld.ergon,Ergon Energy,au.qld.ergon|unplanned|910957,910957,unplanned,Crews working on-site,The loss of supply is due to the operating of protective equipment.,5,true,"MOUNT GARNET, MOUNT SURPRISE","KELLYS CREEK, KENNEDY HWY, UNKNOWN ST",2026-09-26T08:17:29Z,,144.7509679,-18.3787612,Charters Towers Regional,2310,https://services.arcgis.com/33eHbTVqo7gtiCE8/arcgis/rest/services/VwErgonOutages/FeatureServer/0,Polygon,"{""type"":""Polygon"",""coordinates"":[[[144.738772509471,-18.4274198974111],[144.738206552418,-18.4275839107204],[144.737915154411,-18.4270926350192],[144.75432849197,-18.3299729050454],[144.754793609977,-18.329593208767],[144.755261606015,-18.3299696659988],[144.760778031119,-18.3611868836646],[144.760777980446,-18.3613374635875],[144.754390849436,-18.3973263133808],[144.754348677956,-18.3974506641807],[144.739089250805,-18.426970679067],[144.739055246425,-18.4270261216149],[144.738772509471,-18.4274198974111]]]}","{""OBJECTID"":910957,""EVENT_ID"":""26FN9488"",""TYPE"":""UNPLANNED"",""STATUS"":""Work delayed - crews unable to continue"",""CUSTOMERS_AFFECTED"":5,""SUBURBS"":""MOUNT GARNET, MOUNT SURPRISE"",""STREETS"":""KELLYS CREEK, KENNEDY HWY, UNKNOWN ST"",""START"":1790410649000,""FINISH"":null,""EST_FIX_TIME"":null,""REASON"":""The loss of supply is due to the operating of protective equipment. "",""CRC"":""812C1A20"",""EXTRACTED"":1790411705017,""SHAPE__Area"":10503512.16015625,""SHAPE__Length"":23753.95609611841}"
2026-09-26T10:15:38Z,2026-09-26T20:15:38+10:00,au.qld.energex,Energex,au.qld.energex|unplanned|INCD-983694-g,INCD-983694-g,unplanned,Awaiting,Emergency Repairs,24,true,"MOORINA, ROCKSBERG","CABOOLTURE RIVER RD, SPRINGFLATS CT",2026-09-26T05:47:15Z,2026-09-26T12:30:00Z,152.8742733,-27.1276238,Moreton Bay City,5010,https://services.arcgis.com/bfVzktoY0OhzQCDj/ArcGIS/rest/services/VwEnergexOutages/FeatureServer/0,Polygon,"{""type"":""Polygon"",""coordinates"":[[[152.869058965423,-27.1324105988965],[152.86900521331,-27.131928516176],[152.875409596599,-27.1205621258379],[152.875905423776,-27.1203157387537],[152.876343951087,-27.1206375668691],[152.878589978997,-27.1274475277999],[152.878609877722,-27.1275996406344],[152.878559562893,-27.1284334312314],[152.878411361729,-27.1287293315801],[152.877279640656,-27.1297353443339],[152.877197617471,-27.1297944011089],[152.87103064437,-27.1333549036876],[152.87053353698,-27.1333802860515],[152.869617385086,-27.1329751750188],[152.869444165584,-27.1328493393007],[152.869058965423,-27.1324105988965]]]}","{""OBJECTID"":413297,""EVENT_ID"":""INCD-983694-g"",""TYPE"":""UNPLANNED"",""STATUS"":""Awaiting"",""CUSTOMERS_AFFECTED"":24,""SUBURBS"":""MOORINA, ROCKSBERG"",""STREETS"":""CABOOLTURE RIVER RD, SPRINGFLATS CT"",""START"":1790401635016,""FINISH"":null,""EST_FIX_TIME"":1790425800000,""REASON"":""Emergency Repairs"",""CRC"":""14507235"",""EXTRACTED"":1790416204593,""SHAPE__Area"":851084.96484375,""SHAPE__Length"":4101.281093209664}"
2026-09-26T10:15:38Z,2026-09-26T20:15:38+10:00,au.qld.ergon,Ergon Energy,au.qld.ergon|unplanned|910957,910957,unplanned,Crews working on-site,The loss of supply is due to the operating of protective equipment.,5,true,"MOUNT GARNET, MOUNT SURPRISE","KELLYS CREEK, KENNEDY HWY, UNKNOWN ST",2026-09-26T08:17:29Z,,144.7509679,-18.3787612,Charters Towers Regional,2310,https://services.arcgis.com/33eHbTVqo7gtiCE8/arcgis/rest/services/VwErgonOutages/FeatureServer/0,Polygon,"{""type"":""Polygon"",""coordinates"":[[[144.738772509471,-18.4274198974111],[144.738206552418,-18.4275839107204],[144.737915154411,-18.4270926350192],[144.75432849197,-18.3299729050454],[144.754793609977,-18.329593208767],[144.755261606015,-18.3299696659988],[144.760778031119,-18.3611868836646],[144.760777980446,-18.3613374635875],[144.754390849436,-18.3973263133808],[144.754348677956,-18.3974506641807],[144.739089250805,-18.426970679067],[144.739055246425,-18.4270261216149],[144.738772509471,-18.4274198974111]]]}","{""OBJECTID"":910957,""EVENT_ID"":""26FN9488"",""TYPE"":""UNPLANNED"",""STATUS"":""Work delayed - crews unable to continue"",""CUSTOMERS_AFFECTED"":5,""SUBURBS"":""MOUNT GARNET, MOUNT SURPRISE"",""STREETS"":""KELLYS CREEK, KENNEDY HWY, UNKNOWN ST"",""START"":1790410649000,""FINISH"":null,""EST_FIX_TIME"":null,""REASON"":""The loss of supply is due to the operating of protective equipment. "",""CRC"":""812C1A20"",""EXTRACTED"":1790411705017,""SHAPE__Area"":10503512.16015625,""SHAPE__Length"":23753.95609611841}"
2026-09-26T10:15:38Z,2026-09-26T20:15:38+10:00,au.qld.essentialenergy,Essential Energy,au.qld.essentialenergy|unplanned|hash:1d54035b35bfb6dc,,unplanned,,We are investigating,5,true,,,2026-09-26T08:49:08Z,,151.5659507,-28.8056351,Southern Downs Regional,6660,https://www.essentialenergy.com.au/Assets/kmz/current.kml?dFdLgoAP,Polygon,"{""type"":""Polygon"",""coordinates"":[[[151.573855,-28.77011235],[151.5738543,-28.77012362],[151.5688289,-28.84489748],[151.5688282,-28.84490921],[151.5688243,-28.84493246],[151.5688181,-28.84495533],[151.5688097,-28.84497764],[151.5687992,-28.84499921],[151.5687865,-28.84501991],[151.5687719,-28.84503955],[151.5687553,-28.845058],[151.568737,-28.84507513],[151.5687171,-28.84509078],[151.5686958,-28.84510486],[151.5686731,-28.84511725],[151.5686493,-28.84512786],[151.5686245,-28.84513661],[151.568599,-28.84514343],[151.5685729,-28.84514827],[151.5685596,-28.84514969],[151.5685464,-28.8451511],[151.5685197,-28.84515189],[151.568493,-28.84515064],[151.5684666,-28.84514736],[151.5684406,-28.84514207],[151.5684152,-28.84513481],[151.5683906,-28.84512563],[151.5683671,-28.84511462],[151.5683447,-28.84510185],[151.5683236,-28.8450874],[151.5683041,-28.8450714],[151.5682862,-28.84505398],[151.56827,-28.84503524],[151.5682558,-28.84501534],[151.5682437,-28.84499443],[151.5682336,-28.84497267],[151.5682296,-28.84496145],[151.5581144,-28.81619909],[151.5581075,-28.81617964],[151.5581006,-28.81613937],[151.5581006,-28.816119],[151.5581206,-28.792936],[151.5581207,-28.79291815],[151.558126,-28.79288279],[151.5581366,-28.79284836],[151.5581522,-28.79281544],[151.5581624,-28.79280004],[151.5732835,-28.76997152],[151.5732899,-28.76996177],[151.5733046,-28.76994329],[151.573321,-28.76992596],[151.573339,-28.76990989],[151.5733585,-28.7698952],[151.5733793,-28.76988199],[151.5734012,-28.76987036],[151.5734242,-28.76986038],[151.573448,-28.76985212],[151.5734726,-28.76984565],[151.5734976,-28.769841],[151.5735231,-28.76983821],[151.5735487,-28.7698373],[151.5735743,-28.76983827],[151.5735997,-28.76984112],[151.5736247,-28.76984583],[151.573637,-28.7698491],[151.5736493,-28.76985237],[151.5736731,-28.76986068],[151.573696,-28.76987071],[151.5737179,-28.76988241],[151.5737387,-28.76989566],[151.5737581,-28.76991039],[151.573776,-28.76992651],[151.5737924,-28.76994387],[151.573807,-28.76996239],[151.5738199,-28.76998192],[151.5738308,-28.77000232],[151.5738398,-28.77002346],[151.5738468,-28.77004518],[151.5738517,-28.77006735],[151.5738544,-28.77008979],[151.573855,-28.77011235]]]}","{""raw_name"":null,""raw_style_url"":""#sw_1442837_normal_unplanned"",""raw_description_text"":""INCD-299698-qTime Off:26/09/2026 18:49:08Est. Time On:No. of Customers affected:5Reason:We are investigatingLast Updated:26/09/2026 20:10:48"",""raw_description_html_decoded"":""<h2>INCD-299698-q</h2><div style=\""overflow: hidden;\""><div><span>Time Off:</span>26/09/2026 18:49:08</div><div><span>Est. Time On:</span></div></div><div><span>No. of Customers affected:</span>5</div><div><span>Reason:</span>We are investigating</div><div><span>Last Updated:</span>26/09/2026 20:10:48</div>"",""essential_in_qld_fallback_polygon"":true,""parsed_fields"":{""title"":""INCD-299698-q"",""incident"":""INCD-299698-q"",""status"":null,""reason"":""We are investigating"",""suburb"":null,""street_name"":null,""time_off_raw"":""26/09/2026 18:49:08"",""est_time_on_raw"":null,""last_updated_raw"":""26/09/2026 20:10:48"",""start_utc"":""2026-09-26T08:49:08Z"",""etr_utc"":null,""last_updated_utc"":""2026-09-26T10:10:48Z"",""affected_customers"":5}}"
2026-09-26T10:30:49Z,2026-09-26T20:30:49+10:00,au.qld.energex,Energex,au.qld.energex|unplanned|INCD-983694-g,INCD-983694-g,unplanned,Awaiting,Emergency Repairs,24,true,"MOORINA, ROCKSBERG","CABOOLTURE RIVER RD, SPRINGFLATS CT",2026-09-26T05:47:15Z,2026-09-26T12:30:00Z,152.8742733,-27.1276238,Moreton Bay City,5010,https://services.arcgis.com/bfVzktoY0OhzQCDj/ArcGIS/rest/services/VwEnergexOutages/FeatureServer/0,Polygon,"{""type"":""Polygon"",""coordinates"":[[[152.869058965423,-27.1324105988965],[152.86900521331,-27.131928516176],[152.875409596599,-27.1205621258379],[152.875905423776,-27.1203157387537],[152.876343951087,-27.1206375668691],[152.878589978997,-27.1274475277999],[152.878609877722,-27.1275996406344],[152.878559562893,-27.1284334312314],[152.878411361729,-27.1287293315801],[152.877279640656,-27.1297353443339],[152.877197617471,-27.1297944011089],[152.87103064437,-27.1333549036876],[152.87053353698,-27.1333802860515],[152.869617385086,-27.1329751750188],[152.869444165584,-27.1328493393007],[152.869058965423,-27.1324105988965]]]}","{""OBJECTID"":413297,""EVENT_ID"":""INCD-983694-g"",""TYPE"":""UNPLANNED"",""STATUS"":""Awaiting"",""CUSTOMERS_AFFECTED"":24,""SUBURBS"":""MOORINA, ROCKSBERG"",""STREETS"":""CABOOLTURE RIVER RD, SPRINGFLATS CT"",""START"":1790401635016,""FINISH"":null,""EST_FIX_TIME"":1790425800000,""REASON"":""Emergency Repairs"",""CRC"":""14507235"",""EXTRACTED"":1790416204593,""SHAPE__Area"":851084.96484375,""SHAPE__Length"":4101.281093209664}"
2026-09-26T10:30:49Z,2026-09-26T20:30:49+10:00,au.qld.ergon,Ergon Energy,au.qld.ergon|unplanned|910957,910957,unplanned,Crews working on-site,The loss of supply is due to the operating of protective equipment.,5,true,"MOUNT GARNET, MOUNT SURPRISE","KELLYS CREEK, KENNEDY HWY, UNKNOWN ST",2026-09-26T08:17:29Z,,144.7509679,-18.3787612,Charters Towers Regional,2310,https://services.arcgis.com/33eHbTVqo7gtiCE8/arcgis/rest/services/VwErgonOutages/FeatureServer/0,Polygon,"{""type"":""Polygon"",""coordinates"":[[[144.738772509471,-18.4274198974111],[144.738206552418,-18.4275839107204],[144.737915154411,-18.4270926350192],[144.75432849197,-18.3299729050454],[144.754793609977,-18.329593208767],[144.755261606015,-18.3299696659988],[144.760778031119,-18.3611868836646],[144.760777980446,-18.3613374635875],[144.754390849436,-18.3973263133808],[144.754348677956,-18.3974506641807],[144.739089250805,-18.426970679067],[144.739055246425,-18.4270261216149],[144.738772509471,-18.4274198974111]]]}","{""OBJECTID"":910957,""EVENT_ID"":""26FN9488"",""TYPE"":""UNPLANNED"",""STATUS"":""Work delayed - crews unable to continue"",""CUSTOMERS_AFFECTED"":5,""SUBURBS"":""MOUNT GARNET, MOUNT SURPRISE"",""STREETS"":""KELLYS CREEK, KENNEDY HWY, UNKNOWN ST"",""START"":1790410649000,""FINISH"":null,""EST_FIX_TIME"":null,""REASON"":""The loss of supply is due to the operating of protective equipment. "",""CRC"":""812C1A20"",""EXTRACTED"":1790411705017,""SHAPE__Area"":10503512.16015625,""SHAPE__Length"":23753.95609611841}"
2026-09-26T10:46:14Z,2026-09-26T20:46:14+10:00,au.qld.energex,Energex,au.qld.energex|unplanned|INCD-983694-g,INCD-983694-g,unplanned,Awaiting,Emergency Repairs,24,true,"MOORINA, ROCKSBERG","CABOOLTURE RIVER RD, SPRINGFLATS CT",2026-09-26T05:47:15Z,2026-09-26T12:30:00Z,152.8742733,-27.1276238,Moreton Bay City,5010,https://services.arcgis.com/bfVzktoY0OhzQCDj/ArcGIS/rest/services/VwEnergexOutages/FeatureServer/0,Polygon,"{""type"":""Polygon"",""coordinates"":[[[152.869058965423,-27.1324105988965],[152.86900521331,-27.131928516176],[152.875409596599,-27.1205621258379],[152.875905423776,-27.1203157387537],[152.876343951087,-27.1206375668691],[152.878589978997,-27.1274475277999],[152.878609877722,-27.1275996406344],[152.878559562893,-27.1284334312314],[152.878411361729,-27.1287293315801],[152.877279640656,-27.1297353443339],[152.877197617471,-27.1297944011089],[152.87103064437,-27.1333549036876],[152.87053353698,-27.1333802860515],[152.869617385086,-27.1329751750188],[152.869444165584,-27.1328493393007],[152.869058965423,-27.1324105988965]]]}","{""OBJECTID"":413297,""EVENT_ID"":""INCD-983694-g"",""TYPE"":""UNPLANNED"",""STATUS"":""Awaiting"",""CUSTOMERS_AFFECTED"":24,""SUBURBS"":""MOORINA, ROCKSBERG"",""STREETS"":""CABOOLTURE RIVER RD, SPRINGFLATS CT"",""START"":1790401635016,""FINISH"":null,""EST_FIX_TIME"":1790425800000,""REASON"":""Emergency Repairs"",""CRC"":""14507235"",""EXTRACTED"":1790416204593,""SHAPE__Area"":851084.96484375,""SHAPE__Length"":4101.281093209664}"
2026-09-26T10:46:14Z,2026-09-26T20:46:14+10:00,au.qld.ergon,Ergon Energy,au.qld.ergon|unplanned|910957,910957,unplanned,Crews working on-site,The loss of supply is due to the operating of protective equipment.,5,true,"MOUNT GARNET, MOUNT SURPRISE","KELLYS CREEK, KENNEDY HWY, UNKNOWN ST",2026-09-26T08:17:29Z,,144.7509679,-18.3787612,Charters Towers Regional,2310,https://services.arcgis.com/33eHbTVqo7gtiCE8/arcgis/rest/services/VwErgonOutages/FeatureServer/0,Polygon,"{""type"":""Polygon"",""coordinates"":[[[144.738772509471,-18.4274198974111],[144.738206552418,-18.4275839107204],[144.737915154411,-18.4270926350192],[144.75432849197,-18.3299729050454],[144.754793609977,-18.329593208767],[144.755261606015,-18.3299696659988],[144.760778031119,-18.3611868836646],[144.760777980446,-18.3613374635875],[144.754390849436,-18.3973263133808],[144.754348677956,-18.3974506641807],[144.739089250805,-18.426970679067],[144.739055246425,-18.4270261216149],[144.738772509471,-18.4274198974111]]]}","{""OBJECTID"":910957,""EVENT_ID"":""26FN9488"",""TYPE"":""UNPLANNED"",""STATUS"":""Work delayed - crews unable to continue"",""CUSTOMERS_AFFECTED"":5,""SUBURBS"":""MOUNT GARNET, MOUNT SURPRISE"",""STREETS"":""KELLYS CREEK, KENNEDY HWY, UNKNOWN ST"",""START"":1790410649000,""FINISH"":null,""EST_FIX_TIME"":null,""REASON"":""The loss of supply is due to the operating of protective equipment. "",""CRC"":""812C1A20"",""EXTRACTED"":1790411705017,""SHAPE__Area"":10503512.16015625,""SHAPE__Length"":23753.95609611841}"
2026-09-26T11:00:58Z,2026-09-26T21:00:58+10:00,au.qld.energex,Energex,au.qld.energex|unplanned|INCD-983694-g,INCD-983694-g,unplanned,Awaiting,Emergency Repairs,24,true,"MOORINA, ROCKSBERG","CABOOLTURE RIVER RD, SPRINGFLATS CT",2026-09-26T05:47:15Z,2026-09-26T12:30:00Z,152.8742733,-27.1276238,Moreton Bay City,5010,https://services.arcgis.com/bfVzktoY0OhzQCDj/ArcGIS/rest/services/VwEnergexOutages/FeatureServer/0,Polygon,"{""type"":""Polygon"",""coordinates"":[[[152.869058965423,-27.1324105988965],[152.86900521331,-27.131928516176],[152.875409596599,-27.1205621258379],[152.875905423776,-27.1203157387537],[152.876343951087,-27.1206375668691],[152.878589978997,-27.1274475277999],[152.878609877722,-27.1275996406344],[152.878559562893,-27.1284334312314],[152.878411361729,-27.1287293315801],[152.877279640656,-27.1297353443339],[152.877197617471,-27.1297944011089],[152.87103064437,-27.1333549036876],[152.87053353698,-27.1333802860515],[152.869617385086,-27.1329751750188],[152.869444165584,-27.1328493393007],[152.869058965423,-27.1324105988965]]]}","{""OBJECTID"":413297,""EVENT_ID"":""INCD-983694-g"",""TYPE"":""UNPLANNED"",""STATUS"":""Awaiting"",""CUSTOMERS_AFFECTED"":24,""SUBURBS"":""MOORINA, ROCKSBERG"",""STREETS"":""CABOOLTURE RIVER RD, SPRINGFLATS CT"",""START"":1790401635016,""FINISH"":null,""EST_FIX_TIME"":1790425800000,""REASON"":""Emergency Repairs"",""CRC"":""14507235"",""EXTRACTED"":1790416204593,""SHAPE__Area"":851084.96484375,""SHAPE__Length"":4101.281093209664}"
2026-09-26T11:00:58Z,2026-09-26T21:00:58+10:00,au.qld.ergon,Ergon Energy,au.qld.ergon|unplanned|910957,910957,unplanned,Crews working on-site,The loss of supply is due to the operating of protective equipment.,5,true,"MOUNT GARNET, MOUNT SURPRISE","KELLYS CREEK, KENNEDY HWY, UNKNOWN ST",2026-09-26T08:17:29Z,,144.7509679,-18.3787612,Charters Towers Regional,2310,https://services.arcgis.com/33eHbTVqo7gtiCE8/arcgis/rest/services/VwErgonOutages/FeatureServer/0,Polygon,"{""type"":""Polygon"",""coordinates"":[[[144.738772509471,-18.4274198974111],[144.738206552418,-18.4275839107204],[144.737915154411,-18.4270926350192],[144.75432849197,-18.3299729050454],[144.754793609977,-18.329593208767],[144.755261606015,-18.3299696659988],[144.760778031119,-18.3611868836646],[144.760777980446,-18.3613374635875],[144.754390849436,-18.3973263133808],[144.754348677956,-18.3974506641807],[144.739089250805,-18.426970679067],[144.739055246425,-18.4270261216149],[144.738772509471,-18.4274198974111]]]}","{""OBJECTID"":910957,""EVENT_ID"":""26FN9488"",""TYPE"":""UNPLANNED"",""STATUS"":""Work delayed - crews unable to continue"",""CUSTOMERS_AFFECTED"":5,""SUBURBS"":""MOUNT GARNET, MOUNT SURPRISE"",""STREETS"":""KELLYS CREEK, KENNEDY HWY, UNKNOWN ST"",""START"":1790410649000,""FINISH"":null,""EST_FIX_TIME"":null,""REASON"":""The loss of supply is due to the operating of protective equipment. "",""CRC"":""812C1A20"",""EXTRACTED"":1790411705017,""SHAPE__Area"":10503512.16015625,""SHAPE__Length"":23753.95609611841}"
2026-09-26T11:15:39Z,2026-09-26T21:15:39+10:00,au.qld.energex,Energex,au.qld.energex|unplanned|INCD-983694-g,INCD-983694-g,unplanned,Awaiting,Emergency Repairs,24,true,"MOORINA, ROCKSBERG","CABOOLTURE RIVER RD, SPRINGFLATS CT",2026-09-26T05:47:15Z,2026-09-26T12:30:00Z,152.8742733,-27.1276238,Moreton Bay City,5010,https://services.arcgis.com/bfVzktoY0OhzQCDj/ArcGIS/rest/services/VwEnergexOutages/FeatureServer/0,Polygon,"{""type"":""Polygon"",""coordinates"":[[[152.869058965423,-27.1324105988965],[152.86900521331,-27.131928516176],[152.875409596599,-27.1205621258379],[152.875905423776,-27.1203157387537],[152.876343951087,-27.1206375668691],[152.878589978997,-27.1274475277999],[152.878609877722,-27.1275996406344],[152.878559562893,-27.1284334312314],[152.878411361729,-27.1287293315801],[152.877279640656,-27.1297353443339],[152.877197617471,-27.1297944011089],[152.87103064437,-27.1333549036876],[152.87053353698,-27.1333802860515],[152.869617385086,-27.1329751750188],[152.869444165584,-27.1328493393007],[152.869058965423,-27.1324105988965]]]}","{""OBJECTID"":413297,""EVENT_ID"":""INCD-983694-g"",""TYPE"":""UNPLANNED"",""STATUS"":""Awaiting"",""CUSTOMERS_AFFECTED"":24,""SUBURBS"":""MOORINA, ROCKSBERG"",""STREETS"":""CABOOLTURE RIVER RD, SPRINGFLATS CT"",""START"":1790401635016,""FINISH"":null,""EST_FIX_TIME"":1790425800000,""REASON"":""Emergency Repairs"",""CRC"":""14507235"",""EXTRACTED"":1790416204593,""SHAPE__Area"":851084.96484375,""SHAPE__Length"":4101.281093209664}"
2026-09-26T11:15:39Z,2026-09-26T21:15:39+10:00,au.qld.ergon,Ergon Energy,au.qld.ergon|unplanned|910957,910957,unplanned,Crews working on-site,The loss of supply is due to the operating of protective equipment.,5,true,"MOUNT GARNET, MOUNT SURPRISE","KELLYS CREEK, KENNEDY HWY, UNKNOWN ST",2026-09-26T08:17:29Z,,144.7509679,-18.3787612,Charters Towers Regional,2310,https://services.arcgis.com/33eHbTVqo7gtiCE8/arcgis/rest/services/VwErgonOutages/FeatureServer/0,Polygon,"{""type"":""Polygon"",""coordinates"":[[[144.738772509471,-18.4274198974111],[144.738206552418,-18.4275839107204],[144.737915154411,-18.4270926350192],[144.75432849197,-18.3299729050454],[144.754793609977,-18.329593208767],[144.755261606015,-18.3299696659988],[144.760778031119,-18.3611868836646],[144.760777980446,-18.3613374635875],[144.754390849436,-18.3973263133808],[144.754348677956,-18.3974506641807],[144.739089250805,-18.426970679067],[144.739055246425,-18.4270261216149],[144.738772509471,-18.4274198974111]]]}","{""OBJECTID"":910957,""EVENT_ID"":""26FN9488"",""TYPE"":""UNPLANNED"",""STATUS"":""Work delayed - crews unable to continue"",""CUSTOMERS_AFFECTED"":5,""SUBURBS"":""MOUNT GARNET, MOUNT SURPRISE"",""STREETS"":""KELLYS CREEK, KENNEDY HWY, UNKNOWN ST"",""START"":1790410649000,""FINISH"":null,""EST_FIX_TIME"":null,""REASON"":""The loss of supply is due to the operating of protective equipment. "",""CRC"":""812C1A20"",""EXTRACTED"":1790411705017,""SHAPE__Area"":10503512.16015625,""SHAPE__Length"":23753.95609611841}"
2026-09-26T11:30:47Z,2026-09-26T21:30:47+10:00,au.qld.energex,Energex,au.qld.energex|unplanned|INCD-983694-g,INCD-983694-g,unplanned,Awaiting,Emergency Repairs,24,true,"MOORINA, ROCKSBERG","CABOOLTURE RIVER RD, SPRINGFLATS CT",2026-09-26T05:47:15Z,2026-09-26T12:30:00Z,152.8742733,-27.1276238,Moreton Bay City,5010,https://services.arcgis.com/bfVzktoY0OhzQCDj/ArcGIS/rest/services/VwEnergexOutages/FeatureServer/0,Polygon,"{""type"":""Polygon"",""coordinates"":[[[152.869058965423,-27.1324105988965],[152.86900521331,-27.131928516176],[152.875409596599,-27.1205621258379],[152.875905423776,-27.1203157387537],[152.876343951087,-27.1206375668691],[152.878589978997,-27.1274475277999],[152.878609877722,-27.1275996406344],[152.878559562893,-27.1284334312314],[152.878411361729,-27.1287293315801],[152.877279640656,-27.1297353443339],[152.877197617471,-27.1297944011089],[152.87103064437,-27.1333549036876],[152.87053353698,-27.1333802860515],[152.869617385086,-27.1329751750188],[152.869444165584,-27.1328493393007],[152.869058965423,-27.1324105988965]]]}","{""OBJECTID"":413297,""EVENT_ID"":""INCD-983694-g"",""TYPE"":""UNPLANNED"",""STATUS"":""Awaiting"",""CUSTOMERS_AFFECTED"":24,""SUBURBS"":""MOORINA, ROCKSBERG"",""STREETS"":""CABOOLTURE RIVER RD, SPRINGFLATS CT"",""START"":1790401635016,""FINISH"":null,""EST_FIX_TIME"":1790425800000,""REASON"":""Emergency Repairs"",""CRC"":""14507235"",""EXTRACTED"":1790416204593,""SHAPE__Area"":851084.96484375,""SHAPE__Length"":4101.281093209664}"
2026-09-26T11:30:47Z,2026-09-26T21:30:47+10:00,au.qld.ergon,Ergon Energy,au.qld.ergon|unplanned|910957,910957,unplanned,Crews working on-site,The loss of supply is due to the operating of protective equipment.,5,true,"MOUNT GARNET, MOUNT SURPRISE","KELLYS CREEK, KENNEDY HWY, UNKNOWN ST",2026-09-26T08:17:29Z,,144.7509679,-18.3787612,Charters Towers Regional,2310,https://services.arcgis.com/33eHbTVqo7gtiCE8/arcgis/rest/services/VwErgonOutages/FeatureServer/0,Polygon,"{""type"":""Polygon"",""coordinates"":[[[144.738772509471,-18.4274198974111],[144.738206552418,-18.4275839107204],[144.737915154411,-18.4270926350192],[144.75432849197,-18.3299729050454],[144.754793609977,-18.329593208767],[144.755261606015,-18.3299696659988],[144.760778031119,-18.3611868836646],[144.760777980446,-18.3613374635875],[144.754390849436,-18.3973263133808],[144.754348677956,-18.3974506641807],[144.739089250805,-18.426970679067],[144.739055246425,-18.4270261216149],[144.738772509471,-18.4274198974111]]]}","{""OBJECTID"":910957,""EVENT_ID"":""26FN9488"",""TYPE"":""UNPLANNED"",""STATUS"":""Work delayed - crews unable to continue"",""CUSTOMERS_AFFECTED"":5,""SUBURBS"":""MOUNT GARNET, MOUNT SURPRISE"",""STREETS"":""KELLYS CREEK, KENNEDY HWY, UNKNOWN ST"",""START"":1790410649000,""FINISH"":null,""EST_FIX_TIME"":null,""REASON"":""The loss of supply is due to the operating of protective equipment. "",""CRC"":""812C1A20"",""EXTRACTED"":1790411705017,""SHAPE__Area"":10503512.16015625,""SHAPE__Length"":23753.95609611841}"
2026-09-26T11:45:40Z,2026-09-26T21:45:40+10:00,au.qld.energex,Energex,au.qld.energex|unplanned|INCD-983694-g,INCD-983694-g,unplanned,Awaiting,Emergency Repairs,24,true,"MOORINA, ROCKSBERG","CABOOLTURE RIVER RD, SPRINGFLATS CT",2026-09-26T05:47:15Z,2026-09-26T12:30:00Z,152.8742733,-27.1276238,Moreton Bay City,5010,https://services.arcgis.com/bfVzktoY0OhzQCDj/ArcGIS/rest/services/VwEnergexOutages/FeatureServer/0,Polygon,"{""type"":""Polygon"",""coordinates"":[[[152.869058965423,-27.1324105988965],[152.86900521331,-27.131928516176],[152.875409596599,-27.1205621258379],[152.875905423776,-27.1203157387537],[152.876343951087,-27.1206375668691],[152.878589978997,-27.1274475277999],[152.878609877722,-27.1275996406344],[152.878559562893,-27.1284334312314],[152.878411361729,-27.1287293315801],[152.877279640656,-27.1297353443339],[152.877197617471,-27.1297944011089],[152.87103064437,-27.1333549036876],[152.87053353698,-27.1333802860515],[152.869617385086,-27.1329751750188],[152.869444165584,-27.1328493393007],[152.869058965423,-27.1324105988965]]]}","{""OBJECTID"":413297,""EVENT_ID"":""INCD-983694-g"",""TYPE"":""UNPLANNED"",""STATUS"":""Awaiting"",""CUSTOMERS_AFFECTED"":24,""SUBURBS"":""MOORINA, ROCKSBERG"",""STREETS"":""CABOOLTURE RIVER RD, SPRINGFLATS CT"",""START"":1790401635016,""FINISH"":null,""EST_FIX_TIME"":1790425800000,""REASON"":""Emergency Repairs"",""CRC"":""14507235"",""EXTRACTED"":1790416204593,""SHAPE__Area"":851084.96484375,""SHAPE__Length"":4101.281093209664}"
2026-09-26T11:45:40Z,2026-09-26T21:45:40+10:00,au.qld.ergon,Ergon Energy,au.qld.ergon|unplanned|910957,910957,unplanned,Crews working on-site,The loss of supply is due to the operating of protective equipment.,5,true,"MOUNT GARNET, MOUNT SURPRISE","KELLYS CREEK, KENNEDY HWY, UNKNOWN ST",2026-09-26T08:17:29Z,,144.7509679,-18.3787612,Charters Towers Regional,2310,https://services.arcgis.com/33eHbTVqo7gtiCE8/arcgis/rest/services/VwErgonOutages/FeatureServer/0,Polygon,"{""type"":""Polygon"",""coordinates"":[[[144.738772509471,-18.4274198974111],[144.738206552418,-18.4275839107204],[144.737915154411,-18.4270926350192],[144.75432849197,-18.3299729050454],[144.754793609977,-18.329593208767],[144.755261606015,-18.3299696659988],[144.760778031119,-18.3611868836646],[144.760777980446,-18.3613374635875],[144.754390849436,-18.3973263133808],[144.754348677956,-18.3974506641807],[144.739089250805,-18.426970679067],[144.739055246425,-18.4270261216149],[144.738772509471,-18.4274198974111]]]}","{""OBJECTID"":910957,""EVENT_ID"":""26FN9488"",""TYPE"":""UNPLANNED"",""STATUS"":""Work delayed - crews unable to continue"",""CUSTOMERS_AFFECTED"":5,""SUBURBS"":""MOUNT GARNET, MOUNT SURPRISE"",""STREETS"":""KELLYS CREEK, KENNEDY HWY, UNKNOWN ST"",""START"":1790410649000,""FINISH"":null,""EST_FIX_TIME"":null,""REASON"":""The loss of supply is due to the operating of protective equipment. "",""CRC"":""812C1A20"",""EXTRACTED"":1790411705017,""SHAPE__Area"":10503512.16015625,""SHAPE__Length"":23753.95609611841}"
2026-09-26T12:00:57Z,2026-09-26T22:00:57+10:00,au.qld.energex,Energex,au.qld.energex|unplanned|INCD-983694-g,INCD-983694-g,unplanned,Awaiting,Emergency Repairs,24,true,"MOORINA, ROCKSBERG","CABOOLTURE RIVER RD, SPRINGFLATS CT",2026-09-26T05:47:15Z,2026-09-26T14:30:00Z,152.8742733,-27.1276238,Moreton Bay City,5010,https://services.arcgis.com/bfVzktoY0OhzQCDj/ArcGIS/rest/services/VwEnergexOutages/FeatureServer/0,Polygon,"{""type"":""Polygon"",""coordinates"":[[[152.869058965423,-27.1324105988965],[152.86900521331,-27.131928516176],[152.875409596599,-27.1205621258379],[152.875905423776,-27.1203157387537],[152.876343951087,-27.1206375668691],[152.878589978997,-27.1274475277999],[152.878609877722,-27.1275996406344],[152.878559562893,-27.1284334312314],[152.878411361729,-27.1287293315801],[152.877279640656,-27.1297353443339],[152.877197617471,-27.1297944011089],[152.87103064437,-27.1333549036876],[152.87053353698,-27.1333802860515],[152.869617385086,-27.1329751750188],[152.869444165584,-27.1328493393007],[152.869058965423,-27.1324105988965]]]}","{""OBJECTID"":413297,""EVENT_ID"":""INCD-983694-g"",""TYPE"":""UNPLANNED"",""STATUS"":""Awaiting"",""CUSTOMERS_AFFECTED"":24,""SUBURBS"":""MOORINA, ROCKSBERG"",""STREETS"":""CABOOLTURE RIVER RD, SPRINGFLATS CT"",""START"":1790401635016,""FINISH"":null,""EST_FIX_TIME"":1790433000000,""REASON"":""Emergency Repairs"",""CRC"":""CAD5DD7E"",""EXTRACTED"":1790423405211,""SHAPE__Area"":851084.96484375,""SHAPE__Length"":4101.281093209664}"
2026-09-26T12:00:57Z,2026-09-26T22:00:57+10:00,au.qld.ergon,Ergon Energy,au.qld.ergon|unplanned|910957,910957,unplanned,Crews working on-site,The loss of supply is due to the operating of protective equipment.,5,true,"MOUNT GARNET, MOUNT SURPRISE","KELLYS CREEK, KENNEDY HWY, UNKNOWN ST",2026-09-26T08:17:29Z,,144.7509679,-18.3787612,Charters Towers Regional,2310,https://services.arcgis.com/33eHbTVqo7gtiCE8/arcgis/rest/services/VwErgonOutages/FeatureServer/0,Polygon,"{""type"":""Polygon"",""coordinates"":[[[144.738772509471,-18.4274198974111],[144.738206552418,-18.4275839107204],[144.737915154411,-18.4270926350192],[144.75432849197,-18.3299729050454],[144.754793609977,-18.329593208767],[144.755261606015,-18.3299696659988],[144.760778031119,-18.3611868836646],[144.760777980446,-18.3613374635875],[144.754390849436,-18.3973263133808],[144.754348677956,-18.3974506641807],[144.739089250805,-18.426970679067],[144.739055246425,-18.4270261216149],[144.738772509471,-18.4274198974111]]]}","{""OBJECTID"":910957,""EVENT_ID"":""26FN9488"",""TYPE"":""UNPLANNED"",""STATUS"":""Crews working on-site"",""CUSTOMERS_AFFECTED"":5,""SUBURBS"":""MOUNT GARNET, MOUNT SURPRISE"",""STREETS"":""KELLYS CREEK, KENNEDY HWY, UNKNOWN ST"",""START"":1790410649000,""FINISH"":null,""EST_FIX_TIME"":null,""REASON"":""The loss of supply is due to the operating of protective equipment. "",""CRC"":""30131B8D"",""EXTRACTED"":1790424005863,""SHAPE__Area"":10503512.16015625,""SHAPE__Length"":23753.95609611841}"
2026-09-26T12:15:39Z,2026-09-26T22:15:39+10:00,au.qld.energex,Energex,au.qld.energex|unplanned|INCD-983694-g,INCD-983694-g,unplanned,Awaiting,Emergency Repairs,24,true,"MOORINA, ROCKSBERG","CABOOLTURE RIVER RD, SPRINGFLATS CT",2026-09-26T05:47:15Z,2026-09-26T14:30:00Z,152.8742733,-27.1276238,Moreton Bay City,5010,https://services.arcgis.com/bfVzktoY0OhzQCDj/ArcGIS/rest/services/VwEnergexOutages/FeatureServer/0,Polygon,"{""type"":""Polygon"",""coordinates"":[[[152.869058965423,-27.1324105988965],[152.86900521331,-27.131928516176],[152.875409596599,-27.1205621258379],[152.875905423776,-27.1203157387537],[152.876343951087,-27.1206375668691],[152.878589978997,-27.1274475277999],[152.878609877722,-27.1275996406344],[152.878559562893,-27.1284334312314],[152.878411361729,-27.1287293315801],[152.877279640656,-27.1297353443339],[152.877197617471,-27.1297944011089],[152.87103064437,-27.1333549036876],[152.87053353698,-27.1333802860515],[152.869617385086,-27.1329751750188],[152.869444165584,-27.1328493393007],[152.869058965423,-27.1324105988965]]]}","{""OBJECTID"":413297,""EVENT_ID"":""INCD-983694-g"",""TYPE"":""UNPLANNED"",""STATUS"":""Awaiting"",""CUSTOMERS_AFFECTED"":24,""SUBURBS"":""MOORINA, ROCKSBERG"",""STREETS"":""CABOOLTURE RIVER RD, SPRINGFLATS CT"",""START"":1790401635016,""FINISH"":null,""EST_FIX_TIME"":1790433000000,""REASON"":""Emergency Repairs"",""CRC"":""CAD5DD7E"",""EXTRACTED"":1790423405211,""SHAPE__Area"":851084.96484375,""SHAPE__Length"":4101.281093209664}"
2026-09-26T12:15:39Z,2026-09-26T22:15:39+10:00,au.qld.ergon,Ergon Energy,au.qld.ergon|unplanned|910957,910957,unplanned,Crews working on-site,The loss of supply is due to the operating of protective equipment.,5,true,"MOUNT GARNET, MOUNT SURPRISE","KELLYS CREEK, KENNEDY HWY, UNKNOWN ST",2026-09-26T08:17:29Z,,144.7509679,-18.3787612,Charters Towers Regional,2310,https://services.arcgis.com/33eHbTVqo7gtiCE8/arcgis/rest/services/VwErgonOutages/FeatureServer/0,Polygon,"{""type"":""Polygon"",""coordinates"":[[[144.738772509471,-18.4274198974111],[144.738206552418,-18.4275839107204],[144.737915154411,-18.4270926350192],[144.75432849197,-18.3299729050454],[144.754793609977,-18.329593208767],[144.755261606015,-18.3299696659988],[144.760778031119,-18.3611868836646],[144.760777980446,-18.3613374635875],[144.754390849436,-18.3973263133808],[144.754348677956,-18.3974506641807],[144.739089250805,-18.426970679067],[144.739055246425,-18.4270261216149],[144.738772509471,-18.4274198974111]]]}","{""OBJECTID"":910957,""EVENT_ID"":""26FN9488"",""TYPE"":""UNPLANNED"",""STATUS"":""Crews working on-site"",""CUSTOMERS_AFFECTED"":5,""SUBURBS"":""MOUNT GARNET, MOUNT SURPRISE"",""STREETS"":""KELLYS CREEK, KENNEDY HWY, UNKNOWN ST"",""START"":1790410649000,""FINISH"":null,""EST_FIX_TIME"":null,""REASON"":""The loss of supply is due to the operating of protective equipment. "",""CRC"":""30131B8D"",""EXTRACTED"":1790424005863,""SHAPE__Area"":10503512.16015625,""SHAPE__Length"":23753.95609611841}"
2026-09-26T12:30:50Z,2026-09-26T22:30:50+10:00,au.qld.energex,Energex,au.qld.energex|unplanned|INCD-983694-g,INCD-983694-g,unplanned,Awaiting,Emergency Repairs,24,true,"MOORINA, ROCKSBERG","CABOOLTURE RIVER RD, SPRINGFLATS CT",2026-09-26T05:47:15Z,2026-09-26T14:30:00Z,152.8742733,-27.1276238,Moreton Bay City,5010,https://services.arcgis.com/bfVzktoY0OhzQCDj/ArcGIS/rest/services/VwEnergexOutages/FeatureServer/0,Polygon,"{""type"":""Polygon"",""coordinates"":[[[152.869058965423,-27.1324105988965],[152.86900521331,-27.131928516176],[152.875409596599,-27.1205621258379],[152.875905423776,-27.1203157387537],[152.876343951087,-27.1206375668691],[152.878589978997,-27.1274475277999],[152.878609877722,-27.1275996406344],[152.878559562893,-27.1284334312314],[152.878411361729,-27.1287293315801],[152.877279640656,-27.1297353443339],[152.877197617471,-27.1297944011089],[152.87103064437,-27.1333549036876],[152.87053353698,-27.1333802860515],[152.869617385086,-27.1329751750188],[152.869444165584,-27.1328493393007],[152.869058965423,-27.1324105988965]]]}","{""OBJECTID"":413297,""EVENT_ID"":""INCD-983694-g"",""TYPE"":""UNPLANNED"",""STATUS"":""Awaiting"",""CUSTOMERS_AFFECTED"":24,""SUBURBS"":""MOORINA, ROCKSBERG"",""STREETS"":""CABOOLTURE RIVER RD, SPRINGFLATS CT"",""START"":1790401635016,""FINISH"":null,""EST_FIX_TIME"":1790433000000,""REASON"":""Emergency Repairs"",""CRC"":""CAD5DD7E"",""EXTRACTED"":1790423405211,""SHAPE__Area"":851084.96484375,""SHAPE__Length"":4101.281093209664}"
2026-09-26T12:30:50Z,2026-09-26T22:30:50+10:00,au.qld.ergon,Ergon Energy,au.qld.ergon|unplanned|910957,910957,unplanned,Crews working on-site,The loss of supply is due to the operating of protective equipment.,5,true,"MOUNT GARNET, MOUNT SURPRISE","KELLYS CREEK, KENNEDY HWY, UNKNOWN ST",2026-09-26T08:17:29Z,,144.7509679,-18.3787612,Charters Towers Regional,2310,https://services.arcgis.com/33eHbTVqo7gtiCE8/arcgis/rest/services/VwErgonOutages/FeatureServer/0,Polygon,"{""type"":""Polygon"",""coordinates"":[[[144.738772509471,-18.4274198974111],[144.738206552418,-18.4275839107204],[144.737915154411,-18.4270926350192],[144.75432849197,-18.3299729050454],[144.754793609977,-18.329593208767],[144.755261606015,-18.3299696659988],[144.760778031119,-18.3611868836646],[144.760777980446,-18.3613374635875],[144.754390849436,-18.3973263133808],[144.754348677956,-18.3974506641807],[144.739089250805,-18.426970679067],[144.739055246425,-18.4270261216149],[144.738772509471,-18.4274198974111]]]}","{""OBJECTID"":910957,""EVENT_ID"":""26FN9488"",""TYPE"":""UNPLANNED"",""STATUS"":""Crews working on-site"",""CUSTOMERS_AFFECTED"":5,""SUBURBS"":""MOUNT GARNET, MOUNT SURPRISE"",""STREETS"":""KELLYS CREEK, KENNEDY HWY, UNKNOWN ST"",""START"":1790410649000,""FINISH"":null,""EST_FIX_TIME"":null,""REASON"":""The loss of supply is due to the operating of protective equipment. "",""CRC"":""30131B8D"",""EXTRACTED"":1790424005863,""SHAPE__Area"":10503512.16015625,""SHAPE__Length"":23753.95609611841}"
2026-09-26T12:45:39Z,2026-09-26T22:45:39+10:00,au.qld.energex,Energex,au.qld.energex|unplanned|INCD-983694-g,INCD-983694-g,unplanned,Awaiting,Emergency Repairs,24,true,"MOORINA, ROCKSBERG","CABOOLTURE RIVER RD, SPRINGFLATS CT",2026-09-26T05:47:15Z,2026-09-26T14:30:00Z,152.8742733,-27.1276238,Moreton Bay City,5010,https://services.arcgis.com/bfVzktoY0OhzQCDj/ArcGIS/rest/services/VwEnergexOutages/FeatureServer/0,Polygon,"{""type"":""Polygon"",""coordinates"":[[[152.869058965423,-27.1324105988965],[152.86900521331,-27.131928516176],[152.875409596599,-27.1205621258379],[152.875905423776,-27.1203157387537],[152.876343951087,-27.1206375668691],[152.878589978997,-27.1274475277999],[152.878609877722,-27.1275996406344],[152.878559562893,-27.1284334312314],[152.878411361729,-27.1287293315801],[152.877279640656,-27.1297353443339],[152.877197617471,-27.1297944011089],[152.87103064437,-27.1333549036876],[152.87053353698,-27.1333802860515],[152.869617385086,-27.1329751750188],[152.869444165584,-27.1328493393007],[152.869058965423,-27.1324105988965]]]}","{""OBJECTID"":413297,""EVENT_ID"":""INCD-983694-g"",""TYPE"":""UNPLANNED"",""STATUS"":""Awaiting"",""CUSTOMERS_AFFECTED"":24,""SUBURBS"":""MOORINA, ROCKSBERG"",""STREETS"":""CABOOLTURE RIVER RD, SPRINGFLATS CT"",""START"":1790401635016,""FINISH"":null,""EST_FIX_TIME"":1790433000000,""REASON"":""Emergency Repairs"",""CRC"":""CAD5DD7E"",""EXTRACTED"":1790423405211,""SHAPE__Area"":851084.96484375,""SHAPE__Length"":4101.281093209664}"
2026-09-26T12:45:39Z,2026-09-26T22:45:39+10:00,au.qld.ergon,Ergon Energy,au.qld.ergon|unplanned|910958,910958,unplanned,Crews working on-site,The loss of supply is due to damage requiring emergency repairs.,22,true,"ANAKIE, ANAKIE SIDING, THE GEMFIELDS","CAMERON ST, EVANS ST, HEGARTY ST, O'SULLIVAN ST",2026-09-26T12:15:49Z,,147.7473406,-23.5504121,Central Highlands Regional,2270,https://services.arcgis.com/33eHbTVqo7gtiCE8/arcgis/rest/services/VwErgonOutages/FeatureServer/0,Polygon,"{""type"":""Polygon"",""coordinates"":[[[147.74515008832,-23.5499831590569],[147.745629811646,-23.5494870456208],[147.748320531732,-23.549447767533],[147.748322474372,-23.5494477427105],[147.749365762859,-23.5494363160153],[147.749839901104,-23.5500203591369],[147.749681626367,-23.5504959311939],[147.749412907757,-23.5507758831873],[147.747622418332,-23.5515123486328],[147.747444295467,-23.5515511010249],[147.747065197483,-23.5515664347033],[147.747037956841,-23.5515668374022],[147.745924259987,-23.5515547412788],[147.745486335381,-23.5512945651082],[147.745274164475,-23.5508765469161],[147.745230383834,-23.550729708641],[147.74515008832,-23.5499831590569]]]}","{""OBJECTID"":910958,""EVENT_ID"":""26CA10778"",""TYPE"":""UNPLANNED"",""STATUS"":""Outage reported"",""CUSTOMERS_AFFECTED"":22,""SUBURBS"":""ANAKIE, ANAKIE SIDING, THE GEMFIELDS"",""STREETS"":""CAMERON ST, EVANS ST, HEGARTY ST, O'SULLIVAN ST"",""START"":1790424949000,""FINISH"":null,""EST_FIX_TIME"":null,""REASON"":""The loss of supply is due to damage requiring emergency repairs. "",""CRC"":""DB06D6BD"",""EXTRACTED"":1790425805287,""SHAPE__Area"":109428.984375,""SHAPE__Length"":1322.2658538846672}"
2026-09-26T12:45:39Z,2026-09-26T22:45:39+10:00,au.qld.ergon,Ergon Energy,au.qld.ergon|unplanned|910957,910957,unplanned,Crews working on-site,The loss of supply is due to the operating of protective equipment.,5,true,"MOUNT GARNET, MOUNT SURPRISE","KELLYS CREEK, KENNEDY HWY, UNKNOWN ST",2026-09-26T08:17:29Z,,144.7509679,-18.3787612,Charters Towers Regional,2310,https://services.arcgis.com/33eHbTVqo7gtiCE8/arcgis/rest/services/VwErgonOutages/FeatureServer/0,Polygon,"{""type"":""Polygon"",""coordinates"":[[[144.738772509471,-18.4274198974111],[144.738206552418,-18.4275839107204],[144.737915154411,-18.4270926350192],[144.75432849197,-18.3299729050454],[144.754793609977,-18.329593208767],[144.755261606015,-18.3299696659988],[144.760778031119,-18.3611868836646],[144.760777980446,-18.3613374635875],[144.754390849436,-18.3973263133808],[144.754348677956,-18.3974506641807],[144.739089250805,-18.426970679067],[144.739055246425,-18.4270261216149],[144.738772509471,-18.4274198974111]]]}","{""OBJECTID"":910957,""EVENT_ID"":""26FN9488"",""TYPE"":""UNPLANNED"",""STATUS"":""Crews working on-site"",""CUSTOMERS_AFFECTED"":5,""SUBURBS"":""MOUNT GARNET, MOUNT SURPRISE"",""STREETS"":""KELLYS CREEK, KENNEDY HWY, UNKNOWN ST"",""START"":1790410649000,""FINISH"":null,""EST_FIX_TIME"":null,""REASON"":""The loss of supply is due to the operating of protective equipment. "",""CRC"":""30131B8D"",""EXTRACTED"":1790424005863,""SHAPE__Area"":10503512.16015625,""SHAPE__Length"":23753.95609611841}"
2026-09-26T13:00:55Z,2026-09-26T23:00:55+10:00,au.qld.energex,Energex,au.qld.energex|unplanned|INCD-983694-g,INCD-983694-g,unplanned,Awaiting,Emergency Repairs,24,true,"MOORINA, ROCKSBERG","CABOOLTURE RIVER RD, SPRINGFLATS CT",2026-09-26T05:47:15Z,2026-09-26T14:30:00Z,152.8742733,-27.1276238,Moreton Bay City,5010,https://services.arcgis.com/bfVzktoY0OhzQCDj/ArcGIS/rest/services/VwEnergexOutages/FeatureServer/0,Polygon,"{""type"":""Polygon"",""coordinates"":[[[152.869058965423,-27.1324105988965],[152.86900521331,-27.131928516176],[152.875409596599,-27.1205621258379],[152.875905423776,-27.1203157387537],[152.876343951087,-27.1206375668691],[152.878589978997,-27.1274475277999],[152.878609877722,-27.1275996406344],[152.878559562893,-27.1284334312314],[152.878411361729,-27.1287293315801],[152.877279640656,-27.1297353443339],[152.877197617471,-27.1297944011089],[152.87103064437,-27.1333549036876],[152.87053353698,-27.1333802860515],[152.869617385086,-27.1329751750188],[152.869444165584,-27.1328493393007],[152.869058965423,-27.1324105988965]]]}","{""OBJECTID"":413297,""EVENT_ID"":""INCD-983694-g"",""TYPE"":""UNPLANNED"",""STATUS"":""Awaiting"",""CUSTOMERS_AFFECTED"":24,""SUBURBS"":""MOORINA, ROCKSBERG"",""STREETS"":""CABOOLTURE RIVER RD, SPRINGFLATS CT"",""START"":1790401635016,""FINISH"":null,""EST_FIX_TIME"":1790433000000,""REASON"":""Emergency Repairs"",""CRC"":""CAD5DD7E"",""EXTRACTED"":1790423405211,""SHAPE__Area"":851084.96484375,""SHAPE__Length"":4101.281093209664}"
2026-09-26T13:00:55Z,2026-09-26T23:00:55+10:00,au.qld.energex,Energex,au.qld.energex|unplanned|INCD-983714-g,INCD-983714-g,unplanned,Awaiting,Emergency Repairs,22,true,DOONAN,"LIVISTONA DR, SOLITAIRE ST",2026-09-26T12:51:28Z,2026-09-26T15:30:00Z,153.0154091,-26.4252979,Noosa Shire,5740,https://services.arcgis.com/bfVzktoY0OhzQCDj/ArcGIS/rest/services/VwEnergexOutages/FeatureServer/0,Polygon,"{""type"":""Polygon"",""coordinates"":[[[153.012486967108,-26.4241030831315],[153.012948234968,-26.4234351335577],[153.017109069455,-26.423595862572],[153.017443815179,-26.4237291898279],[153.017719025136,-26.4239793288829],[153.017840562165,-26.4244340961275],[153.016581755905,-26.4279916004831],[153.015707974555,-26.4281315131494],[153.013120537511,-26.4251325365345],[153.013076764586,-26.4250724849294],[153.012486967108,-26.4241030831315]]]}","{""OBJECTID"":413298,""EVENT_ID"":""INCD-983714-g"",""TYPE"":""UNPLANNED"",""STATUS"":""Awaiting"",""CUSTOMERS_AFFECTED"":22,""SUBURBS"":""DOONAN"",""STREETS"":""LIVISTONA DR, SOLITAIRE ST"",""START"":1790427088707,""FINISH"":null,""EST_FIX_TIME"":1790436600000,""REASON"":""Emergency Repairs"",""CRC"":""FC36EB01"",""EXTRACTED"":1790427304908,""SHAPE__Area"":218500.171875,""SHAPE__Length"":1883.761099280878}"
2026-09-26T13:00:55Z,2026-09-26T23:00:55+10:00,au.qld.ergon,Ergon Energy,au.qld.ergon|unplanned|910958,910958,unplanned,Crews working on-site,The loss of supply is due to damage requiring emergency repairs.,22,true,"ANAKIE, ANAKIE SIDING, THE GEMFIELDS","CAMERON ST, EVANS ST, HEGARTY ST, O'SULLIVAN ST",2026-09-26T12:15:49Z,,147.7473406,-23.5504121,Central Highlands Regional,2270,https://services.arcgis.com/33eHbTVqo7gtiCE8/arcgis/rest/services/VwErgonOutages/FeatureServer/0,Polygon,"{""type"":""Polygon"",""coordinates"":[[[147.74515008832,-23.5499831590569],[147.745629811646,-23.5494870456208],[147.748320531732,-23.549447767533],[147.748322474372,-23.5494477427105],[147.749365762859,-23.5494363160153],[147.749839901104,-23.5500203591369],[147.749681626367,-23.5504959311939],[147.749412907757,-23.5507758831873],[147.747622418332,-23.5515123486328],[147.747444295467,-23.5515511010249],[147.747065197483,-23.5515664347033],[147.747037956841,-23.5515668374022],[147.745924259987,-23.5515547412788],[147.745486335381,-23.5512945651082],[147.745274164475,-23.5508765469161],[147.745230383834,-23.550729708641],[147.74515008832,-23.5499831590569]]]}","{""OBJECTID"":910958,""EVENT_ID"":""26CA10778"",""TYPE"":""UNPLANNED"",""STATUS"":""Outage reported"",""CUSTOMERS_AFFECTED"":22,""SUBURBS"":""ANAKIE, ANAKIE SIDING, THE GEMFIELDS"",""STREETS"":""CAMERON ST, EVANS ST, HEGARTY ST, O'SULLIVAN ST"",""START"":1790424949000,""FINISH"":null,""EST_FIX_TIME"":null,""REASON"":""The loss of supply is due to damage requiring emergency repairs. "",""CRC"":""DB06D6BD"",""EXTRACTED"":1790425805287,""SHAPE__Area"":109428.984375,""SHAPE__Length"":1322.2658538846672}"
2026-09-26T13:00:55Z,2026-09-26T23:00:55+10:00,au.qld.ergon,Ergon Energy,au.qld.ergon|unplanned|910957,910957,unplanned,Crews working on-site,The loss of supply is due to the operating of protective equipment.,5,true,"MOUNT GARNET, MOUNT SURPRISE","KELLYS CREEK, KENNEDY HWY, UNKNOWN ST",2026-09-26T08:17:29Z,,144.7509679,-18.3787612,Charters Towers Regional,2310,https://services.arcgis.com/33eHbTVqo7gtiCE8/arcgis/rest/services/VwErgonOutages/FeatureServer/0,Polygon,"{""type"":""Polygon"",""coordinates"":[[[144.738772509471,-18.4274198974111],[144.738206552418,-18.4275839107204],[144.737915154411,-18.4270926350192],[144.75432849197,-18.3299729050454],[144.754793609977,-18.329593208767],[144.755261606015,-18.3299696659988],[144.760778031119,-18.3611868836646],[144.760777980446,-18.3613374635875],[144.754390849436,-18.3973263133808],[144.754348677956,-18.3974506641807],[144.739089250805,-18.426970679067],[144.739055246425,-18.4270261216149],[144.738772509471,-18.4274198974111]]]}","{""OBJECTID"":910957,""EVENT_ID"":""26FN9488"",""TYPE"":""UNPLANNED"",""STATUS"":""Crews working on-site"",""CUSTOMERS_AFFECTED"":5,""SUBURBS"":""MOUNT GARNET, MOUNT SURPRISE"",""STREETS"":""KELLYS CREEK, KENNEDY HWY, UNKNOWN ST"",""START"":1790410649000,""FINISH"":null,""EST_FIX_TIME"":null,""REASON"":""The loss of supply is due to the operating of protective equipment. "",""CRC"":""30131B8D"",""EXTRACTED"":1790424005863,""SHAPE__Area"":10503512.16015625,""SHAPE__Length"":23753.95609611841}"
2026-09-26T13:15:37Z,2026-09-26T23:15:37+10:00,au.qld.energex,Energex,au.qld.energex|unplanned|INCD-983694-g,INCD-983694-g,unplanned,Awaiting,Emergency Repairs,24,true,"MOORINA, ROCKSBERG","CABOOLTURE RIVER RD, SPRINGFLATS CT",2026-09-26T05:47:15Z,2026-09-26T14:30:00Z,152.8742733,-27.1276238,Moreton Bay City,5010,https://services.arcgis.com/bfVzktoY0OhzQCDj/ArcGIS/rest/services/VwEnergexOutages/FeatureServer/0,Polygon,"{""type"":""Polygon"",""coordinates"":[[[152.869058965423,-27.1324105988965],[152.86900521331,-27.131928516176],[152.875409596599,-27.1205621258379],[152.875905423776,-27.1203157387537],[152.876343951087,-27.1206375668691],[152.878589978997,-27.1274475277999],[152.878609877722,-27.1275996406344],[152.878559562893,-27.1284334312314],[152.878411361729,-27.1287293315801],[152.877279640656,-27.1297353443339],[152.877197617471,-27.1297944011089],[152.87103064437,-27.1333549036876],[152.87053353698,-27.1333802860515],[152.869617385086,-27.1329751750188],[152.869444165584,-27.1328493393007],[152.869058965423,-27.1324105988965]]]}","{""OBJECTID"":413297,""EVENT_ID"":""INCD-983694-g"",""TYPE"":""UNPLANNED"",""STATUS"":""Awaiting"",""CUSTOMERS_AFFECTED"":24,""SUBURBS"":""MOORINA, ROCKSBERG"",""STREETS"":""CABOOLTURE RIVER RD, SPRINGFLATS CT"",""START"":1790401635016,""FINISH"":null,""EST_FIX_TIME"":1790433000000,""REASON"":""Emergency Repairs"",""CRC"":""CAD5DD7E"",""EXTRACTED"":1790423405211,""SHAPE__Area"":851084.96484375,""SHAPE__Length"":4101.281093209664}"
2026-09-26T13:15:37Z,2026-09-26T23:15:37+10:00,au.qld.energex,Energex,au.qld.energex|unplanned|INCD-983714-g,INCD-983714-g,unplanned,Awaiting,Emergency Repairs,22,true,DOONAN,"LIVISTONA DR, SOLITAIRE ST",2026-09-26T12:51:28Z,2026-09-26T15:30:00Z,153.0154091,-26.4252979,Noosa Shire,5740,https://services.arcgis.com/bfVzktoY0OhzQCDj/ArcGIS/rest/services/VwEnergexOutages/FeatureServer/0,Polygon,"{""type"":""Polygon"",""coordinates"":[[[153.012486967108,-26.4241030831315],[153.012948234968,-26.4234351335577],[153.017109069455,-26.423595862572],[153.017443815179,-26.4237291898279],[153.017719025136,-26.4239793288829],[153.017840562165,-26.4244340961275],[153.016581755905,-26.4279916004831],[153.015707974555,-26.4281315131494],[153.013120537511,-26.4251325365345],[153.013076764586,-26.4250724849294],[153.012486967108,-26.4241030831315]]]}","{""OBJECTID"":413298,""EVENT_ID"":""INCD-983714-g"",""TYPE"":""UNPLANNED"",""STATUS"":""Awaiting"",""CUSTOMERS_AFFECTED"":22,""SUBURBS"":""DOONAN"",""STREETS"":""LIVISTONA DR, SOLITAIRE ST"",""START"":1790427088707,""FINISH"":null,""EST_FIX_TIME"":1790436600000,""REASON"":""Emergency Repairs"",""CRC"":""FC36EB01"",""EXTRACTED"":1790427304908,""SHAPE__Area"":218500.171875,""SHAPE__Length"":1883.761099280878}"
2026-09-26T13:15:37Z,2026-09-26T23:15:37+10:00,au.qld.ergon,Ergon Energy,au.qld.ergon|unplanned|910958,910958,unplanned,Crews working on-site,The loss of supply is due to damage requiring emergency repairs.,22,true,"ANAKIE, ANAKIE SIDING, THE GEMFIELDS","CAMERON ST, EVANS ST, HEGARTY ST, O'SULLIVAN ST",2026-09-26T12:15:49Z,,147.7473406,-23.5504121,Central Highlands Regional,2270,https://services.arcgis.com/33eHbTVqo7gtiCE8/arcgis/rest/services/VwErgonOutages/FeatureServer/0,Polygon,"{""type"":""Polygon"",""coordinates"":[[[147.74515008832,-23.5499831590569],[147.745629811646,-23.5494870456208],[147.748320531732,-23.549447767533],[147.748322474372,-23.5494477427105],[147.749365762859,-23.5494363160153],[147.749839901104,-23.5500203591369],[147.749681626367,-23.5504959311939],[147.749412907757,-23.5507758831873],[147.747622418332,-23.5515123486328],[147.747444295467,-23.5515511010249],[147.747065197483,-23.5515664347033],[147.747037956841,-23.5515668374022],[147.745924259987,-23.5515547412788],[147.745486335381,-23.5512945651082],[147.745274164475,-23.5508765469161],[147.745230383834,-23.550729708641],[147.74515008832,-23.5499831590569]]]}","{""OBJECTID"":910958,""EVENT_ID"":""26CA10778"",""TYPE"":""UNPLANNED"",""STATUS"":""Outage reported"",""CUSTOMERS_AFFECTED"":22,""SUBURBS"":""ANAKIE, ANAKIE SIDING, THE GEMFIELDS"",""STREETS"":""CAMERON ST, EVANS ST, HEGARTY ST, O'SULLIVAN ST"",""START"":1790424949000,""FINISH"":null,""EST_FIX_TIME"":null,""REASON"":""The loss of supply is due to damage requiring emergency repairs. "",""CRC"":""DB06D6BD"",""EXTRACTED"":1790425805287,""SHAPE__Area"":109428.984375,""SHAPE__Length"":1322.2658538846672}"
2026-09-26T13:15:37Z,2026-09-26T23:15:37+10:00,au.qld.ergon,Ergon Energy,au.qld.ergon|unplanned|910957,910957,unplanned,Crews working on-site,The loss of supply is due to the operating of protective equipment.,5,true,"MOUNT GARNET, MOUNT SURPRISE","KELLYS CREEK, KENNEDY HWY, UNKNOWN ST",2026-09-26T08:17:29Z,,144.7509679,-18.3787612,Charters Towers Regional,2310,https://services.arcgis.com/33eHbTVqo7gtiCE8/arcgis/rest/services/VwErgonOutages/FeatureServer/0,Polygon,"{""type"":""Polygon"",""coordinates"":[[[144.738772509471,-18.4274198974111],[144.738206552418,-18.4275839107204],[144.737915154411,-18.4270926350192],[144.75432849197,-18.3299729050454],[144.754793609977,-18.329593208767],[144.755261606015,-18.3299696659988],[144.760778031119,-18.3611868836646],[144.760777980446,-18.3613374635875],[144.754390849436,-18.3973263133808],[144.754348677956,-18.3974506641807],[144.739089250805,-18.426970679067],[144.739055246425,-18.4270261216149],[144.738772509471,-18.4274198974111]]]}","{""OBJECTID"":910957,""EVENT_ID"":""26FN9488"",""TYPE"":""UNPLANNED"",""STATUS"":""Crews working on-site"",""CUSTOMERS_AFFECTED"":5,""SUBURBS"":""MOUNT GARNET, MOUNT SURPRISE"",""STREETS"":""KELLYS CREEK, KENNEDY HWY, UNKNOWN ST"",""START"":1790410649000,""FINISH"":null,""EST_FIX_TIME"":null,""REASON"":""The loss of supply is due to the operating of protective equipment. "",""CRC"":""30131B8D"",""EXTRACTED"":1790424005863,""SHAPE__Area"":10503512.16015625,""SHAPE__Length"":23753.95609611841}"
2026-09-26T13:30:49Z,2026-09-26T23:30:49+10:00,au.qld.energex,Energex,au.qld.energex|unplanned|INCD-983694-g,INCD-983694-g,unplanned,Awaiting,Emergency Repairs,24,true,"MOORINA, ROCKSBERG","CABOOLTURE RIVER RD, SPRINGFLATS CT",2026-09-26T05:47:15Z,2026-09-26T14:30:00Z,152.8742733,-27.1276238,Moreton Bay City,5010,https://services.arcgis.com/bfVzktoY0OhzQCDj/ArcGIS/rest/services/VwEnergexOutages/FeatureServer/0,Polygon,"{""type"":""Polygon"",""coordinates"":[[[152.869058965423,-27.1324105988965],[152.86900521331,-27.131928516176],[152.875409596599,-27.1205621258379],[152.875905423776,-27.1203157387537],[152.876343951087,-27.1206375668691],[152.878589978997,-27.1274475277999],[152.878609877722,-27.1275996406344],[152.878559562893,-27.1284334312314],[152.878411361729,-27.1287293315801],[152.877279640656,-27.1297353443339],[152.877197617471,-27.1297944011089],[152.87103064437,-27.1333549036876],[152.87053353698,-27.1333802860515],[152.869617385086,-27.1329751750188],[152.869444165584,-27.1328493393007],[152.869058965423,-27.1324105988965]]]}","{""OBJECTID"":413297,""EVENT_ID"":""INCD-983694-g"",""TYPE"":""UNPLANNED"",""STATUS"":""Awaiting"",""CUSTOMERS_AFFECTED"":24,""SUBURBS"":""MOORINA, ROCKSBERG"",""STREETS"":""CABOOLTURE RIVER RD, SPRINGFLATS CT"",""START"":1790401635016,""FINISH"":null,""EST_FIX_TIME"":1790433000000,""REASON"":""Emergency Repairs"",""CRC"":""CAD5DD7E"",""EXTRACTED"":1790423405211,""SHAPE__Area"":851084.96484375,""SHAPE__Length"":4101.281093209664}"
2026-09-26T13:30:49Z,2026-09-26T23:30:49+10:00,au.qld.energex,Energex,au.qld.energex|unplanned|INCD-983714-g,INCD-983714-g,unplanned,Awaiting,Emergency Repairs,22,true,DOONAN,"LIVISTONA DR, SOLITAIRE ST",2026-09-26T12:51:28Z,2026-09-26T15:30:00Z,153.0154091,-26.4252979,Noosa Shire,5740,https://services.arcgis.com/bfVzktoY0OhzQCDj/ArcGIS/rest/services/VwEnergexOutages/FeatureServer/0,Polygon,"{""type"":""Polygon"",""coordinates"":[[[153.012486967108,-26.4241030831315],[153.012948234968,-26.4234351335577],[153.017109069455,-26.423595862572],[153.017443815179,-26.4237291898279],[153.017719025136,-26.4239793288829],[153.017840562165,-26.4244340961275],[153.016581755905,-26.4279916004831],[153.015707974555,-26.4281315131494],[153.013120537511,-26.4251325365345],[153.013076764586,-26.4250724849294],[153.012486967108,-26.4241030831315]]]}","{""OBJECTID"":413298,""EVENT_ID"":""INCD-983714-g"",""TYPE"":""UNPLANNED"",""STATUS"":""Awaiting"",""CUSTOMERS_AFFECTED"":22,""SUBURBS"":""DOONAN"",""STREETS"":""LIVISTONA DR, SOLITAIRE ST"",""START"":1790427088707,""FINISH"":null,""EST_FIX_TIME"":1790436600000,""REASON"":""Emergency Repairs"",""CRC"":""FC36EB01"",""EXTRACTED"":1790427304908,""SHAPE__Area"":218500.171875,""SHAPE__Length"":1883.761099280878}"
2026-09-26T13:30:49Z,2026-09-26T23:30:49+10:00,au.qld.energex,Energex,au.qld.energex|unplanned|INCD-983715-g,INCD-983715-g,unplanned,In Progress,Under Investigation,2,true,EERWAH VALE,ANDERSON RD,2026-09-26T13:17:34Z,2026-09-26T15:00:00Z,152.8885146,-26.4922839,Sunshine Coast Regional,6720,https://services.arcgis.com/bfVzktoY0OhzQCDj/ArcGIS/rest/services/VwEnergexOutages/FeatureServer/0,Polygon,"{""type"":""Polygon"",""coordinates"":[[[152.890234974085,-26.4917115971857],[152.890773729434,-26.49212706783],[152.890312005962,-26.4926118555526],[152.886791542259,-26.4928557168423],[152.886252797897,-26.492440231245],[152.886714537655,-26.4919554566927],[152.890234974085,-26.4917115971857]]]}","{""OBJECTID"":413299,""EVENT_ID"":""INCD-983715-g"",""TYPE"":""UNPLANNED"",""STATUS"":""Awaiting"",""CUSTOMERS_AFFECTED"":2,""SUBURBS"":""EERWAH VALE"",""STREETS"":""ANDERSON RD"",""START"":1790428654766,""FINISH"":null,""EST_FIX_TIME"":1790434800000,""REASON"":""Under Investigation"",""CRC"":""81E20412"",""EXTRACTED"":1790428804002,""SHAPE__Area"":50414.60546875,""SHAPE__Length"":1102.9300589083023}"
2026-09-26T13:30:49Z,2026-09-26T23:30:49+10:00,au.qld.ergon,Ergon Energy,au.qld.ergon|unplanned|910958,910958,unplanned,Crews working on-site,The loss of supply is due to damage requiring emergency repairs.,22,true,"ANAKIE, ANAKIE SIDING, THE GEMFIELDS","CAMERON ST, EVANS ST, HEGARTY ST, O'SULLIVAN ST",2026-09-26T12:15:49Z,,147.7473406,-23.5504121,Central Highlands Regional,2270,https://services.arcgis.com/33eHbTVqo7gtiCE8/arcgis/rest/services/VwErgonOutages/FeatureServer/0,Polygon,"{""type"":""Polygon"",""coordinates"":[[[147.74515008832,-23.5499831590569],[147.745629811646,-23.5494870456208],[147.748320531732,-23.549447767533],[147.748322474372,-23.5494477427105],[147.749365762859,-23.5494363160153],[147.749839901104,-23.5500203591369],[147.749681626367,-23.5504959311939],[147.749412907757,-23.5507758831873],[147.747622418332,-23.5515123486328],[147.747444295467,-23.5515511010249],[147.747065197483,-23.5515664347033],[147.747037956841,-23.5515668374022],[147.745924259987,-23.5515547412788],[147.745486335381,-23.5512945651082],[147.745274164475,-23.5508765469161],[147.745230383834,-23.550729708641],[147.74515008832,-23.5499831590569]]]}","{""OBJECTID"":910958,""EVENT_ID"":""26CA10778"",""TYPE"":""UNPLANNED"",""STATUS"":""Crews on route"",""CUSTOMERS_AFFECTED"":22,""SUBURBS"":""ANAKIE, ANAKIE SIDING, THE GEMFIELDS"",""STREETS"":""CAMERON ST, EVANS ST, HEGARTY ST, O'SULLIVAN ST"",""START"":1790424949000,""FINISH"":null,""EST_FIX_TIME"":null,""REASON"":""The loss of supply is due to damage requiring emergency repairs. "",""CRC"":""57A8FD18"",""EXTRACTED"":1790429104876,""SHAPE__Area"":109428.984375,""SHAPE__Length"":1322.2658538846672}"
2026-09-26T13:30:49Z,2026-09-26T23:30:49+10:00,au.qld.ergon,Ergon Energy,au.qld.ergon|unplanned|910957,910957,unplanned,Crews working on-site,The loss of supply is due to the operating of protective equipment.,5,true,"MOUNT GARNET, MOUNT SURPRISE","KELLYS CREEK, KENNEDY HWY, UNKNOWN ST",2026-09-26T08:17:29Z,,144.7509679,-18.3787612,Charters Towers Regional,2310,https://services.arcgis.com/33eHbTVqo7gtiCE8/arcgis/rest/services/VwErgonOutages/FeatureServer/0,Polygon,"{""type"":""Polygon"",""coordinates"":[[[144.738772509471,-18.4274198974111],[144.738206552418,-18.4275839107204],[144.737915154411,-18.4270926350192],[144.75432849197,-18.3299729050454],[144.754793609977,-18.329593208767],[144.755261606015,-18.3299696659988],[144.760778031119,-18.3611868836646],[144.760777980446,-18.3613374635875],[144.754390849436,-18.3973263133808],[144.754348677956,-18.3974506641807],[144.739089250805,-18.426970679067],[144.739055246425,-18.4270261216149],[144.738772509471,-18.4274198974111]]]}","{""OBJECTID"":910957,""EVENT_ID"":""26FN9488"",""TYPE"":""UNPLANNED"",""STATUS"":""Crews working on-site"",""CUSTOMERS_AFFECTED"":5,""SUBURBS"":""MOUNT GARNET, MOUNT SURPRISE"",""STREETS"":""KELLYS CREEK, KENNEDY HWY, UNKNOWN ST"",""START"":1790410649000,""FINISH"":null,""EST_FIX_TIME"":null,""REASON"":""The loss of supply is due to the operating of protective equipment. "",""CRC"":""30131B8D"",""EXTRACTED"":1790424005863,""SHAPE__Area"":10503512.16015625,""SHAPE__Length"":23753.95609611841}"
2026-09-26T13:45:41Z,2026-09-26T23:45:41+10:00,au.qld.energex,Energex,au.qld.energex|unplanned|INCD-983694-g,INCD-983694-g,unplanned,Awaiting,Emergency Repairs,24,true,"MOORINA, ROCKSBERG","CABOOLTURE RIVER RD, SPRINGFLATS CT",2026-09-26T05:47:15Z,2026-09-26T14:30:00Z,152.8742733,-27.1276238,Moreton Bay City,5010,https://services.arcgis.com/bfVzktoY0OhzQCDj/ArcGIS/rest/services/VwEnergexOutages/FeatureServer/0,Polygon,"{""type"":""Polygon"",""coordinates"":[[[152.869058965423,-27.1324105988965],[152.86900521331,-27.131928516176],[152.875409596599,-27.1205621258379],[152.875905423776,-27.1203157387537],[152.876343951087,-27.1206375668691],[152.878589978997,-27.1274475277999],[152.878609877722,-27.1275996406344],[152.878559562893,-27.1284334312314],[152.878411361729,-27.1287293315801],[152.877279640656,-27.1297353443339],[152.877197617471,-27.1297944011089],[152.87103064437,-27.1333549036876],[152.87053353698,-27.1333802860515],[152.869617385086,-27.1329751750188],[152.869444165584,-27.1328493393007],[152.869058965423,-27.1324105988965]]]}","{""OBJECTID"":413297,""EVENT_ID"":""INCD-983694-g"",""TYPE"":""UNPLANNED"",""STATUS"":""Awaiting"",""CUSTOMERS_AFFECTED"":24,""SUBURBS"":""MOORINA, ROCKSBERG"",""STREETS"":""CABOOLTURE RIVER RD, SPRINGFLATS CT"",""START"":1790401635016,""FINISH"":null,""EST_FIX_TIME"":1790433000000,""REASON"":""Emergency Repairs"",""CRC"":""CAD5DD7E"",""EXTRACTED"":1790423405211,""SHAPE__Area"":851084.96484375,""SHAPE__Length"":4101.281093209664}"
2026-09-26T13:45:41Z,2026-09-26T23:45:41+10:00,au.qld.energex,Energex,au.qld.energex|unplanned|INCD-983714-g,INCD-983714-g,unplanned,Awaiting,Emergency Repairs,22,true,DOONAN,"LIVISTONA DR, SOLITAIRE ST",2026-09-26T12:51:28Z,2026-09-26T15:30:00Z,153.0154091,-26.4252979,Noosa Shire,5740,https://services.arcgis.com/bfVzktoY0OhzQCDj/ArcGIS/rest/services/VwEnergexOutages/FeatureServer/0,Polygon,"{""type"":""Polygon"",""coordinates"":[[[153.012486967108,-26.4241030831315],[153.012948234968,-26.4234351335577],[153.017109069455,-26.423595862572],[153.017443815179,-26.4237291898279],[153.017719025136,-26.4239793288829],[153.017840562165,-26.4244340961275],[153.016581755905,-26.4279916004831],[153.015707974555,-26.4281315131494],[153.013120537511,-26.4251325365345],[153.013076764586,-26.4250724849294],[153.012486967108,-26.4241030831315]]]}","{""OBJECTID"":413298,""EVENT_ID"":""INCD-983714-g"",""TYPE"":""UNPLANNED"",""STATUS"":""Awaiting"",""CUSTOMERS_AFFECTED"":22,""SUBURBS"":""DOONAN"",""STREETS"":""LIVISTONA DR, SOLITAIRE ST"",""START"":1790427088707,""FINISH"":null,""EST_FIX_TIME"":1790436600000,""REASON"":""Emergency Repairs"",""CRC"":""FC36EB01"",""EXTRACTED"":1790427304908,""SHAPE__Area"":218500.171875,""SHAPE__Length"":1883.761099280878}"
2026-09-26T13:45:41Z,2026-09-26T23:45:41+10:00,au.qld.energex,Energex,au.qld.energex|unplanned|INCD-983715-g,INCD-983715-g,unplanned,In Progress,Under Investigation,2,true,EERWAH VALE,ANDERSON RD,2026-09-26T13:17:34Z,2026-09-26T15:00:00Z,152.8885146,-26.4922839,Sunshine Coast Regional,6720,https://services.arcgis.com/bfVzktoY0OhzQCDj/ArcGIS/rest/services/VwEnergexOutages/FeatureServer/0,Polygon,"{""type"":""Polygon"",""coordinates"":[[[152.890234974085,-26.4917115971857],[152.890773729434,-26.49212706783],[152.890312005962,-26.4926118555526],[152.886791542259,-26.4928557168423],[152.886252797897,-26.492440231245],[152.886714537655,-26.4919554566927],[152.890234974085,-26.4917115971857]]]}","{""OBJECTID"":413299,""EVENT_ID"":""INCD-983715-g"",""TYPE"":""UNPLANNED"",""STATUS"":""Awaiting"",""CUSTOMERS_AFFECTED"":2,""SUBURBS"":""EERWAH VALE"",""STREETS"":""ANDERSON RD"",""START"":1790428654766,""FINISH"":null,""EST_FIX_TIME"":1790434800000,""REASON"":""Under Investigation"",""CRC"":""81E20412"",""EXTRACTED"":1790428804002,""SHAPE__Area"":50414.60546875,""SHAPE__Length"":1102.9300589083023}"
2026-09-26T13:45:41Z,2026-09-26T23:45:41+10:00,au.qld.ergon,Ergon Energy,au.qld.ergon|unplanned|910958,910958,unplanned,Crews working on-site,The loss of supply is due to damage requiring emergency repairs.,22,true,"ANAKIE, ANAKIE SIDING, THE GEMFIELDS","CAMERON ST, EVANS ST, HEGARTY ST, O'SULLIVAN ST",2026-09-26T12:15:49Z,,147.7473406,-23.5504121,Central Highlands Regional,2270,https://services.arcgis.com/33eHbTVqo7gtiCE8/arcgis/rest/services/VwErgonOutages/FeatureServer/0,Polygon,"{""type"":""Polygon"",""coordinates"":[[[147.74515008832,-23.5499831590569],[147.745629811646,-23.5494870456208],[147.748320531732,-23.549447767533],[147.748322474372,-23.5494477427105],[147.749365762859,-23.5494363160153],[147.749839901104,-23.5500203591369],[147.749681626367,-23.5504959311939],[147.749412907757,-23.5507758831873],[147.747622418332,-23.5515123486328],[147.747444295467,-23.5515511010249],[147.747065197483,-23.5515664347033],[147.747037956841,-23.5515668374022],[147.745924259987,-23.5515547412788],[147.745486335381,-23.5512945651082],[147.745274164475,-23.5508765469161],[147.745230383834,-23.550729708641],[147.74515008832,-23.5499831590569]]]}","{""OBJECTID"":910958,""EVENT_ID"":""26CA10778"",""TYPE"":""UNPLANNED"",""STATUS"":""Crews on route"",""CUSTOMERS_AFFECTED"":22,""SUBURBS"":""ANAKIE, ANAKIE SIDING, THE GEMFIELDS"",""STREETS"":""CAMERON ST, EVANS ST, HEGARTY ST, O'SULLIVAN ST"",""START"":1790424949000,""FINISH"":null,""EST_FIX_TIME"":null,""REASON"":""The loss of supply is due to damage requiring emergency repairs. "",""CRC"":""57A8FD18"",""EXTRACTED"":1790429104876,""SHAPE__Area"":109428.984375,""SHAPE__Length"":1322.2658538846672}"
2026-09-26T13:45:41Z,2026-09-26T23:45:41+10:00,au.qld.ergon,Ergon Energy,au.qld.ergon|unplanned|910957,910957,unplanned,Crews working on-site,The loss of supply is due to the operating of protective equipment.,5,true,"MOUNT GARNET, MOUNT SURPRISE","KELLYS CREEK, KENNEDY HWY, UNKNOWN ST",2026-09-26T08:17:29Z,,144.7509679,-18.3787612,Charters Towers Regional,2310,https://services.arcgis.com/33eHbTVqo7gtiCE8/arcgis/rest/services/VwErgonOutages/FeatureServer/0,Polygon,"{""type"":""Polygon"",""coordinates"":[[[144.738772509471,-18.4274198974111],[144.738206552418,-18.4275839107204],[144.737915154411,-18.4270926350192],[144.75432849197,-18.3299729050454],[144.754793609977,-18.329593208767],[144.755261606015,-18.3299696659988],[144.760778031119,-18.3611868836646],[144.760777980446,-18.3613374635875],[144.754390849436,-18.3973263133808],[144.754348677956,-18.3974506641807],[144.739089250805,-18.426970679067],[144.739055246425,-18.4270261216149],[144.738772509471,-18.4274198974111]]]}","{""OBJECTID"":910957,""EVENT_ID"":""26FN9488"",""TYPE"":""UNPLANNED"",""STATUS"":""Crews working on-site"",""CUSTOMERS_AFFECTED"":5,""SUBURBS"":""MOUNT GARNET, MOUNT SURPRISE"",""STREETS"":""KELLYS CREEK, KENNEDY HWY, UNKNOWN ST"",""START"":1790410649000,""FINISH"":null,""EST_FIX_TIME"":null,""REASON"":""The loss of supply is due to the operating of protective equipment. "",""CRC"":""30131B8D"",""EXTRACTED"":1790424005863,""SHAPE__Area"":10503512.16015625,""SHAPE__Length"":23753.95609611841}"
2026-09-26T14:00:58Z,2026-09-27T00:00:58+10:00,au.qld.energex,Energex,au.qld.energex|unplanned|INCD-983694-g,INCD-983694-g,unplanned,Awaiting,Emergency Repairs,24,true,"MOORINA, ROCKSBERG","CABOOLTURE RIVER RD, SPRINGFLATS CT",2026-09-26T05:47:15Z,2026-09-26T16:30:00Z,152.8742733,-27.1276238,Moreton Bay City,5010,https://services.arcgis.com/bfVzktoY0OhzQCDj/ArcGIS/rest/services/VwEnergexOutages/FeatureServer/0,Polygon,"{""type"":""Polygon"",""coordinates"":[[[152.869058965423,-27.1324105988965],[152.86900521331,-27.131928516176],[152.875409596599,-27.1205621258379],[152.875905423776,-27.1203157387537],[152.876343951087,-27.1206375668691],[152.878589978997,-27.1274475277999],[152.878609877722,-27.1275996406344],[152.878559562893,-27.1284334312314],[152.878411361729,-27.1287293315801],[152.877279640656,-27.1297353443339],[152.877197617471,-27.1297944011089],[152.87103064437,-27.1333549036876],[152.87053353698,-27.1333802860515],[152.869617385086,-27.1329751750188],[152.869444165584,-27.1328493393007],[152.869058965423,-27.1324105988965]]]}","{""OBJECTID"":413297,""EVENT_ID"":""INCD-983694-g"",""TYPE"":""UNPLANNED"",""STATUS"":""Awaiting"",""CUSTOMERS_AFFECTED"":24,""SUBURBS"":""MOORINA, ROCKSBERG"",""STREETS"":""CABOOLTURE RIVER RD, SPRINGFLATS CT"",""START"":1790401635016,""FINISH"":null,""EST_FIX_TIME"":1790440200000,""REASON"":""Emergency Repairs"",""CRC"":""F5746346"",""EXTRACTED"":1790430605523,""SHAPE__Area"":851084.96484375,""SHAPE__Length"":4101.281093209664}"
2026-09-26T14:00:58Z,2026-09-27T00:00:58+10:00,au.qld.energex,Energex,au.qld.energex|unplanned|INCD-983714-g,INCD-983714-g,unplanned,Awaiting,Emergency Repairs,22,true,DOONAN,"LIVISTONA DR, SOLITAIRE ST",2026-09-26T12:51:28Z,2026-09-26T15:30:00Z,153.0154091,-26.4252979,Noosa Shire,5740,https://services.arcgis.com/bfVzktoY0OhzQCDj/ArcGIS/rest/services/VwEnergexOutages/FeatureServer/0,Polygon,"{""type"":""Polygon"",""coordinates"":[[[153.012486967108,-26.4241030831315],[153.012948234968,-26.4234351335577],[153.017109069455,-26.423595862572],[153.017443815179,-26.4237291898279],[153.017719025136,-26.4239793288829],[153.017840562165,-26.4244340961275],[153.016581755905,-26.4279916004831],[153.015707974555,-26.4281315131494],[153.013120537511,-26.4251325365345],[153.013076764586,-26.4250724849294],[153.012486967108,-26.4241030831315]]]}","{""OBJECTID"":413298,""EVENT_ID"":""INCD-983714-g"",""TYPE"":""UNPLANNED"",""STATUS"":""Awaiting"",""CUSTOMERS_AFFECTED"":22,""SUBURBS"":""DOONAN"",""STREETS"":""LIVISTONA DR, SOLITAIRE ST"",""START"":1790427088707,""FINISH"":null,""EST_FIX_TIME"":1790436600000,""REASON"":""Emergency Repairs"",""CRC"":""FC36EB01"",""EXTRACTED"":1790427304908,""SHAPE__Area"":218500.171875,""SHAPE__Length"":1883.761099280878}"
2026-09-26T14:00:58Z,2026-09-27T00:00:58+10:00,au.qld.energex,Energex,au.qld.energex|unplanned|INCD-983715-g,INCD-983715-g,unplanned,In Progress,Under Investigation,2,true,EERWAH VALE,ANDERSON RD,2026-09-26T13:17:34Z,2026-09-26T15:00:00Z,152.8885146,-26.4922839,Sunshine Coast Regional,6720,https://services.arcgis.com/bfVzktoY0OhzQCDj/ArcGIS/rest/services/VwEnergexOutages/FeatureServer/0,Polygon,"{""type"":""Polygon"",""coordinates"":[[[152.890234974085,-26.4917115971857],[152.890773729434,-26.49212706783],[152.890312005962,-26.4926118555526],[152.886791542259,-26.4928557168423],[152.886252797897,-26.492440231245],[152.886714537655,-26.4919554566927],[152.890234974085,-26.4917115971857]]]}","{""OBJECTID"":413299,""EVENT_ID"":""INCD-983715-g"",""TYPE"":""UNPLANNED"",""STATUS"":""Awaiting"",""CUSTOMERS_AFFECTED"":2,""SUBURBS"":""EERWAH VALE"",""STREETS"":""ANDERSON RD"",""START"":1790428654766,""FINISH"":null,""EST_FIX_TIME"":1790434800000,""REASON"":""Under Investigation"",""CRC"":""81E20412"",""EXTRACTED"":1790428804002,""SHAPE__Area"":50414.60546875,""SHAPE__Length"":1102.9300589083023}"
2026-09-26T14:00:58Z,2026-09-27T00:00:58+10:00,au.qld.ergon,Ergon Energy,au.qld.ergon|unplanned|910958,910958,unplanned,Crews working on-site,The loss of supply is due to damage requiring emergency repairs.,22,true,"ANAKIE, ANAKIE SIDING, THE GEMFIELDS","CAMERON ST, EVANS ST, HEGARTY ST, O'SULLIVAN ST",2026-09-26T12:15:49Z,2026-09-26T20:00:00Z,147.7473406,-23.5504121,Central Highlands Regional,2270,https://services.arcgis.com/33eHbTVqo7gtiCE8/arcgis/rest/services/VwErgonOutages/FeatureServer/0,Polygon,"{""type"":""Polygon"",""coordinates"":[[[147.74515008832,-23.5499831590569],[147.745629811646,-23.5494870456208],[147.748320531732,-23.549447767533],[147.748322474372,-23.5494477427105],[147.749365762859,-23.5494363160153],[147.749839901104,-23.5500203591369],[147.749681626367,-23.5504959311939],[147.749412907757,-23.5507758831873],[147.747622418332,-23.5515123486328],[147.747444295467,-23.5515511010249],[147.747065197483,-23.5515664347033],[147.747037956841,-23.5515668374022],[147.745924259987,-23.5515547412788],[147.745486335381,-23.5512945651082],[147.745274164475,-23.5508765469161],[147.745230383834,-23.550729708641],[147.74515008832,-23.5499831590569]]]}","{""OBJECTID"":910958,""EVENT_ID"":""26CA10778"",""TYPE"":""UNPLANNED"",""STATUS"":""Crews on route"",""CUSTOMERS_AFFECTED"":22,""SUBURBS"":""ANAKIE, ANAKIE SIDING, THE GEMFIELDS"",""STREETS"":""CAMERON ST, EVANS ST, HEGARTY ST, O'SULLIVAN ST"",""START"":1790424949000,""FINISH"":null,""EST_FIX_TIME"":1790452800000,""REASON"":""The loss of supply is due to damage requiring emergency repairs. "",""CRC"":""10626D6B"",""EXTRACTED"":1790430604981,""SHAPE__Area"":109428.984375,""SHAPE__Length"":1322.2658538846672}"
2026-09-26T14:00:58Z,2026-09-27T00:00:58+10:00,au.qld.ergon,Ergon Energy,au.qld.ergon|unplanned|910957,910957,unplanned,Crews working on-site,The loss of supply is due to the operating of protective equipment.,5,true,"MOUNT GARNET, MOUNT SURPRISE","KELLYS CREEK, KENNEDY HWY, UNKNOWN ST",2026-09-26T08:17:29Z,,144.7509679,-18.3787612,Charters Towers Regional,2310,https://services.arcgis.com/33eHbTVqo7gtiCE8/arcgis/rest/services/VwErgonOutages/FeatureServer/0,Polygon,"{""type"":""Polygon"",""coordinates"":[[[144.738772509471,-18.4274198974111],[144.738206552418,-18.4275839107204],[144.737915154411,-18.4270926350192],[144.75432849197,-18.3299729050454],[144.754793609977,-18.329593208767],[144.755261606015,-18.3299696659988],[144.760778031119,-18.3611868836646],[144.760777980446,-18.3613374635875],[144.754390849436,-18.3973263133808],[144.754348677956,-18.3974506641807],[144.739089250805,-18.426970679067],[144.739055246425,-18.4270261216149],[144.738772509471,-18.4274198974111]]]}","{""OBJECTID"":910957,""EVENT_ID"":""26FN9488"",""TYPE"":""UNPLANNED"",""STATUS"":""Crews working on-site"",""CUSTOMERS_AFFECTED"":5,""SUBURBS"":""MOUNT GARNET, MOUNT SURPRISE"",""STREETS"":""KELLYS CREEK, KENNEDY HWY, UNKNOWN ST"",""START"":1790410649000,""FINISH"":null,""EST_FIX_TIME"":null,""REASON"":""The loss of supply is due to the operating of protective equipment. "",""CRC"":""30131B8D"",""EXTRACTED"":1790424005863,""SHAPE__Area"":10503512.16015625,""SHAPE__Length"":23753.95609611841}"
2026-09-26T14:15:43Z,2026-09-27T00:15:43+10:00,au.qld.energex,Energex,au.qld.energex|unplanned|INCD-983714-g,INCD-983714-g,unplanned,Awaiting,Emergency Repairs,22,true,DOONAN,"LIVISTONA DR, SOLITAIRE ST",2026-09-26T12:51:28Z,2026-09-26T15:30:00Z,153.0154091,-26.4252979,Noosa Shire,5740,https://services.arcgis.com/bfVzktoY0OhzQCDj/ArcGIS/rest/services/VwEnergexOutages/FeatureServer/0,Polygon,"{""type"":""Polygon"",""coordinates"":[[[153.012486967108,-26.4241030831315],[153.012948234968,-26.4234351335577],[153.017109069455,-26.423595862572],[153.017443815179,-26.4237291898279],[153.017719025136,-26.4239793288829],[153.017840562165,-26.4244340961275],[153.016581755905,-26.4279916004831],[153.015707974555,-26.4281315131494],[153.013120537511,-26.4251325365345],[153.013076764586,-26.4250724849294],[153.012486967108,-26.4241030831315]]]}","{""OBJECTID"":413298,""EVENT_ID"":""INCD-983714-g"",""TYPE"":""UNPLANNED"",""STATUS"":""Awaiting"",""CUSTOMERS_AFFECTED"":22,""SUBURBS"":""DOONAN"",""STREETS"":""LIVISTONA DR, SOLITAIRE ST"",""START"":1790427088707,""FINISH"":null,""EST_FIX_TIME"":1790436600000,""REASON"":""Emergency Repairs"",""CRC"":""FC36EB01"",""EXTRACTED"":1790427304908,""SHAPE__Area"":218500.171875,""SHAPE__Length"":1883.761099280878}"
2026-09-26T14:15:43Z,2026-09-27T00:15:43+10:00,au.qld.energex,Energex,au.qld.energex|unplanned|INCD-983715-g,INCD-983715-g,unplanned,In Progress,Under Investigation,2,true,EERWAH VALE,ANDERSON RD,2026-09-26T13:17:34Z,2026-09-26T15:00:00Z,152.8885146,-26.4922839,Sunshine Coast Regional,6720,https://services.arcgis.com/bfVzktoY0OhzQCDj/ArcGIS/rest/services/VwEnergexOutages/FeatureServer/0,Polygon,"{""type"":""Polygon"",""coordinates"":[[[152.890234974085,-26.4917115971857],[152.890773729434,-26.49212706783],[152.890312005962,-26.4926118555526],[152.886791542259,-26.4928557168423],[152.886252797897,-26.492440231245],[152.886714537655,-26.4919554566927],[152.890234974085,-26.4917115971857]]]}","{""OBJECTID"":413299,""EVENT_ID"":""INCD-983715-g"",""TYPE"":""UNPLANNED"",""STATUS"":""Awaiting"",""CUSTOMERS_AFFECTED"":2,""SUBURBS"":""EERWAH VALE"",""STREETS"":""ANDERSON RD"",""START"":1790428654766,""FINISH"":null,""EST_FIX_TIME"":1790434800000,""REASON"":""Under Investigation"",""CRC"":""81E20412"",""EXTRACTED"":1790428804002,""SHAPE__Area"":50414.60546875,""SHAPE__Length"":1102.9300589083023}"
2026-09-26T14:15:43Z,2026-09-27T00:15:43+10:00,au.qld.ergon,Ergon Energy,au.qld.ergon|unplanned|910958,910958,unplanned,Crews working on-site,The loss of supply is due to damage requiring emergency repairs.,22,true,"ANAKIE, ANAKIE SIDING, THE GEMFIELDS","CAMERON ST, EVANS ST, HEGARTY ST, O'SULLIVAN ST",2026-09-26T12:15:49Z,2026-09-26T20:00:00Z,147.7473406,-23.5504121,Central Highlands Regional,2270,https://services.arcgis.com/33eHbTVqo7gtiCE8/arcgis/rest/services/VwErgonOutages/FeatureServer/0,Polygon,"{""type"":""Polygon"",""coordinates"":[[[147.74515008832,-23.5499831590569],[147.745629811646,-23.5494870456208],[147.748320531732,-23.549447767533],[147.748322474372,-23.5494477427105],[147.749365762859,-23.5494363160153],[147.749839901104,-23.5500203591369],[147.749681626367,-23.5504959311939],[147.749412907757,-23.5507758831873],[147.747622418332,-23.5515123486328],[147.747444295467,-23.5515511010249],[147.747065197483,-23.5515664347033],[147.747037956841,-23.5515668374022],[147.745924259987,-23.5515547412788],[147.745486335381,-23.5512945651082],[147.745274164475,-23.5508765469161],[147.745230383834,-23.550729708641],[147.74515008832,-23.5499831590569]]]}","{""OBJECTID"":910958,""EVENT_ID"":""26CA10778"",""TYPE"":""UNPLANNED"",""STATUS"":""Crews on route"",""CUSTOMERS_AFFECTED"":22,""SUBURBS"":""ANAKIE, ANAKIE SIDING, THE GEMFIELDS"",""STREETS"":""CAMERON ST, EVANS ST, HEGARTY ST, O'SULLIVAN ST"",""START"":1790424949000,""FINISH"":null,""EST_FIX_TIME"":1790452800000,""REASON"":""The loss of supply is due to damage requiring emergency repairs. "",""CRC"":""10626D6B"",""EXTRACTED"":1790430604981,""SHAPE__Area"":109428.984375,""SHAPE__Length"":1322.2658538846672}"
2026-09-26T14:15:43Z,2026-09-27T00:15:43+10:00,au.qld.ergon,Ergon Energy,au.qld.ergon|unplanned|910957,910957,unplanned,Crews working on-site,The loss of supply is due to the operating of protective equipment.,5,true,"MOUNT GARNET, MOUNT SURPRISE","KELLYS CREEK, KENNEDY HWY, UNKNOWN ST",2026-09-26T08:17:29Z,,144.7509679,-18.3787612,Charters Towers Regional,2310,https://services.arcgis.com/33eHbTVqo7gtiCE8/arcgis/rest/services/VwErgonOutages/FeatureServer/0,Polygon,"{""type"":""Polygon"",""coordinates"":[[[144.738772509471,-18.4274198974111],[144.738206552418,-18.4275839107204],[144.737915154411,-18.4270926350192],[144.75432849197,-18.3299729050454],[144.754793609977,-18.329593208767],[144.755261606015,-18.3299696659988],[144.760778031119,-18.3611868836646],[144.760777980446,-18.3613374635875],[144.754390849436,-18.3973263133808],[144.754348677956,-18.3974506641807],[144.739089250805,-18.426970679067],[144.739055246425,-18.4270261216149],[144.738772509471,-18.4274198974111]]]}","{""OBJECTID"":910957,""EVENT_ID"":""26FN9488"",""TYPE"":""UNPLANNED"",""STATUS"":""Crews working on-site"",""CUSTOMERS_AFFECTED"":5,""SUBURBS"":""MOUNT GARNET, MOUNT SURPRISE"",""STREETS"":""KELLYS CREEK, KENNEDY HWY, UNKNOWN ST"",""START"":1790410649000,""FINISH"":null,""EST_FIX_TIME"":null,""REASON"":""The loss of supply is due to the operating of protective equipment. "",""CRC"":""30131B8D"",""EXTRACTED"":1790424005863,""SHAPE__Area"":10503512.16015625,""SHAPE__Length"":23753.95609611841}"
2026-09-26T14:30:43Z,2026-09-27T00:30:43+10:00,au.qld.energex,Energex,au.qld.energex|unplanned|INCD-983714-g,INCD-983714-g,unplanned,Awaiting,Emergency Repairs,22,true,DOONAN,"LIVISTONA DR, SOLITAIRE ST",2026-09-26T12:51:28Z,2026-09-26T15:30:00Z,153.0154091,-26.4252979,Noosa Shire,5740,https://services.arcgis.com/bfVzktoY0OhzQCDj/ArcGIS/rest/services/VwEnergexOutages/FeatureServer/0,Polygon,"{""type"":""Polygon"",""coordinates"":[[[153.012486967108,-26.4241030831315],[153.012948234968,-26.4234351335577],[153.017109069455,-26.423595862572],[153.017443815179,-26.4237291898279],[153.017719025136,-26.4239793288829],[153.017840562165,-26.4244340961275],[153.016581755905,-26.4279916004831],[153.015707974555,-26.4281315131494],[153.013120537511,-26.4251325365345],[153.013076764586,-26.4250724849294],[153.012486967108,-26.4241030831315]]]}","{""OBJECTID"":413298,""EVENT_ID"":""INCD-983714-g"",""TYPE"":""UNPLANNED"",""STATUS"":""Awaiting"",""CUSTOMERS_AFFECTED"":22,""SUBURBS"":""DOONAN"",""STREETS"":""LIVISTONA DR, SOLITAIRE ST"",""START"":1790427088707,""FINISH"":null,""EST_FIX_TIME"":1790436600000,""REASON"":""Emergency Repairs"",""CRC"":""FC36EB01"",""EXTRACTED"":1790427304908,""SHAPE__Area"":218500.171875,""SHAPE__Length"":1883.761099280878}"
2026-09-26T14:30:43Z,2026-09-27T00:30:43+10:00,au.qld.energex,Energex,au.qld.energex|unplanned|INCD-983715-g,INCD-983715-g,unplanned,In Progress,Under Investigation,2,true,EERWAH VALE,ANDERSON RD,2026-09-26T13:17:34Z,2026-09-26T16:00:00Z,152.8885146,-26.4922839,Sunshine Coast Regional,6720,https://services.arcgis.com/bfVzktoY0OhzQCDj/ArcGIS/rest/services/VwEnergexOutages/FeatureServer/0,Polygon,"{""type"":""Polygon"",""coordinates"":[[[152.890234974085,-26.4917115971857],[152.890773729434,-26.49212706783],[152.890312005962,-26.4926118555526],[152.886791542259,-26.4928557168423],[152.886252797897,-26.492440231245],[152.886714537655,-26.4919554566927],[152.890234974085,-26.4917115971857]]]}","{""OBJECTID"":413299,""EVENT_ID"":""INCD-983715-g"",""TYPE"":""UNPLANNED"",""STATUS"":""Awaiting"",""CUSTOMERS_AFFECTED"":2,""SUBURBS"":""EERWAH VALE"",""STREETS"":""ANDERSON RD"",""START"":1790428654766,""FINISH"":null,""EST_FIX_TIME"":1790438400000,""REASON"":""Under Investigation"",""CRC"":""AD02AE9E"",""EXTRACTED"":1790432404887,""SHAPE__Area"":50414.60546875,""SHAPE__Length"":1102.9300589083023}"
2026-09-26T14:30:43Z,2026-09-27T00:30:43+10:00,au.qld.ergon,Ergon Energy,au.qld.ergon|unplanned|910958,910958,unplanned,Crews working on-site,The loss of supply is due to damage requiring emergency repairs.,22,true,"ANAKIE, ANAKIE SIDING, THE GEMFIELDS","CAMERON ST, EVANS ST, HEGARTY ST, O'SULLIVAN ST",2026-09-26T12:15:49Z,2026-09-26T20:00:00Z,147.7473406,-23.5504121,Central Highlands Regional,2270,https://services.arcgis.com/33eHbTVqo7gtiCE8/arcgis/rest/services/VwErgonOutages/FeatureServer/0,Polygon,"{""type"":""Polygon"",""coordinates"":[[[147.74515008832,-23.5499831590569],[147.745629811646,-23.5494870456208],[147.748320531732,-23.549447767533],[147.748322474372,-23.5494477427105],[147.749365762859,-23.5494363160153],[147.749839901104,-23.5500203591369],[147.749681626367,-23.5504959311939],[147.749412907757,-23.5507758831873],[147.747622418332,-23.5515123486328],[147.747444295467,-23.5515511010249],[147.747065197483,-23.5515664347033],[147.747037956841,-23.5515668374022],[147.745924259987,-23.5515547412788],[147.745486335381,-23.5512945651082],[147.745274164475,-23.5508765469161],[147.745230383834,-23.550729708641],[147.74515008832,-23.5499831590569]]]}","{""OBJECTID"":910958,""EVENT_ID"":""26CA10778"",""TYPE"":""UNPLANNED"",""STATUS"":""Crews working on-site"",""CUSTOMERS_AFFECTED"":22,""SUBURBS"":""ANAKIE, ANAKIE SIDING, THE GEMFIELDS"",""STREETS"":""CAMERON ST, EVANS ST, HEGARTY ST, O'SULLIVAN ST"",""START"":1790424949000,""FINISH"":null,""EST_FIX_TIME"":1790452800000,""REASON"":""The loss of supply is due to damage requiring emergency repairs. "",""CRC"":""E852A740"",""EXTRACTED"":1790432705367,""SHAPE__Area"":109428.984375,""SHAPE__Length"":1322.2658538846672}"
2026-09-26T14:30:43Z,2026-09-27T00:30:43+10:00,au.qld.ergon,Ergon Energy,au.qld.ergon|unplanned|910957,910957,unplanned,Crews working on-site,The loss of supply is due to the operating of protective equipment.,5,true,"MOUNT GARNET, MOUNT SURPRISE","KELLYS CREEK, KENNEDY HWY, UNKNOWN ST",2026-09-26T08:17:29Z,,144.7509679,-18.3787612,Charters Towers Regional,2310,https://services.arcgis.com/33eHbTVqo7gtiCE8/arcgis/rest/services/VwErgonOutages/FeatureServer/0,Polygon,"{""type"":""Polygon"",""coordinates"":[[[144.738772509471,-18.4274198974111],[144.738206552418,-18.4275839107204],[144.737915154411,-18.4270926350192],[144.75432849197,-18.3299729050454],[144.754793609977,-18.329593208767],[144.755261606015,-18.3299696659988],[144.760778031119,-18.3611868836646],[144.760777980446,-18.3613374635875],[144.754390849436,-18.3973263133808],[144.754348677956,-18.3974506641807],[144.739089250805,-18.426970679067],[144.739055246425,-18.4270261216149],[144.738772509471,-18.4274198974111]]]}","{""OBJECTID"":910957,""EVENT_ID"":""26FN9488"",""TYPE"":""UNPLANNED"",""STATUS"":""Crews working on-site"",""CUSTOMERS_AFFECTED"":5,""SUBURBS"":""MOUNT GARNET, MOUNT SURPRISE"",""STREETS"":""KELLYS CREEK, KENNEDY HWY, UNKNOWN ST"",""START"":1790410649000,""FINISH"":null,""EST_FIX_TIME"":null,""REASON"":""The loss of supply is due to the operating of protective equipment. "",""CRC"":""30131B8D"",""EXTRACTED"":1790424005863,""SHAPE__Area"":10503512.16015625,""SHAPE__Length"":23753.95609611841}"
2026-09-26T14:45:41Z,2026-09-27T00:45:41+10:00,au.qld.energex,Energex,au.qld.energex|unplanned|INCD-983714-g,INCD-983714-g,unplanned,Awaiting,Emergency Repairs,22,true,DOONAN,"LIVISTONA DR, SOLITAIRE ST",2026-09-26T12:51:28Z,2026-09-26T15:30:00Z,153.0154091,-26.4252979,Noosa Shire,5740,https://services.arcgis.com/bfVzktoY0OhzQCDj/ArcGIS/rest/services/VwEnergexOutages/FeatureServer/0,Polygon,"{""type"":""Polygon"",""coordinates"":[[[153.012486967108,-26.4241030831315],[153.012948234968,-26.4234351335577],[153.017109069455,-26.423595862572],[153.017443815179,-26.4237291898279],[153.017719025136,-26.4239793288829],[153.017840562165,-26.4244340961275],[153.016581755905,-26.4279916004831],[153.015707974555,-26.4281315131494],[153.013120537511,-26.4251325365345],[153.013076764586,-26.4250724849294],[153.012486967108,-26.4241030831315]]]}","{""OBJECTID"":413298,""EVENT_ID"":""INCD-983714-g"",""TYPE"":""UNPLANNED"",""STATUS"":""Awaiting"",""CUSTOMERS_AFFECTED"":22,""SUBURBS"":""DOONAN"",""STREETS"":""LIVISTONA DR, SOLITAIRE ST"",""START"":1790427088707,""FINISH"":null,""EST_FIX_TIME"":1790436600000,""REASON"":""Emergency Repairs"",""CRC"":""FC36EB01"",""EXTRACTED"":1790427304908,""SHAPE__Area"":218500.171875,""SHAPE__Length"":1883.761099280878}"
2026-09-26T14:45:41Z,2026-09-27T00:45:41+10:00,au.qld.energex,Energex,au.qld.energex|unplanned|INCD-983715-g,INCD-983715-g,unplanned,In Progress,Under Investigation,2,true,EERWAH VALE,ANDERSON RD,2026-09-26T13:17:34Z,2026-09-26T16:00:00Z,152.8885146,-26.4922839,Sunshine Coast Regional,6720,https://services.arcgis.com/bfVzktoY0OhzQCDj/ArcGIS/rest/services/VwEnergexOutages/FeatureServer/0,Polygon,"{""type"":""Polygon"",""coordinates"":[[[152.890234974085,-26.4917115971857],[152.890773729434,-26.49212706783],[152.890312005962,-26.4926118555526],[152.886791542259,-26.4928557168423],[152.886252797897,-26.492440231245],[152.886714537655,-26.4919554566927],[152.890234974085,-26.4917115971857]]]}","{""OBJECTID"":413299,""EVENT_ID"":""INCD-983715-g"",""TYPE"":""UNPLANNED"",""STATUS"":""Awaiting"",""CUSTOMERS_AFFECTED"":2,""SUBURBS"":""EERWAH VALE"",""STREETS"":""ANDERSON RD"",""START"":1790428654766,""FINISH"":null,""EST_FIX_TIME"":1790438400000,""REASON"":""Under Investigation"",""CRC"":""AD02AE9E"",""EXTRACTED"":1790432404887,""SHAPE__Area"":50414.60546875,""SHAPE__Length"":1102.9300589083023}"
2026-09-26T14:45:41Z,2026-09-27T00:45:41+10:00,au.qld.energex,Energex,au.qld.energex|unplanned|INCD-983719-g,INCD-983719-g,unplanned,Awaiting,Under Investigation,9,true,BELLI PARK,PADDY MELON LANE,2026-09-26T14:00:42Z,2026-09-26T17:00:00Z,152.8421866,-26.4974613,Sunshine Coast Regional,6720,https://services.arcgis.com/bfVzktoY0OhzQCDj/ArcGIS/rest/services/VwEnergexOutages/FeatureServer/0,Polygon,"{""type"":""Polygon"",""coordinates"":[[[152.835886475171,-26.4930982358985],[152.836073524832,-26.4925936697126],[152.843564442586,-26.4877923435],[152.844353518848,-26.4881052695188],[152.847058127291,-26.5080105009655],[152.846251315716,-26.5084211867262],[152.842130339349,-26.5055273480542],[152.841986026191,-26.5053655284761],[152.836688625683,-26.4953536024289],[152.836663517899,-26.4952963980777],[152.835886475171,-26.4930982358985]]]}","{""OBJECTID"":413300,""EVENT_ID"":""INCD-983719-g"",""TYPE"":""UNPLANNED"",""STATUS"":""Awaiting"",""CUSTOMERS_AFFECTED"":9,""SUBURBS"":""BELLI PARK"",""STREETS"":""PADDY MELON LANE"",""START"":1790431242288,""FINISH"":null,""EST_FIX_TIME"":1790442000000,""REASON"":""Under Investigation"",""CRC"":""0D51EBF3"",""EXTRACTED"":1790433304644,""SHAPE__Area"":1703082.94921875,""SHAPE__Length"":6066.5926048523315}"
2026-09-26T14:45:41Z,2026-09-27T00:45:41+10:00,au.qld.ergon,Ergon Energy,au.qld.ergon|unplanned|910958,910958,unplanned,Crews working on-site,The loss of supply is due to damage requiring emergency repairs.,22,true,"ANAKIE, ANAKIE SIDING, THE GEMFIELDS","CAMERON ST, EVANS ST, HEGARTY ST, O'SULLIVAN ST",2026-09-26T12:15:49Z,2026-09-26T20:00:00Z,147.7473406,-23.5504121,Central Highlands Regional,2270,https://services.arcgis.com/33eHbTVqo7gtiCE8/arcgis/rest/services/VwErgonOutages/FeatureServer/0,Polygon,"{""type"":""Polygon"",""coordinates"":[[[147.74515008832,-23.5499831590569],[147.745629811646,-23.5494870456208],[147.748320531732,-23.549447767533],[147.748322474372,-23.5494477427105],[147.749365762859,-23.5494363160153],[147.749839901104,-23.5500203591369],[147.749681626367,-23.5504959311939],[147.749412907757,-23.5507758831873],[147.747622418332,-23.5515123486328],[147.747444295467,-23.5515511010249],[147.747065197483,-23.5515664347033],[147.747037956841,-23.5515668374022],[147.745924259987,-23.5515547412788],[147.745486335381,-23.5512945651082],[147.745274164475,-23.5508765469161],[147.745230383834,-23.550729708641],[147.74515008832,-23.5499831590569]]]}","{""OBJECTID"":910958,""EVENT_ID"":""26CA10778"",""TYPE"":""UNPLANNED"",""STATUS"":""Crews working on-site"",""CUSTOMERS_AFFECTED"":22,""SUBURBS"":""ANAKIE, ANAKIE SIDING, THE GEMFIELDS"",""STREETS"":""CAMERON ST, EVANS ST, HEGARTY ST, O'SULLIVAN ST"",""START"":1790424949000,""FINISH"":null,""EST_FIX_TIME"":1790452800000,""REASON"":""The loss of supply is due to damage requiring emergency repairs. "",""CRC"":""E852A740"",""EXTRACTED"":1790432705367,""SHAPE__Area"":109428.984375,""SHAPE__Length"":1322.2658538846672}"
2026-09-26T14:45:41Z,2026-09-27T00:45:41+10:00,au.qld.ergon,Ergon Energy,au.qld.ergon|unplanned|910957,910957,unplanned,Crews working on-site,The loss of supply is due to the operating of protective equipment.,5,true,"MOUNT GARNET, MOUNT SURPRISE","KELLYS CREEK, KENNEDY HWY, UNKNOWN ST",2026-09-26T08:17:29Z,,144.7509679,-18.3787612,Charters Towers Regional,2310,https://services.arcgis.com/33eHbTVqo7gtiCE8/arcgis/rest/services/VwErgonOutages/FeatureServer/0,Polygon,"{""type"":""Polygon"",""coordinates"":[[[144.738772509471,-18.4274198974111],[144.738206552418,-18.4275839107204],[144.737915154411,-18.4270926350192],[144.75432849197,-18.3299729050454],[144.754793609977,-18.329593208767],[144.755261606015,-18.3299696659988],[144.760778031119,-18.3611868836646],[144.760777980446,-18.3613374635875],[144.754390849436,-18.3973263133808],[144.754348677956,-18.3974506641807],[144.739089250805,-18.426970679067],[144.739055246425,-18.4270261216149],[144.738772509471,-18.4274198974111]]]}","{""OBJECTID"":910957,""EVENT_ID"":""26FN9488"",""TYPE"":""UNPLANNED"",""STATUS"":""Crews working on-site"",""CUSTOMERS_AFFECTED"":5,""SUBURBS"":""MOUNT GARNET, MOUNT SURPRISE"",""STREETS"":""KELLYS CREEK, KENNEDY HWY, UNKNOWN ST"",""START"":1790410649000,""FINISH"":null,""EST_FIX_TIME"":null,""REASON"":""The loss of supply is due to the operating of protective equipment. "",""CRC"":""30131B8D"",""EXTRACTED"":1790424005863,""SHAPE__Area"":10503512.16015625,""SHAPE__Length"":23753.95609611841}"
2026-09-26T15:01:01Z,2026-09-27T01:01:01+10:00,au.qld.energex,Energex,au.qld.energex|unplanned|INCD-983714-g,INCD-983714-g,unplanned,Awaiting,Emergency Repairs,22,true,DOONAN,"LIVISTONA DR, SOLITAIRE ST",2026-09-26T12:51:28Z,2026-09-26T17:30:00Z,153.0154091,-26.4252979,Noosa Shire,5740,https://services.arcgis.com/bfVzktoY0OhzQCDj/ArcGIS/rest/services/VwEnergexOutages/FeatureServer/0,Polygon,"{""type"":""Polygon"",""coordinates"":[[[153.012486967108,-26.4241030831315],[153.012948234968,-26.4234351335577],[153.017109069455,-26.423595862572],[153.017443815179,-26.4237291898279],[153.017719025136,-26.4239793288829],[153.017840562165,-26.4244340961275],[153.016581755905,-26.4279916004831],[153.015707974555,-26.4281315131494],[153.013120537511,-26.4251325365345],[153.013076764586,-26.4250724849294],[153.012486967108,-26.4241030831315]]]}","{""OBJECTID"":413298,""EVENT_ID"":""INCD-983714-g"",""TYPE"":""UNPLANNED"",""STATUS"":""Awaiting"",""CUSTOMERS_AFFECTED"":22,""SUBURBS"":""DOONAN"",""STREETS"":""LIVISTONA DR, SOLITAIRE ST"",""START"":1790427088707,""FINISH"":null,""EST_FIX_TIME"":1790443800000,""REASON"":""Emergency Repairs"",""CRC"":""84F8D06D"",""EXTRACTED"":1790434203706,""SHAPE__Area"":218500.171875,""SHAPE__Length"":1883.761099280878}"
2026-09-26T15:01:01Z,2026-09-27T01:01:01+10:00,au.qld.energex,Energex,au.qld.energex|unplanned|INCD-983715-g,INCD-983715-g,unplanned,In Progress,Under Investigation,2,true,EERWAH VALE,ANDERSON RD,2026-09-26T13:17:34Z,2026-09-26T16:00:00Z,152.8885146,-26.4922839,Sunshine Coast Regional,6720,https://services.arcgis.com/bfVzktoY0OhzQCDj/ArcGIS/rest/services/VwEnergexOutages/FeatureServer/0,Polygon,"{""type"":""Polygon"",""coordinates"":[[[152.890234974085,-26.4917115971857],[152.890773729434,-26.49212706783],[152.890312005962,-26.4926118555526],[152.886791542259,-26.4928557168423],[152.886252797897,-26.492440231245],[152.886714537655,-26.4919554566927],[152.890234974085,-26.4917115971857]]]}","{""OBJECTID"":413299,""EVENT_ID"":""INCD-983715-g"",""TYPE"":""UNPLANNED"",""STATUS"":""In Progress"",""CUSTOMERS_AFFECTED"":2,""SUBURBS"":""EERWAH VALE"",""STREETS"":""ANDERSON RD"",""START"":1790428654766,""FINISH"":null,""EST_FIX_TIME"":1790438400000,""REASON"":""Under Investigation"",""CRC"":""1143825A"",""EXTRACTED"":1790434203706,""SHAPE__Area"":50414.60546875,""SHAPE__Length"":1102.9300589083023}"
2026-09-26T15:01:01Z,2026-09-27T01:01:01+10:00,au.qld.energex,Energex,au.qld.energex|unplanned|INCD-983719-g,INCD-983719-g,unplanned,Awaiting,Under Investigation,9,true,BELLI PARK,PADDY MELON LANE,2026-09-26T14:00:42Z,2026-09-26T17:00:00Z,152.8421866,-26.4974613,Sunshine Coast Regional,6720,https://services.arcgis.com/bfVzktoY0OhzQCDj/ArcGIS/rest/services/VwEnergexOutages/FeatureServer/0,Polygon,"{""type"":""Polygon"",""coordinates"":[[[152.835886475171,-26.4930982358985],[152.836073524832,-26.4925936697126],[152.843564442586,-26.4877923435],[152.844353518848,-26.4881052695188],[152.847058127291,-26.5080105009655],[152.846251315716,-26.5084211867262],[152.842130339349,-26.5055273480542],[152.841986026191,-26.5053655284761],[152.836688625683,-26.4953536024289],[152.836663517899,-26.4952963980777],[152.835886475171,-26.4930982358985]]]}","{""OBJECTID"":413300,""EVENT_ID"":""INCD-983719-g"",""TYPE"":""UNPLANNED"",""STATUS"":""Awaiting"",""CUSTOMERS_AFFECTED"":9,""SUBURBS"":""BELLI PARK"",""STREETS"":""PADDY MELON LANE"",""START"":1790431242288,""FINISH"":null,""EST_FIX_TIME"":1790442000000,""REASON"":""Under Investigation"",""CRC"":""0D51EBF3"",""EXTRACTED"":1790433304644,""SHAPE__Area"":1703082.94921875,""SHAPE__Length"":6066.5926048523315}"
2026-09-26T15:01:01Z,2026-09-27T01:01:01+10:00,au.qld.ergon,Ergon Energy,au.qld.ergon|unplanned|910959,910959,unplanned,Crews on route,The loss of supply is due to damage requiring emergency repairs.,51,true,"BANANA, BILOELA, PROSPECT, THANGOOL","BATHS RD, CAMBOON RD, CROWSDALE CAMBOON RD, CROWSDALE RD, DRUMBURLE RD, FRAWLEYS RD, KENT RD, SHAWLANDS RD, ZIEBARTHS RD",2026-09-26T14:31:11Z,,150.4508545,-24.5963505,Banana Shire,370,https://services.arcgis.com/33eHbTVqo7gtiCE8/arcgis/rest/services/VwErgonOutages/FeatureServer/0,Polygon,"{""type"":""Polygon"",""coordinates"":[[[150.404646852883,-24.5049219169147],[150.404663088208,-24.5047401367537],[150.424859876476,-24.4416792204571],[150.425626165414,-24.4414439997809],[150.443999569605,-24.4539297611246],[150.444070530604,-24.4539885770375],[150.472783803625,-24.4829000693057],[150.472909363141,-24.4831572032445],[150.497285906648,-24.6991676347277],[150.497254014983,-24.6993796320712],[150.485577036911,-24.726382840973],[150.485332324088,-24.7266233119175],[150.437929610291,-24.7474894971127],[150.437225263396,-24.7471384148826],[150.404646852883,-24.5049219169147]]]}","{""OBJECTID"":910959,""EVENT_ID"":""26CA10780"",""TYPE"":""UNPLANNED"",""STATUS"":""Outage reported"",""CUSTOMERS_AFFECTED"":51,""SUBURBS"":""BANANA, BILOELA, PROSPECT, THANGOOL"",""STREETS"":""BATHS RD, CAMBOON RD, CROWSDALE CAMBOON RD, CROWSDALE RD, DRUMBURLE RD, FRAWLEYS RD, KENT RD, SHAWLANDS RD, ZIEBARTHS RD"",""START"":1790433071000,""FINISH"":null,""EST_FIX_TIME"":null,""REASON"":""The loss of supply is due to damage requiring emergency repairs. "",""CRC"":""97F399C1"",""EXTRACTED"":1790434504888,""SHAPE__Area"":249424175.234375,""SHAPE__Length"":81550.81838206077}"
2026-09-26T15:01:01Z,2026-09-27T01:01:01+10:00,au.qld.ergon,Ergon Energy,au.qld.ergon|unplanned|910958,910958,unplanned,Crews working on-site,The loss of supply is due to damage requiring emergency repairs.,22,true,"ANAKIE, ANAKIE SIDING, THE GEMFIELDS","CAMERON ST, EVANS ST, HEGARTY ST, O'SULLIVAN ST",2026-09-26T12:15:49Z,2026-09-26T20:00:00Z,147.7473406,-23.5504121,Central Highlands Regional,2270,https://services.arcgis.com/33eHbTVqo7gtiCE8/arcgis/rest/services/VwErgonOutages/FeatureServer/0,Polygon,"{""type"":""Polygon"",""coordinates"":[[[147.74515008832,-23.5499831590569],[147.745629811646,-23.5494870456208],[147.748320531732,-23.549447767533],[147.748322474372,-23.5494477427105],[147.749365762859,-23.5494363160153],[147.749839901104,-23.5500203591369],[147.749681626367,-23.5504959311939],[147.749412907757,-23.5507758831873],[147.747622418332,-23.5515123486328],[147.747444295467,-23.5515511010249],[147.747065197483,-23.5515664347033],[147.747037956841,-23.5515668374022],[147.745924259987,-23.5515547412788],[147.745486335381,-23.5512945651082],[147.745274164475,-23.5508765469161],[147.745230383834,-23.550729708641],[147.74515008832,-23.5499831590569]]]}","{""OBJECTID"":910958,""EVENT_ID"":""26CA10778"",""TYPE"":""UNPLANNED"",""STATUS"":""Crews working on-site"",""CUSTOMERS_AFFECTED"":22,""SUBURBS"":""ANAKIE, ANAKIE SIDING, THE GEMFIELDS"",""STREETS"":""CAMERON ST, EVANS ST, HEGARTY ST, O'SULLIVAN ST"",""START"":1790424949000,""FINISH"":null,""EST_FIX_TIME"":1790452800000,""REASON"":""The loss of supply is due to damage requiring emergency repairs. "",""CRC"":""E852A740"",""EXTRACTED"":1790432705367,""SHAPE__Area"":109428.984375,""SHAPE__Length"":1322.2658538846672}"
2026-09-26T15:01:01Z,2026-09-27T01:01:01+10:00,au.qld.ergon,Ergon Energy,au.qld.ergon|unplanned|910957,910957,unplanned,Crews working on-site,The loss of supply is due to the operating of protective equipment.,5,true,"MOUNT GARNET, MOUNT SURPRISE","KELLYS CREEK, KENNEDY HWY, UNKNOWN ST",2026-09-26T08:17:29Z,,144.7509679,-18.3787612,Charters Towers Regional,2310,https://services.arcgis.com/33eHbTVqo7gtiCE8/arcgis/rest/services/VwErgonOutages/FeatureServer/0,Polygon,"{""type"":""Polygon"",""coordinates"":[[[144.738772509471,-18.4274198974111],[144.738206552418,-18.4275839107204],[144.737915154411,-18.4270926350192],[144.75432849197,-18.3299729050454],[144.754793609977,-18.329593208767],[144.755261606015,-18.3299696659988],[144.760778031119,-18.3611868836646],[144.760777980446,-18.3613374635875],[144.754390849436,-18.3973263133808],[144.754348677956,-18.3974506641807],[144.739089250805,-18.426970679067],[144.739055246425,-18.4270261216149],[144.738772509471,-18.4274198974111]]]}","{""OBJECTID"":910957,""EVENT_ID"":""26FN9488"",""TYPE"":""UNPLANNED"",""STATUS"":""Crews working on-site"",""CUSTOMERS_AFFECTED"":5,""SUBURBS"":""MOUNT GARNET, MOUNT SURPRISE"",""STREETS"":""KELLYS CREEK, KENNEDY HWY, UNKNOWN ST"",""START"":1790410649000,""FINISH"":null,""EST_FIX_TIME"":null,""REASON"":""The loss of supply is due to the operating of protective equipment. "",""CRC"":""30131B8D"",""EXTRACTED"":1790424005863,""SHAPE__Area"":10503512.16015625,""SHAPE__Length"":23753.95609611841}"
2026-09-26T15:15:41Z,2026-09-27T01:15:41+10:00,au.qld.energex,Energex,au.qld.energex|unplanned|INCD-983715-g,INCD-983715-g,unplanned,In Progress,Under Investigation,2,true,EERWAH VALE,ANDERSON RD,2026-09-26T13:17:34Z,2026-09-26T16:00:00Z,152.8885146,-26.4922839,Sunshine Coast Regional,6720,https://services.arcgis.com/bfVzktoY0OhzQCDj/ArcGIS/rest/services/VwEnergexOutages/FeatureServer/0,Polygon,"{""type"":""Polygon"",""coordinates"":[[[152.890234974085,-26.4917115971857],[152.890773729434,-26.49212706783],[152.890312005962,-26.4926118555526],[152.886791542259,-26.4928557168423],[152.886252797897,-26.492440231245],[152.886714537655,-26.4919554566927],[152.890234974085,-26.4917115971857]]]}","{""OBJECTID"":413299,""EVENT_ID"":""INCD-983715-g"",""TYPE"":""UNPLANNED"",""STATUS"":""In Progress"",""CUSTOMERS_AFFECTED"":2,""SUBURBS"":""EERWAH VALE"",""STREETS"":""ANDERSON RD"",""START"":1790428654766,""FINISH"":null,""EST_FIX_TIME"":1790438400000,""REASON"":""Under Investigation"",""CRC"":""1143825A"",""EXTRACTED"":1790434203706,""SHAPE__Area"":50414.60546875,""SHAPE__Length"":1102.9300589083023}"
2026-09-26T15:15:41Z,2026-09-27T01:15:41+10:00,au.qld.energex,Energex,au.qld.energex|unplanned|INCD-983719-g,INCD-983719-g,unplanned,Awaiting,Under Investigation,9,true,BELLI PARK,PADDY MELON LANE,2026-09-26T14:00:42Z,2026-09-26T17:00:00Z,152.8421866,-26.4974613,Sunshine Coast Regional,6720,https://services.arcgis.com/bfVzktoY0OhzQCDj/ArcGIS/rest/services/VwEnergexOutages/FeatureServer/0,Polygon,"{""type"":""Polygon"",""coordinates"":[[[152.835886475171,-26.4930982358985],[152.836073524832,-26.4925936697126],[152.843564442586,-26.4877923435],[152.844353518848,-26.4881052695188],[152.847058127291,-26.5080105009655],[152.846251315716,-26.5084211867262],[152.842130339349,-26.5055273480542],[152.841986026191,-26.5053655284761],[152.836688625683,-26.4953536024289],[152.836663517899,-26.4952963980777],[152.835886475171,-26.4930982358985]]]}","{""OBJECTID"":413300,""EVENT_ID"":""INCD-983719-g"",""TYPE"":""UNPLANNED"",""STATUS"":""Awaiting"",""CUSTOMERS_AFFECTED"":9,""SUBURBS"":""BELLI PARK"",""STREETS"":""PADDY MELON LANE"",""START"":1790431242288,""FINISH"":null,""EST_FIX_TIME"":1790442000000,""REASON"":""Under Investigation"",""CRC"":""0D51EBF3"",""EXTRACTED"":1790433304644,""SHAPE__Area"":1703082.94921875,""SHAPE__Length"":6066.5926048523315}"
2026-09-26T15:15:41Z,2026-09-27T01:15:41+10:00,au.qld.ergon,Ergon Energy,au.qld.ergon|unplanned|910959,910959,unplanned,Crews on route,The loss of supply is due to damage requiring emergency repairs.,51,true,"BANANA, BILOELA, PROSPECT, THANGOOL","BATHS RD, CAMBOON RD, CROWSDALE CAMBOON RD, CROWSDALE RD, DRUMBURLE RD, FRAWLEYS RD, KENT RD, SHAWLANDS RD, ZIEBARTHS RD",2026-09-26T14:31:11Z,,150.4508545,-24.5963505,Banana Shire,370,https://services.arcgis.com/33eHbTVqo7gtiCE8/arcgis/rest/services/VwErgonOutages/FeatureServer/0,Polygon,"{""type"":""Polygon"",""coordinates"":[[[150.404646852883,-24.5049219169147],[150.404663088208,-24.5047401367537],[150.424859876476,-24.4416792204571],[150.425626165414,-24.4414439997809],[150.443999569605,-24.4539297611246],[150.444070530604,-24.4539885770375],[150.472783803625,-24.4829000693057],[150.472909363141,-24.4831572032445],[150.497285906648,-24.6991676347277],[150.497254014983,-24.6993796320712],[150.485577036911,-24.726382840973],[150.485332324088,-24.7266233119175],[150.437929610291,-24.7474894971127],[150.437225263396,-24.7471384148826],[150.404646852883,-24.5049219169147]]]}","{""OBJECTID"":910959,""EVENT_ID"":""26CA10780"",""TYPE"":""UNPLANNED"",""STATUS"":""Outage reported"",""CUSTOMERS_AFFECTED"":51,""SUBURBS"":""BANANA, BILOELA, PROSPECT, THANGOOL"",""STREETS"":""BATHS RD, CAMBOON RD, CROWSDALE CAMBOON RD, CROWSDALE RD, DRUMBURLE RD, FRAWLEYS RD, KENT RD, SHAWLANDS RD, ZIEBARTHS RD"",""START"":1790433071000,""FINISH"":null,""EST_FIX_TIME"":null,""REASON"":""The loss of supply is due to damage requiring emergency repairs. "",""CRC"":""97F399C1"",""EXTRACTED"":1790434504888,""SHAPE__Area"":249424175.234375,""SHAPE__Length"":81550.81838206077}"
2026-09-26T15:15:41Z,2026-09-27T01:15:41+10:00,au.qld.ergon,Ergon Energy,au.qld.ergon|unplanned|910958,910958,unplanned,Crews working on-site,The loss of supply is due to damage requiring emergency repairs.,22,true,"ANAKIE, ANAKIE SIDING, THE GEMFIELDS","CAMERON ST, EVANS ST, HEGARTY ST, O'SULLIVAN ST",2026-09-26T12:15:49Z,2026-09-26T20:00:00Z,147.7473406,-23.5504121,Central Highlands Regional,2270,https://services.arcgis.com/33eHbTVqo7gtiCE8/arcgis/rest/services/VwErgonOutages/FeatureServer/0,Polygon,"{""type"":""Polygon"",""coordinates"":[[[147.74515008832,-23.5499831590569],[147.745629811646,-23.5494870456208],[147.748320531732,-23.549447767533],[147.748322474372,-23.5494477427105],[147.749365762859,-23.5494363160153],[147.749839901104,-23.5500203591369],[147.749681626367,-23.5504959311939],[147.749412907757,-23.5507758831873],[147.747622418332,-23.5515123486328],[147.747444295467,-23.5515511010249],[147.747065197483,-23.5515664347033],[147.747037956841,-23.5515668374022],[147.745924259987,-23.5515547412788],[147.745486335381,-23.5512945651082],[147.745274164475,-23.5508765469161],[147.745230383834,-23.550729708641],[147.74515008832,-23.5499831590569]]]}","{""OBJECTID"":910958,""EVENT_ID"":""26CA10778"",""TYPE"":""UNPLANNED"",""STATUS"":""Crews working on-site"",""CUSTOMERS_AFFECTED"":22,""SUBURBS"":""ANAKIE, ANAKIE SIDING, THE GEMFIELDS"",""STREETS"":""CAMERON ST, EVANS ST, HEGARTY ST, O'SULLIVAN ST"",""START"":1790424949000,""FINISH"":null,""EST_FIX_TIME"":1790452800000,""REASON"":""The loss of supply is due to damage requiring emergency repairs. "",""CRC"":""E852A740"",""EXTRACTED"":1790432705367,""SHAPE__Area"":109428.984375,""SHAPE__Length"":1322.2658538846672}"
2026-09-26T15:15:41Z,2026-09-27T01:15:41+10:00,au.qld.ergon,Ergon Energy,au.qld.ergon|unplanned|910957,910957,unplanned,Crews working on-site,The loss of supply is due to the operating of protective equipment.,5,true,"MOUNT GARNET, MOUNT SURPRISE","KELLYS CREEK, KENNEDY HWY, UNKNOWN ST",2026-09-26T08:17:29Z,,144.7509679,-18.3787612,Charters Towers Regional,2310,https://services.arcgis.com/33eHbTVqo7gtiCE8/arcgis/rest/services/VwErgonOutages/FeatureServer/0,Polygon,"{""type"":""Polygon"",""coordinates"":[[[144.738772509471,-18.4274198974111],[144.738206552418,-18.4275839107204],[144.737915154411,-18.4270926350192],[144.75432849197,-18.3299729050454],[144.754793609977,-18.329593208767],[144.755261606015,-18.3299696659988],[144.760778031119,-18.3611868836646],[144.760777980446,-18.3613374635875],[144.754390849436,-18.3973263133808],[144.754348677956,-18.3974506641807],[144.739089250805,-18.426970679067],[144.739055246425,-18.4270261216149],[144.738772509471,-18.4274198974111]]]}","{""OBJECTID"":910957,""EVENT_ID"":""26FN9488"",""TYPE"":""UNPLANNED"",""STATUS"":""Crews working on-site"",""CUSTOMERS_AFFECTED"":5,""SUBURBS"":""MOUNT GARNET, MOUNT SURPRISE"",""STREETS"":""KELLYS CREEK, KENNEDY HWY, UNKNOWN ST"",""START"":1790410649000,""FINISH"":null,""EST_FIX_TIME"":null,""REASON"":""The loss of supply is due to the operating of protective equipment. "",""CRC"":""30131B8D"",""EXTRACTED"":1790424005863,""SHAPE__Area"":10503512.16015625,""SHAPE__Length"":23753.95609611841}"
2026-09-26T15:30:51Z,2026-09-27T01:30:51+10:00,au.qld.energex,Energex,au.qld.energex|unplanned|INCD-983715-g,INCD-983715-g,unplanned,In Progress,Under Investigation,2,true,EERWAH VALE,ANDERSON RD,2026-09-26T13:17:34Z,2026-09-26T16:00:00Z,152.8885146,-26.4922839,Sunshine Coast Regional,6720,https://services.arcgis.com/bfVzktoY0OhzQCDj/ArcGIS/rest/services/VwEnergexOutages/FeatureServer/0,Polygon,"{""type"":""Polygon"",""coordinates"":[[[152.890234974085,-26.4917115971857],[152.890773729434,-26.49212706783],[152.890312005962,-26.4926118555526],[152.886791542259,-26.4928557168423],[152.886252797897,-26.492440231245],[152.886714537655,-26.4919554566927],[152.890234974085,-26.4917115971857]]]}","{""OBJECTID"":413299,""EVENT_ID"":""INCD-983715-g"",""TYPE"":""UNPLANNED"",""STATUS"":""In Progress"",""CUSTOMERS_AFFECTED"":2,""SUBURBS"":""EERWAH VALE"",""STREETS"":""ANDERSON RD"",""START"":1790428654766,""FINISH"":null,""EST_FIX_TIME"":1790438400000,""REASON"":""Under Investigation"",""CRC"":""1143825A"",""EXTRACTED"":1790434203706,""SHAPE__Area"":50414.60546875,""SHAPE__Length"":1102.9300589083023}"
2026-09-26T15:30:51Z,2026-09-27T01:30:51+10:00,au.qld.energex,Energex,au.qld.energex|unplanned|INCD-983719-g,INCD-983719-g,unplanned,Awaiting,Under Investigation,9,true,BELLI PARK,PADDY MELON LANE,2026-09-26T14:00:42Z,2026-09-26T17:00:00Z,152.8421866,-26.4974613,Sunshine Coast Regional,6720,https://services.arcgis.com/bfVzktoY0OhzQCDj/ArcGIS/rest/services/VwEnergexOutages/FeatureServer/0,Polygon,"{""type"":""Polygon"",""coordinates"":[[[152.835886475171,-26.4930982358985],[152.836073524832,-26.4925936697126],[152.843564442586,-26.4877923435],[152.844353518848,-26.4881052695188],[152.847058127291,-26.5080105009655],[152.846251315716,-26.5084211867262],[152.842130339349,-26.5055273480542],[152.841986026191,-26.5053655284761],[152.836688625683,-26.4953536024289],[152.836663517899,-26.4952963980777],[152.835886475171,-26.4930982358985]]]}","{""OBJECTID"":413300,""EVENT_ID"":""INCD-983719-g"",""TYPE"":""UNPLANNED"",""STATUS"":""Awaiting"",""CUSTOMERS_AFFECTED"":9,""SUBURBS"":""BELLI PARK"",""STREETS"":""PADDY MELON LANE"",""START"":1790431242288,""FINISH"":null,""EST_FIX_TIME"":1790442000000,""REASON"":""Under Investigation"",""CRC"":""0D51EBF3"",""EXTRACTED"":1790433304644,""SHAPE__Area"":1703082.94921875,""SHAPE__Length"":6066.5926048523315}"
2026-09-26T15:30:51Z,2026-09-27T01:30:51+10:00,au.qld.ergon,Ergon Energy,au.qld.ergon|unplanned|910959,910959,unplanned,Crews on route,The loss of supply is due to damage requiring emergency repairs.,51,true,"BANANA, BILOELA, PROSPECT, THANGOOL","BATHS RD, CAMBOON RD, CROWSDALE CAMBOON RD, CROWSDALE RD, DRUMBURLE RD, FRAWLEYS RD, KENT RD, SHAWLANDS RD, ZIEBARTHS RD",2026-09-26T14:31:11Z,,150.4508545,-24.5963505,Banana Shire,370,https://services.arcgis.com/33eHbTVqo7gtiCE8/arcgis/rest/services/VwErgonOutages/FeatureServer/0,Polygon,"{""type"":""Polygon"",""coordinates"":[[[150.404646852883,-24.5049219169147],[150.404663088208,-24.5047401367537],[150.424859876476,-24.4416792204571],[150.425626165414,-24.4414439997809],[150.443999569605,-24.4539297611246],[150.444070530604,-24.4539885770375],[150.472783803625,-24.4829000693057],[150.472909363141,-24.4831572032445],[150.497285906648,-24.6991676347277],[150.497254014983,-24.6993796320712],[150.485577036911,-24.726382840973],[150.485332324088,-24.7266233119175],[150.437929610291,-24.7474894971127],[150.437225263396,-24.7471384148826],[150.404646852883,-24.5049219169147]]]}","{""OBJECTID"":910959,""EVENT_ID"":""26CA10780"",""TYPE"":""UNPLANNED"",""STATUS"":""Outage reported"",""CUSTOMERS_AFFECTED"":51,""SUBURBS"":""BANANA, BILOELA, PROSPECT, THANGOOL"",""STREETS"":""BATHS RD, CAMBOON RD, CROWSDALE CAMBOON RD, CROWSDALE RD, DRUMBURLE RD, FRAWLEYS RD, KENT RD, SHAWLANDS RD, ZIEBARTHS RD"",""START"":1790433071000,""FINISH"":null,""EST_FIX_TIME"":null,""REASON"":""The loss of supply is due to damage requiring emergency repairs. "",""CRC"":""97F399C1"",""EXTRACTED"":1790434504888,""SHAPE__Area"":249424175.234375,""SHAPE__Length"":81550.81838206077}"
2026-09-26T15:30:51Z,2026-09-27T01:30:51+10:00,au.qld.ergon,Ergon Energy,au.qld.ergon|unplanned|910957,910957,unplanned,Crews working on-site,The loss of supply is due to the operating of protective equipment.,5,true,"MOUNT GARNET, MOUNT SURPRISE","KELLYS CREEK, KENNEDY HWY, UNKNOWN ST",2026-09-26T08:17:29Z,,144.7509679,-18.3787612,Charters Towers Regional,2310,https://services.arcgis.com/33eHbTVqo7gtiCE8/arcgis/rest/services/VwErgonOutages/FeatureServer/0,Polygon,"{""type"":""Polygon"",""coordinates"":[[[144.738772509471,-18.4274198974111],[144.738206552418,-18.4275839107204],[144.737915154411,-18.4270926350192],[144.75432849197,-18.3299729050454],[144.754793609977,-18.329593208767],[144.755261606015,-18.3299696659988],[144.760778031119,-18.3611868836646],[144.760777980446,-18.3613374635875],[144.754390849436,-18.3973263133808],[144.754348677956,-18.3974506641807],[144.739089250805,-18.426970679067],[144.739055246425,-18.4270261216149],[144.738772509471,-18.4274198974111]]]}","{""OBJECTID"":910957,""EVENT_ID"":""26FN9488"",""TYPE"":""UNPLANNED"",""STATUS"":""Crews working on-site"",""CUSTOMERS_AFFECTED"":5,""SUBURBS"":""MOUNT GARNET, MOUNT SURPRISE"",""STREETS"":""KELLYS CREEK, KENNEDY HWY, UNKNOWN ST"",""START"":1790410649000,""FINISH"":null,""EST_FIX_TIME"":null,""REASON"":""The loss of supply is due to the operating of protective equipment. "",""CRC"":""30131B8D"",""EXTRACTED"":1790424005863,""SHAPE__Area"":10503512.16015625,""SHAPE__Length"":23753.95609611841}"
2026-09-26T15:45:40Z,2026-09-27T01:45:40+10:00,au.qld.energex,Energex,au.qld.energex|unplanned|INCD-983715-g,INCD-983715-g,unplanned,In Progress,Under Investigation,2,true,EERWAH VALE,ANDERSON RD,2026-09-26T13:17:34Z,2026-09-26T16:00:00Z,152.8885146,-26.4922839,Sunshine Coast Regional,6720,https://services.arcgis.com/bfVzktoY0OhzQCDj/ArcGIS/rest/services/VwEnergexOutages/FeatureServer/0,Polygon,"{""type"":""Polygon"",""coordinates"":[[[152.890234974085,-26.4917115971857],[152.890773729434,-26.49212706783],[152.890312005962,-26.4926118555526],[152.886791542259,-26.4928557168423],[152.886252797897,-26.492440231245],[152.886714537655,-26.4919554566927],[152.890234974085,-26.4917115971857]]]}","{""OBJECTID"":413299,""EVENT_ID"":""INCD-983715-g"",""TYPE"":""UNPLANNED"",""STATUS"":""In Progress"",""CUSTOMERS_AFFECTED"":2,""SUBURBS"":""EERWAH VALE"",""STREETS"":""ANDERSON RD"",""START"":1790428654766,""FINISH"":null,""EST_FIX_TIME"":1790438400000,""REASON"":""Under Investigation"",""CRC"":""1143825A"",""EXTRACTED"":1790434203706,""SHAPE__Area"":50414.60546875,""SHAPE__Length"":1102.9300589083023}"
2026-09-26T15:45:40Z,2026-09-27T01:45:40+10:00,au.qld.energex,Energex,au.qld.energex|unplanned|INCD-983719-g,INCD-983719-g,unplanned,Awaiting,Under Investigation,9,true,BELLI PARK,PADDY MELON LANE,2026-09-26T14:00:42Z,2026-09-26T17:00:00Z,152.8421866,-26.4974613,Sunshine Coast Regional,6720,https://services.arcgis.com/bfVzktoY0OhzQCDj/ArcGIS/rest/services/VwEnergexOutages/FeatureServer/0,Polygon,"{""type"":""Polygon"",""coordinates"":[[[152.835886475171,-26.4930982358985],[152.836073524832,-26.4925936697126],[152.843564442586,-26.4877923435],[152.844353518848,-26.4881052695188],[152.847058127291,-26.5080105009655],[152.846251315716,-26.5084211867262],[152.842130339349,-26.5055273480542],[152.841986026191,-26.5053655284761],[152.836688625683,-26.4953536024289],[152.836663517899,-26.4952963980777],[152.835886475171,-26.4930982358985]]]}","{""OBJECTID"":413300,""EVENT_ID"":""INCD-983719-g"",""TYPE"":""UNPLANNED"",""STATUS"":""Awaiting"",""CUSTOMERS_AFFECTED"":9,""SUBURBS"":""BELLI PARK"",""STREETS"":""PADDY MELON LANE"",""START"":1790431242288,""FINISH"":null,""EST_FIX_TIME"":1790442000000,""REASON"":""Under Investigation"",""CRC"":""0D51EBF3"",""EXTRACTED"":1790433304644,""SHAPE__Area"":1703082.94921875,""SHAPE__Length"":6066.5926048523315}"
2026-09-26T15:45:40Z,2026-09-27T01:45:40+10:00,au.qld.ergon,Ergon Energy,au.qld.ergon|unplanned|910959,910959,unplanned,Crews on route,The loss of supply is due to damage requiring emergency repairs.,51,true,"BANANA, BILOELA, PROSPECT, THANGOOL","BATHS RD, CAMBOON RD, CROWSDALE CAMBOON RD, CROWSDALE RD, DRUMBURLE RD, FRAWLEYS RD, KENT RD, SHAWLANDS RD, ZIEBARTHS RD",2026-09-26T14:31:11Z,,150.4508545,-24.5963505,Banana Shire,370,https://services.arcgis.com/33eHbTVqo7gtiCE8/arcgis/rest/services/VwErgonOutages/FeatureServer/0,Polygon,"{""type"":""Polygon"",""coordinates"":[[[150.404646852883,-24.5049219169147],[150.404663088208,-24.5047401367537],[150.424859876476,-24.4416792204571],[150.425626165414,-24.4414439997809],[150.443999569605,-24.4539297611246],[150.444070530604,-24.4539885770375],[150.472783803625,-24.4829000693057],[150.472909363141,-24.4831572032445],[150.497285906648,-24.6991676347277],[150.497254014983,-24.6993796320712],[150.485577036911,-24.726382840973],[150.485332324088,-24.7266233119175],[150.437929610291,-24.7474894971127],[150.437225263396,-24.7471384148826],[150.404646852883,-24.5049219169147]]]}","{""OBJECTID"":910959,""EVENT_ID"":""26CA10780"",""TYPE"":""UNPLANNED"",""STATUS"":""Outage reported"",""CUSTOMERS_AFFECTED"":51,""SUBURBS"":""BANANA, BILOELA, PROSPECT, THANGOOL"",""STREETS"":""BATHS RD, CAMBOON RD, CROWSDALE CAMBOON RD, CROWSDALE RD, DRUMBURLE RD, FRAWLEYS RD, KENT RD, SHAWLANDS RD, ZIEBARTHS RD"",""START"":1790433071000,""FINISH"":null,""EST_FIX_TIME"":null,""REASON"":""The loss of supply is due to damage requiring emergency repairs. "",""CRC"":""97F399C1"",""EXTRACTED"":1790434504888,""SHAPE__Area"":249424175.234375,""SHAPE__Length"":81550.81838206077}"
2026-09-26T15:45:40Z,2026-09-27T01:45:40+10:00,au.qld.ergon,Ergon Energy,au.qld.ergon|unplanned|910957,910957,unplanned,Crews working on-site,The loss of supply is due to the operating of protective equipment.,5,true,"MOUNT GARNET, MOUNT SURPRISE","KELLYS CREEK, KENNEDY HWY, UNKNOWN ST",2026-09-26T08:17:29Z,,144.7509679,-18.3787612,Charters Towers Regional,2310,https://services.arcgis.com/33eHbTVqo7gtiCE8/arcgis/rest/services/VwErgonOutages/FeatureServer/0,Polygon,"{""type"":""Polygon"",""coordinates"":[[[144.738772509471,-18.4274198974111],[144.738206552418,-18.4275839107204],[144.737915154411,-18.4270926350192],[144.75432849197,-18.3299729050454],[144.754793609977,-18.329593208767],[144.755261606015,-18.3299696659988],[144.760778031119,-18.3611868836646],[144.760777980446,-18.3613374635875],[144.754390849436,-18.3973263133808],[144.754348677956,-18.3974506641807],[144.739089250805,-18.426970679067],[144.739055246425,-18.4270261216149],[144.738772509471,-18.4274198974111]]]}","{""OBJECTID"":910957,""EVENT_ID"":""26FN9488"",""TYPE"":""UNPLANNED"",""STATUS"":""Crews working on-site"",""CUSTOMERS_AFFECTED"":5,""SUBURBS"":""MOUNT GARNET, MOUNT SURPRISE"",""STREETS"":""KELLYS CREEK, KENNEDY HWY, UNKNOWN ST"",""START"":1790410649000,""FINISH"":null,""EST_FIX_TIME"":null,""REASON"":""The loss of supply is due to the operating of protective equipment. "",""CRC"":""30131B8D"",""EXTRACTED"":1790424005863,""SHAPE__Area"":10503512.16015625,""SHAPE__Length"":23753.95609611841}"
2026-09-26T16:00:58Z,2026-09-27T02:00:58+10:00,au.qld.energex,Energex,au.qld.energex|unplanned|INCD-983715-g,INCD-983715-g,unplanned,In Progress,Under Investigation,2,true,EERWAH VALE,ANDERSON RD,2026-09-26T13:17:34Z,2026-09-26T16:30:00Z,152.8885146,-26.4922839,Sunshine Coast Regional,6720,https://services.arcgis.com/bfVzktoY0OhzQCDj/ArcGIS/rest/services/VwEnergexOutages/FeatureServer/0,Polygon,"{""type"":""Polygon"",""coordinates"":[[[152.890234974085,-26.4917115971857],[152.890773729434,-26.49212706783],[152.890312005962,-26.4926118555526],[152.886791542259,-26.4928557168423],[152.886252797897,-26.492440231245],[152.886714537655,-26.4919554566927],[152.890234974085,-26.4917115971857]]]}","{""OBJECTID"":413299,""EVENT_ID"":""INCD-983715-g"",""TYPE"":""UNPLANNED"",""STATUS"":""In Progress"",""CUSTOMERS_AFFECTED"":2,""SUBURBS"":""EERWAH VALE"",""STREETS"":""ANDERSON RD"",""START"":1790428654766,""FINISH"":null,""EST_FIX_TIME"":1790440200000,""REASON"":""Under Investigation"",""CRC"":""7ABF5F67"",""EXTRACTED"":1790438404236,""SHAPE__Area"":50414.60546875,""SHAPE__Length"":1102.9300589083023}"
2026-09-26T16:00:58Z,2026-09-27T02:00:58+10:00,au.qld.energex,Energex,au.qld.energex|unplanned|INCD-983719-g,INCD-983719-g,unplanned,Awaiting,Under Investigation,9,true,BELLI PARK,PADDY MELON LANE,2026-09-26T14:00:42Z,2026-09-26T17:00:00Z,152.8421866,-26.4974613,Sunshine Coast Regional,6720,https://services.arcgis.com/bfVzktoY0OhzQCDj/ArcGIS/rest/services/VwEnergexOutages/FeatureServer/0,Polygon,"{""type"":""Polygon"",""coordinates"":[[[152.835886475171,-26.4930982358985],[152.836073524832,-26.4925936697126],[152.843564442586,-26.4877923435],[152.844353518848,-26.4881052695188],[152.847058127291,-26.5080105009655],[152.846251315716,-26.5084211867262],[152.842130339349,-26.5055273480542],[152.841986026191,-26.5053655284761],[152.836688625683,-26.4953536024289],[152.836663517899,-26.4952963980777],[152.835886475171,-26.4930982358985]]]}","{""OBJECTID"":413300,""EVENT_ID"":""INCD-983719-g"",""TYPE"":""UNPLANNED"",""STATUS"":""Awaiting"",""CUSTOMERS_AFFECTED"":9,""SUBURBS"":""BELLI PARK"",""STREETS"":""PADDY MELON LANE"",""START"":1790431242288,""FINISH"":null,""EST_FIX_TIME"":1790442000000,""REASON"":""Under Investigation"",""CRC"":""0D51EBF3"",""EXTRACTED"":1790433304644,""SHAPE__Area"":1703082.94921875,""SHAPE__Length"":6066.5926048523315}"
2026-09-26T16:00:58Z,2026-09-27T02:00:58+10:00,au.qld.ergon,Ergon Energy,au.qld.ergon|unplanned|910959,910959,unplanned,Crews on route,The loss of supply is due to damage requiring emergency repairs.,51,true,"BANANA, BILOELA, PROSPECT, THANGOOL","BATHS RD, CAMBOON RD, CROWSDALE CAMBOON RD, CROWSDALE RD, DRUMBURLE RD, FRAWLEYS RD, KENT RD, SHAWLANDS RD, ZIEBARTHS RD",2026-09-26T14:31:11Z,,150.4508545,-24.5963505,Banana Shire,370,https://services.arcgis.com/33eHbTVqo7gtiCE8/arcgis/rest/services/VwErgonOutages/FeatureServer/0,Polygon,"{""type"":""Polygon"",""coordinates"":[[[150.404646852883,-24.5049219169147],[150.404663088208,-24.5047401367537],[150.424859876476,-24.4416792204571],[150.425626165414,-24.4414439997809],[150.443999569605,-24.4539297611246],[150.444070530604,-24.4539885770375],[150.472783803625,-24.4829000693057],[150.472909363141,-24.4831572032445],[150.497285906648,-24.6991676347277],[150.497254014983,-24.6993796320712],[150.485577036911,-24.726382840973],[150.485332324088,-24.7266233119175],[150.437929610291,-24.7474894971127],[150.437225263396,-24.7471384148826],[150.404646852883,-24.5049219169147]]]}","{""OBJECTID"":910959,""EVENT_ID"":""26CA10780"",""TYPE"":""UNPLANNED"",""STATUS"":""Outage reported"",""CUSTOMERS_AFFECTED"":51,""SUBURBS"":""BANANA, BILOELA, PROSPECT, THANGOOL"",""STREETS"":""BATHS RD, CAMBOON RD, CROWSDALE CAMBOON RD, CROWSDALE RD, DRUMBURLE RD, FRAWLEYS RD, KENT RD, SHAWLANDS RD, ZIEBARTHS RD"",""START"":1790433071000,""FINISH"":null,""EST_FIX_TIME"":null,""REASON"":""The loss of supply is due to damage requiring emergency repairs. "",""CRC"":""97F399C1"",""EXTRACTED"":1790434504888,""SHAPE__Area"":249424175.234375,""SHAPE__Length"":81550.81838206077}"
2026-09-26T16:00:58Z,2026-09-27T02:00:58+10:00,au.qld.ergon,Ergon Energy,au.qld.ergon|unplanned|910957,910957,unplanned,Crews working on-site,The loss of supply is due to the operating of protective equipment.,5,true,"MOUNT GARNET, MOUNT SURPRISE","KELLYS CREEK, KENNEDY HWY, UNKNOWN ST",2026-09-26T08:17:29Z,,144.7509679,-18.3787612,Charters Towers Regional,2310,https://services.arcgis.com/33eHbTVqo7gtiCE8/arcgis/rest/services/VwErgonOutages/FeatureServer/0,Polygon,"{""type"":""Polygon"",""coordinates"":[[[144.738772509471,-18.4274198974111],[144.738206552418,-18.4275839107204],[144.737915154411,-18.4270926350192],[144.75432849197,-18.3299729050454],[144.754793609977,-18.329593208767],[144.755261606015,-18.3299696659988],[144.760778031119,-18.3611868836646],[144.760777980446,-18.3613374635875],[144.754390849436,-18.3973263133808],[144.754348677956,-18.3974506641807],[144.739089250805,-18.426970679067],[144.739055246425,-18.4270261216149],[144.738772509471,-18.4274198974111]]]}","{""OBJECTID"":910957,""EVENT_ID"":""26FN9488"",""TYPE"":""UNPLANNED"",""STATUS"":""Crews working on-site"",""CUSTOMERS_AFFECTED"":5,""SUBURBS"":""MOUNT GARNET, MOUNT SURPRISE"",""STREETS"":""KELLYS CREEK, KENNEDY HWY, UNKNOWN ST"",""START"":1790410649000,""FINISH"":null,""EST_FIX_TIME"":null,""REASON"":""The loss of supply is due to the operating of protective equipment. "",""CRC"":""30131B8D"",""EXTRACTED"":1790424005863,""SHAPE__Area"":10503512.16015625,""SHAPE__Length"":23753.95609611841}"
2026-09-26T16:15:46Z,2026-09-27T02:15:46+10:00,au.qld.energex,Energex,au.qld.energex|unplanned|INCD-983715-g,INCD-983715-g,unplanned,In Progress,Under Investigation,2,true,EERWAH VALE,ANDERSON RD,2026-09-26T13:17:34Z,2026-09-26T16:30:00Z,152.8885146,-26.4922839,Sunshine Coast Regional,6720,https://services.arcgis.com/bfVzktoY0OhzQCDj/ArcGIS/rest/services/VwEnergexOutages/FeatureServer/0,Polygon,"{""type"":""Polygon"",""coordinates"":[[[152.890234974085,-26.4917115971857],[152.890773729434,-26.49212706783],[152.890312005962,-26.4926118555526],[152.886791542259,-26.4928557168423],[152.886252797897,-26.492440231245],[152.886714537655,-26.4919554566927],[152.890234974085,-26.4917115971857]]]}","{""OBJECTID"":413299,""EVENT_ID"":""INCD-983715-g"",""TYPE"":""UNPLANNED"",""STATUS"":""In Progress"",""CUSTOMERS_AFFECTED"":2,""SUBURBS"":""EERWAH VALE"",""STREETS"":""ANDERSON RD"",""START"":1790428654766,""FINISH"":null,""EST_FIX_TIME"":1790440200000,""REASON"":""Under Investigation"",""CRC"":""7ABF5F67"",""EXTRACTED"":1790438404236,""SHAPE__Area"":50414.60546875,""SHAPE__Length"":1102.9300589083023}"
2026-09-26T16:15:46Z,2026-09-27T02:15:46+10:00,au.qld.energex,Energex,au.qld.energex|unplanned|INCD-983719-g,INCD-983719-g,unplanned,Awaiting,Under Investigation,9,true,BELLI PARK,PADDY MELON LANE,2026-09-26T14:00:42Z,2026-09-26T17:00:00Z,152.8421866,-26.4974613,Sunshine Coast Regional,6720,https://services.arcgis.com/bfVzktoY0OhzQCDj/ArcGIS/rest/services/VwEnergexOutages/FeatureServer/0,Polygon,"{""type"":""Polygon"",""coordinates"":[[[152.835886475171,-26.4930982358985],[152.836073524832,-26.4925936697126],[152.843564442586,-26.4877923435],[152.844353518848,-26.4881052695188],[152.847058127291,-26.5080105009655],[152.846251315716,-26.5084211867262],[152.842130339349,-26.5055273480542],[152.841986026191,-26.5053655284761],[152.836688625683,-26.4953536024289],[152.836663517899,-26.4952963980777],[152.835886475171,-26.4930982358985]]]}","{""OBJECTID"":413300,""EVENT_ID"":""INCD-983719-g"",""TYPE"":""UNPLANNED"",""STATUS"":""Awaiting"",""CUSTOMERS_AFFECTED"":9,""SUBURBS"":""BELLI PARK"",""STREETS"":""PADDY MELON LANE"",""START"":1790431242288,""FINISH"":null,""EST_FIX_TIME"":1790442000000,""REASON"":""Under Investigation"",""CRC"":""0D51EBF3"",""EXTRACTED"":1790433304644,""SHAPE__Area"":1703082.94921875,""SHAPE__Length"":6066.5926048523315}"
2026-09-26T16:15:46Z,2026-09-27T02:15:46+10:00,au.qld.ergon,Ergon Energy,au.qld.ergon|unplanned|910959,910959,unplanned,Crews on route,The loss of supply is due to damage requiring emergency repairs.,51,true,"BANANA, BILOELA, PROSPECT, THANGOOL","BATHS RD, CAMBOON RD, CROWSDALE CAMBOON RD, CROWSDALE RD, DRUMBURLE RD, FRAWLEYS RD, KENT RD, SHAWLANDS RD, ZIEBARTHS RD",2026-09-26T14:31:11Z,,150.4508545,-24.5963505,Banana Shire,370,https://services.arcgis.com/33eHbTVqo7gtiCE8/arcgis/rest/services/VwErgonOutages/FeatureServer/0,Polygon,"{""type"":""Polygon"",""coordinates"":[[[150.404646852883,-24.5049219169147],[150.404663088208,-24.5047401367537],[150.424859876476,-24.4416792204571],[150.425626165414,-24.4414439997809],[150.443999569605,-24.4539297611246],[150.444070530604,-24.4539885770375],[150.472783803625,-24.4829000693057],[150.472909363141,-24.4831572032445],[150.497285906648,-24.6991676347277],[150.497254014983,-24.6993796320712],[150.485577036911,-24.726382840973],[150.485332324088,-24.7266233119175],[150.437929610291,-24.7474894971127],[150.437225263396,-24.7471384148826],[150.404646852883,-24.5049219169147]]]}","{""OBJECTID"":910959,""EVENT_ID"":""26CA10780"",""TYPE"":""UNPLANNED"",""STATUS"":""Outage reported"",""CUSTOMERS_AFFECTED"":51,""SUBURBS"":""BANANA, BILOELA, PROSPECT, THANGOOL"",""STREETS"":""BATHS RD, CAMBOON RD, CROWSDALE CAMBOON RD, CROWSDALE RD, DRUMBURLE RD, FRAWLEYS RD, KENT RD, SHAWLANDS RD, ZIEBARTHS RD"",""START"":1790433071000,""FINISH"":null,""EST_FIX_TIME"":null,""REASON"":""The loss of supply is due to damage requiring emergency repairs. "",""CRC"":""97F399C1"",""EXTRACTED"":1790434504888,""SHAPE__Area"":249424175.234375,""SHAPE__Length"":81550.81838206077}"
2026-09-26T16:15:46Z,2026-09-27T02:15:46+10:00,au.qld.ergon,Ergon Energy,au.qld.ergon|unplanned|910960,910960,unplanned,Crews working on-site,The loss of supply is due to damage requiring emergency repairs.,4,true,"BLUFF, JELLINBAH","OFF YARRABEE RD, SCRUBBEE RD",2026-09-26T11:32:46Z,,148.9776581,-23.2471258,Central Highlands Regional,2270,https://services.arcgis.com/33eHbTVqo7gtiCE8/arcgis/rest/services/VwErgonOutages/FeatureServer/0,Polygon,"{""type"":""Polygon"",""coordinates"":[[[148.951306169855,-23.2323858361776],[148.951201181576,-23.2317752081712],[148.951854134703,-23.2316404522972],[149.008653569581,-23.2627039422353],[149.008832500418,-23.2633107061864],[149.008181362782,-23.2634939216557],[148.968312839092,-23.2445439263558],[148.968237322729,-23.2444994924234],[148.951306169855,-23.2323858361776]]]}","{""OBJECTID"":910960,""EVENT_ID"":""26CA10781"",""TYPE"":""UNPLANNED"",""STATUS"":""Outage reported"",""CUSTOMERS_AFFECTED"":4,""SUBURBS"":""BLUFF, JELLINBAH"",""STREETS"":""OFF YARRABEE RD, SCRUBBEE RD"",""START"":1790422366000,""FINISH"":null,""EST_FIX_TIME"":null,""REASON"":""The loss of supply is due to damage requiring emergency repairs. "",""CRC"":""EB7362F5"",""EXTRACTED"":1790438424343,""SHAPE__Area"":1904255.4453125,""SHAPE__Length"":15055.160731803087}"
2026-09-26T16:15:46Z,2026-09-27T02:15:46+10:00,au.qld.ergon,Ergon Energy,au.qld.ergon|unplanned|910957,910957,unplanned,Crews working on-site,The loss of supply is due to the operating of protective equipment.,5,true,"MOUNT GARNET, MOUNT SURPRISE","KELLYS CREEK, KENNEDY HWY, UNKNOWN ST",2026-09-26T08:17:29Z,,144.7509679,-18.3787612,Charters Towers Regional,2310,https://services.arcgis.com/33eHbTVqo7gtiCE8/arcgis/rest/services/VwErgonOutages/FeatureServer/0,Polygon,"{""type"":""Polygon"",""coordinates"":[[[144.738772509471,-18.4274198974111],[144.738206552418,-18.4275839107204],[144.737915154411,-18.4270926350192],[144.75432849197,-18.3299729050454],[144.754793609977,-18.329593208767],[144.755261606015,-18.3299696659988],[144.760778031119,-18.3611868836646],[144.760777980446,-18.3613374635875],[144.754390849436,-18.3973263133808],[144.754348677956,-18.3974506641807],[144.739089250805,-18.426970679067],[144.739055246425,-18.4270261216149],[144.738772509471,-18.4274198974111]]]}","{""OBJECTID"":910957,""EVENT_ID"":""26FN9488"",""TYPE"":""UNPLANNED"",""STATUS"":""Crews working on-site"",""CUSTOMERS_AFFECTED"":5,""SUBURBS"":""MOUNT GARNET, MOUNT SURPRISE"",""STREETS"":""KELLYS CREEK, KENNEDY HWY, UNKNOWN ST"",""START"":1790410649000,""FINISH"":null,""EST_FIX_TIME"":null,""REASON"":""The loss of supply is due to the operating of protective equipment. "",""CRC"":""30131B8D"",""EXTRACTED"":1790424005863,""SHAPE__Area"":10503512.16015625,""SHAPE__Length"":23753.95609611841}"
2026-09-26T16:30:48Z,2026-09-27T02:30:48+10:00,au.qld.energex,Energex,au.qld.energex|unplanned|INCD-983719-g,INCD-983719-g,unplanned,Awaiting,Under Investigation,9,true,BELLI PARK,PADDY MELON LANE,2026-09-26T14:00:42Z,2026-09-26T17:00:00Z,152.8421866,-26.4974613,Sunshine Coast Regional,6720,https://services.arcgis.com/bfVzktoY0OhzQCDj/ArcGIS/rest/services/VwEnergexOutages/FeatureServer/0,Polygon,"{""type"":""Polygon"",""coordinates"":[[[152.835886475171,-26.4930982358985],[152.836073524832,-26.4925936697126],[152.843564442586,-26.4877923435],[152.844353518848,-26.4881052695188],[152.847058127291,-26.5080105009655],[152.846251315716,-26.5084211867262],[152.842130339349,-26.5055273480542],[152.841986026191,-26.5053655284761],[152.836688625683,-26.4953536024289],[152.836663517899,-26.4952963980777],[152.835886475171,-26.4930982358985]]]}","{""OBJECTID"":413300,""EVENT_ID"":""INCD-983719-g"",""TYPE"":""UNPLANNED"",""STATUS"":""Awaiting"",""CUSTOMERS_AFFECTED"":9,""SUBURBS"":""BELLI PARK"",""STREETS"":""PADDY MELON LANE"",""START"":1790431242288,""FINISH"":null,""EST_FIX_TIME"":1790442000000,""REASON"":""Under Investigation"",""CRC"":""0D51EBF3"",""EXTRACTED"":1790433304644,""SHAPE__Area"":1703082.94921875,""SHAPE__Length"":6066.5926048523315}"
2026-09-26T16:30:48Z,2026-09-27T02:30:48+10:00,au.qld.ergon,Ergon Energy,au.qld.ergon|unplanned|910959,910959,unplanned,Crews on route,The loss of supply is due to damage requiring emergency repairs.,51,true,"BANANA, BILOELA, PROSPECT, THANGOOL","BATHS RD, CAMBOON RD, CROWSDALE CAMBOON RD, CROWSDALE RD, DRUMBURLE RD, FRAWLEYS RD, KENT RD, SHAWLANDS RD, ZIEBARTHS RD",2026-09-26T14:31:11Z,,150.4508545,-24.5963505,Banana Shire,370,https://services.arcgis.com/33eHbTVqo7gtiCE8/arcgis/rest/services/VwErgonOutages/FeatureServer/0,Polygon,"{""type"":""Polygon"",""coordinates"":[[[150.404646852883,-24.5049219169147],[150.404663088208,-24.5047401367537],[150.424859876476,-24.4416792204571],[150.425626165414,-24.4414439997809],[150.443999569605,-24.4539297611246],[150.444070530604,-24.4539885770375],[150.472783803625,-24.4829000693057],[150.472909363141,-24.4831572032445],[150.497285906648,-24.6991676347277],[150.497254014983,-24.6993796320712],[150.485577036911,-24.726382840973],[150.485332324088,-24.7266233119175],[150.437929610291,-24.7474894971127],[150.437225263396,-24.7471384148826],[150.404646852883,-24.5049219169147]]]}","{""OBJECTID"":910959,""EVENT_ID"":""26CA10780"",""TYPE"":""UNPLANNED"",""STATUS"":""Outage reported"",""CUSTOMERS_AFFECTED"":51,""SUBURBS"":""BANANA, BILOELA, PROSPECT, THANGOOL"",""STREETS"":""BATHS RD, CAMBOON RD, CROWSDALE CAMBOON RD, CROWSDALE RD, DRUMBURLE RD, FRAWLEYS RD, KENT RD, SHAWLANDS RD, ZIEBARTHS RD"",""START"":1790433071000,""FINISH"":null,""EST_FIX_TIME"":null,""REASON"":""The loss of supply is due to damage requiring emergency repairs. "",""CRC"":""97F399C1"",""EXTRACTED"":1790434504888,""SHAPE__Area"":249424175.234375,""SHAPE__Length"":81550.81838206077}"
2026-09-26T16:30:48Z,2026-09-27T02:30:48+10:00,au.qld.ergon,Ergon Energy,au.qld.ergon|unplanned|910960,910960,unplanned,Crews working on-site,The loss of supply is due to damage requiring emergency repairs.,4,true,"BLUFF, JELLINBAH","OFF YARRABEE RD, SCRUBBEE RD",2026-09-26T11:32:46Z,,148.9776581,-23.2471258,Central Highlands Regional,2270,https://services.arcgis.com/33eHbTVqo7gtiCE8/arcgis/rest/services/VwErgonOutages/FeatureServer/0,Polygon,"{""type"":""Polygon"",""coordinates"":[[[148.951306169855,-23.2323858361776],[148.951201181576,-23.2317752081712],[148.951854134703,-23.2316404522972],[149.008653569581,-23.2627039422353],[149.008832500418,-23.2633107061864],[149.008181362782,-23.2634939216557],[148.968312839092,-23.2445439263558],[148.968237322729,-23.2444994924234],[148.951306169855,-23.2323858361776]]]}","{""OBJECTID"":910960,""EVENT_ID"":""26CA10781"",""TYPE"":""UNPLANNED"",""STATUS"":""Outage reported"",""CUSTOMERS_AFFECTED"":4,""SUBURBS"":""BLUFF, JELLINBAH"",""STREETS"":""OFF YARRABEE RD, SCRUBBEE RD"",""START"":1790422366000,""FINISH"":null,""EST_FIX_TIME"":null,""REASON"":""The loss of supply is due to damage requiring emergency repairs. "",""CRC"":""EB7362F5"",""EXTRACTED"":1790438424343,""SHAPE__Area"":1904255.4453125,""SHAPE__Length"":15055.160731803087}"
2026-09-26T16:45:43Z,2026-09-27T02:45:43+10:00,au.qld.energex,Energex,au.qld.energex|unplanned|INCD-983719-g,INCD-983719-g,unplanned,Awaiting,Under Investigation,9,true,BELLI PARK,PADDY MELON LANE,2026-09-26T14:00:42Z,2026-09-26T17:00:00Z,152.8421866,-26.4974613,Sunshine Coast Regional,6720,https://services.arcgis.com/bfVzktoY0OhzQCDj/ArcGIS/rest/services/VwEnergexOutages/FeatureServer/0,Polygon,"{""type"":""Polygon"",""coordinates"":[[[152.835886475171,-26.4930982358985],[152.836073524832,-26.4925936697126],[152.843564442586,-26.4877923435],[152.844353518848,-26.4881052695188],[152.847058127291,-26.5080105009655],[152.846251315716,-26.5084211867262],[152.842130339349,-26.5055273480542],[152.841986026191,-26.5053655284761],[152.836688625683,-26.4953536024289],[152.836663517899,-26.4952963980777],[152.835886475171,-26.4930982358985]]]}","{""OBJECTID"":413300,""EVENT_ID"":""INCD-983719-g"",""TYPE"":""UNPLANNED"",""STATUS"":""Awaiting"",""CUSTOMERS_AFFECTED"":9,""SUBURBS"":""BELLI PARK"",""STREETS"":""PADDY MELON LANE"",""START"":1790431242288,""FINISH"":null,""EST_FIX_TIME"":1790442000000,""REASON"":""Under Investigation"",""CRC"":""0D51EBF3"",""EXTRACTED"":1790433304644,""SHAPE__Area"":1703082.94921875,""SHAPE__Length"":6066.5926048523315}"
2026-09-26T16:45:43Z,2026-09-27T02:45:43+10:00,au.qld.ergon,Ergon Energy,au.qld.ergon|unplanned|910959,910959,unplanned,Crews on route,The loss of supply is due to damage requiring emergency repairs.,51,true,"BANANA, BILOELA, PROSPECT, THANGOOL","BATHS RD, CAMBOON RD, CROWSDALE CAMBOON RD, CROWSDALE RD, DRUMBURLE RD, FRAWLEYS RD, KENT RD, SHAWLANDS RD, ZIEBARTHS RD",2026-09-26T14:31:11Z,,150.4508545,-24.5963505,Banana Shire,370,https://services.arcgis.com/33eHbTVqo7gtiCE8/arcgis/rest/services/VwErgonOutages/FeatureServer/0,Polygon,"{""type"":""Polygon"",""coordinates"":[[[150.404646852883,-24.5049219169147],[150.404663088208,-24.5047401367537],[150.424859876476,-24.4416792204571],[150.425626165414,-24.4414439997809],[150.443999569605,-24.4539297611246],[150.444070530604,-24.4539885770375],[150.472783803625,-24.4829000693057],[150.472909363141,-24.4831572032445],[150.497285906648,-24.6991676347277],[150.497254014983,-24.6993796320712],[150.485577036911,-24.726382840973],[150.485332324088,-24.7266233119175],[150.437929610291,-24.7474894971127],[150.437225263396,-24.7471384148826],[150.404646852883,-24.5049219169147]]]}","{""OBJECTID"":910959,""EVENT_ID"":""26CA10780"",""TYPE"":""UNPLANNED"",""STATUS"":""Outage reported"",""CUSTOMERS_AFFECTED"":51,""SUBURBS"":""BANANA, BILOELA, PROSPECT, THANGOOL"",""STREETS"":""BATHS RD, CAMBOON RD, CROWSDALE CAMBOON RD, CROWSDALE RD, DRUMBURLE RD, FRAWLEYS RD, KENT RD, SHAWLANDS RD, ZIEBARTHS RD"",""START"":1790433071000,""FINISH"":null,""EST_FIX_TIME"":null,""REASON"":""The loss of supply is due to damage requiring emergency repairs. "",""CRC"":""97F399C1"",""EXTRACTED"":1790434504888,""SHAPE__Area"":249424175.234375,""SHAPE__Length"":81550.81838206077}"
2026-09-26T16:45:43Z,2026-09-27T02:45:43+10:00,au.qld.ergon,Ergon Energy,au.qld.ergon|unplanned|910960,910960,unplanned,Crews working on-site,The loss of supply is due to damage requiring emergency repairs.,4,true,"BLUFF, JELLINBAH","OFF YARRABEE RD, SCRUBBEE RD",2026-09-26T11:32:46Z,,148.9776581,-23.2471258,Central Highlands Regional,2270,https://services.arcgis.com/33eHbTVqo7gtiCE8/arcgis/rest/services/VwErgonOutages/FeatureServer/0,Polygon,"{""type"":""Polygon"",""coordinates"":[[[148.951306169855,-23.2323858361776],[148.951201181576,-23.2317752081712],[148.951854134703,-23.2316404522972],[149.008653569581,-23.2627039422353],[149.008832500418,-23.2633107061864],[149.008181362782,-23.2634939216557],[148.968312839092,-23.2445439263558],[148.968237322729,-23.2444994924234],[148.951306169855,-23.2323858361776]]]}","{""OBJECTID"":910960,""EVENT_ID"":""26CA10781"",""TYPE"":""UNPLANNED"",""STATUS"":""Outage reported"",""CUSTOMERS_AFFECTED"":4,""SUBURBS"":""BLUFF, JELLINBAH"",""STREETS"":""OFF YARRABEE RD, SCRUBBEE RD"",""START"":1790422366000,""FINISH"":null,""EST_FIX_TIME"":null,""REASON"":""The loss of supply is due to damage requiring emergency repairs. "",""CRC"":""EB7362F5"",""EXTRACTED"":1790438424343,""SHAPE__Area"":1904255.4453125,""SHAPE__Length"":15055.160731803087}"
2026-09-26T17:00:58Z,2026-09-27T03:00:58+10:00,au.qld.ergon,Ergon Energy,au.qld.ergon|unplanned|910959,910959,unplanned,Crews on route,The loss of supply is due to damage requiring emergency repairs.,51,true,"BANANA, BILOELA, PROSPECT, THANGOOL","BATHS RD, CAMBOON RD, CROWSDALE CAMBOON RD, CROWSDALE RD, DRUMBURLE RD, FRAWLEYS RD, KENT RD, SHAWLANDS RD, ZIEBARTHS RD",2026-09-26T14:31:11Z,,150.4508545,-24.5963505,Banana Shire,370,https://services.arcgis.com/33eHbTVqo7gtiCE8/arcgis/rest/services/VwErgonOutages/FeatureServer/0,Polygon,"{""type"":""Polygon"",""coordinates"":[[[150.404646852883,-24.5049219169147],[150.404663088208,-24.5047401367537],[150.424859876476,-24.4416792204571],[150.425626165414,-24.4414439997809],[150.443999569605,-24.4539297611246],[150.444070530604,-24.4539885770375],[150.472783803625,-24.4829000693057],[150.472909363141,-24.4831572032445],[150.497285906648,-24.6991676347277],[150.497254014983,-24.6993796320712],[150.485577036911,-24.726382840973],[150.485332324088,-24.7266233119175],[150.437929610291,-24.7474894971127],[150.437225263396,-24.7471384148826],[150.404646852883,-24.5049219169147]]]}","{""OBJECTID"":910959,""EVENT_ID"":""26CA10780"",""TYPE"":""UNPLANNED"",""STATUS"":""Outage reported"",""CUSTOMERS_AFFECTED"":51,""SUBURBS"":""BANANA, BILOELA, PROSPECT, THANGOOL"",""STREETS"":""BATHS RD, CAMBOON RD, CROWSDALE CAMBOON RD, CROWSDALE RD, DRUMBURLE RD, FRAWLEYS RD, KENT RD, SHAWLANDS RD, ZIEBARTHS RD"",""START"":1790433071000,""FINISH"":null,""EST_FIX_TIME"":null,""REASON"":""The loss of supply is due to damage requiring emergency repairs. "",""CRC"":""97F399C1"",""EXTRACTED"":1790434504888,""SHAPE__Area"":249424175.234375,""SHAPE__Length"":81550.81838206077}"
2026-09-26T17:00:58Z,2026-09-27T03:00:58+10:00,au.qld.ergon,Ergon Energy,au.qld.ergon|unplanned|910960,910960,unplanned,Crews working on-site,The loss of supply is due to damage requiring emergency repairs.,4,true,"BLUFF, JELLINBAH","OFF YARRABEE RD, SCRUBBEE RD",2026-09-26T11:32:46Z,,148.9776581,-23.2471258,Central Highlands Regional,2270,https://services.arcgis.com/33eHbTVqo7gtiCE8/arcgis/rest/services/VwErgonOutages/FeatureServer/0,Polygon,"{""type"":""Polygon"",""coordinates"":[[[148.951306169855,-23.2323858361776],[148.951201181576,-23.2317752081712],[148.951854134703,-23.2316404522972],[149.008653569581,-23.2627039422353],[149.008832500418,-23.2633107061864],[149.008181362782,-23.2634939216557],[148.968312839092,-23.2445439263558],[148.968237322729,-23.2444994924234],[148.951306169855,-23.2323858361776]]]}","{""OBJECTID"":910960,""EVENT_ID"":""26CA10781"",""TYPE"":""UNPLANNED"",""STATUS"":""Outage reported"",""CUSTOMERS_AFFECTED"":4,""SUBURBS"":""BLUFF, JELLINBAH"",""STREETS"":""OFF YARRABEE RD, SCRUBBEE RD"",""START"":1790422366000,""FINISH"":null,""EST_FIX_TIME"":null,""REASON"":""The loss of supply is due to damage requiring emergency repairs. "",""CRC"":""EB7362F5"",""EXTRACTED"":1790438424343,""SHAPE__Area"":1904255.4453125,""SHAPE__Length"":15055.160731803087}"
2026-09-26T17:15:38Z,2026-09-27T03:15:38+10:00,au.qld.ergon,Ergon Energy,au.qld.ergon|unplanned|910959,910959,unplanned,Crews on route,The loss of supply is due to damage requiring emergency repairs.,51,true,"BANANA, BILOELA, PROSPECT, THANGOOL","BATHS RD, CAMBOON RD, CROWSDALE CAMBOON RD, CROWSDALE RD, DRUMBURLE RD, FRAWLEYS RD, KENT RD, SHAWLANDS RD, ZIEBARTHS RD",2026-09-26T14:31:11Z,,150.4508545,-24.5963505,Banana Shire,370,https://services.arcgis.com/33eHbTVqo7gtiCE8/arcgis/rest/services/VwErgonOutages/FeatureServer/0,Polygon,"{""type"":""Polygon"",""coordinates"":[[[150.404646852883,-24.5049219169147],[150.404663088208,-24.5047401367537],[150.424859876476,-24.4416792204571],[150.425626165414,-24.4414439997809],[150.443999569605,-24.4539297611246],[150.444070530604,-24.4539885770375],[150.472783803625,-24.4829000693057],[150.472909363141,-24.4831572032445],[150.497285906648,-24.6991676347277],[150.497254014983,-24.6993796320712],[150.485577036911,-24.726382840973],[150.485332324088,-24.7266233119175],[150.437929610291,-24.7474894971127],[150.437225263396,-24.7471384148826],[150.404646852883,-24.5049219169147]]]}","{""OBJECTID"":910959,""EVENT_ID"":""26CA10780"",""TYPE"":""UNPLANNED"",""STATUS"":""Outage reported"",""CUSTOMERS_AFFECTED"":51,""SUBURBS"":""BANANA, BILOELA, PROSPECT, THANGOOL"",""STREETS"":""BATHS RD, CAMBOON RD, CROWSDALE CAMBOON RD, CROWSDALE RD, DRUMBURLE RD, FRAWLEYS RD, KENT RD, SHAWLANDS RD, ZIEBARTHS RD"",""START"":1790433071000,""FINISH"":null,""EST_FIX_TIME"":null,""REASON"":""The loss of supply is due to damage requiring emergency repairs. "",""CRC"":""97F399C1"",""EXTRACTED"":1790434504888,""SHAPE__Area"":249424175.234375,""SHAPE__Length"":81550.81838206077}"
2026-09-26T17:15:38Z,2026-09-27T03:15:38+10:00,au.qld.ergon,Ergon Energy,au.qld.ergon|unplanned|910960,910960,unplanned,Crews working on-site,The loss of supply is due to damage requiring emergency repairs.,4,true,"BLUFF, JELLINBAH","OFF YARRABEE RD, SCRUBBEE RD",2026-09-26T11:32:46Z,,148.9776581,-23.2471258,Central Highlands Regional,2270,https://services.arcgis.com/33eHbTVqo7gtiCE8/arcgis/rest/services/VwErgonOutages/FeatureServer/0,Polygon,"{""type"":""Polygon"",""coordinates"":[[[148.951306169855,-23.2323858361776],[148.951201181576,-23.2317752081712],[148.951854134703,-23.2316404522972],[149.008653569581,-23.2627039422353],[149.008832500418,-23.2633107061864],[149.008181362782,-23.2634939216557],[148.968312839092,-23.2445439263558],[148.968237322729,-23.2444994924234],[148.951306169855,-23.2323858361776]]]}","{""OBJECTID"":910960,""EVENT_ID"":""26CA10781"",""TYPE"":""UNPLANNED"",""STATUS"":""Outage reported"",""CUSTOMERS_AFFECTED"":4,""SUBURBS"":""BLUFF, JELLINBAH"",""STREETS"":""OFF YARRABEE RD, SCRUBBEE RD"",""START"":1790422366000,""FINISH"":null,""EST_FIX_TIME"":null,""REASON"":""The loss of supply is due to damage requiring emergency repairs. "",""CRC"":""EB7362F5"",""EXTRACTED"":1790438424343,""SHAPE__Area"":1904255.4453125,""SHAPE__Length"":15055.160731803087}"
2026-09-26T17:30:50Z,2026-09-27T03:30:50+10:00,au.qld.ergon,Ergon Energy,au.qld.ergon|unplanned|910959,910959,unplanned,Crews on route,The loss of supply is due to damage requiring emergency repairs.,51,true,"BANANA, BILOELA, PROSPECT, THANGOOL","BATHS RD, CAMBOON RD, CROWSDALE CAMBOON RD, CROWSDALE RD, DRUMBURLE RD, FRAWLEYS RD, KENT RD, SHAWLANDS RD, ZIEBARTHS RD",2026-09-26T14:31:11Z,,150.4508545,-24.5963505,Banana Shire,370,https://services.arcgis.com/33eHbTVqo7gtiCE8/arcgis/rest/services/VwErgonOutages/FeatureServer/0,Polygon,"{""type"":""Polygon"",""coordinates"":[[[150.404646852883,-24.5049219169147],[150.404663088208,-24.5047401367537],[150.424859876476,-24.4416792204571],[150.425626165414,-24.4414439997809],[150.443999569605,-24.4539297611246],[150.444070530604,-24.4539885770375],[150.472783803625,-24.4829000693057],[150.472909363141,-24.4831572032445],[150.497285906648,-24.6991676347277],[150.497254014983,-24.6993796320712],[150.485577036911,-24.726382840973],[150.485332324088,-24.7266233119175],[150.437929610291,-24.7474894971127],[150.437225263396,-24.7471384148826],[150.404646852883,-24.5049219169147]]]}","{""OBJECTID"":910959,""EVENT_ID"":""26CA10780"",""TYPE"":""UNPLANNED"",""STATUS"":""Outage reported"",""CUSTOMERS_AFFECTED"":51,""SUBURBS"":""BANANA, BILOELA, PROSPECT, THANGOOL"",""STREETS"":""BATHS RD, CAMBOON RD, CROWSDALE CAMBOON RD, CROWSDALE RD, DRUMBURLE RD, FRAWLEYS RD, KENT RD, SHAWLANDS RD, ZIEBARTHS RD"",""START"":1790433071000,""FINISH"":null,""EST_FIX_TIME"":null,""REASON"":""The loss of supply is due to damage requiring emergency repairs. "",""CRC"":""97F399C1"",""EXTRACTED"":1790434504888,""SHAPE__Area"":249424175.234375,""SHAPE__Length"":81550.81838206077}"
2026-09-26T17:30:50Z,2026-09-27T03:30:50+10:00,au.qld.ergon,Ergon Energy,au.qld.ergon|unplanned|910960,910960,unplanned,Crews working on-site,The loss of supply is due to damage requiring emergency repairs.,4,true,"BLUFF, JELLINBAH","OFF YARRABEE RD, SCRUBBEE RD",2026-09-26T11:32:46Z,,148.9776581,-23.2471258,Central Highlands Regional,2270,https://services.arcgis.com/33eHbTVqo7gtiCE8/arcgis/rest/services/VwErgonOutages/FeatureServer/0,Polygon,"{""type"":""Polygon"",""coordinates"":[[[148.951306169855,-23.2323858361776],[148.951201181576,-23.2317752081712],[148.951854134703,-23.2316404522972],[149.008653569581,-23.2627039422353],[149.008832500418,-23.2633107061864],[149.008181362782,-23.2634939216557],[148.968312839092,-23.2445439263558],[148.968237322729,-23.2444994924234],[148.951306169855,-23.2323858361776]]]}","{""OBJECTID"":910960,""EVENT_ID"":""26CA10781"",""TYPE"":""UNPLANNED"",""STATUS"":""Outage reported"",""CUSTOMERS_AFFECTED"":4,""SUBURBS"":""BLUFF, JELLINBAH"",""STREETS"":""OFF YARRABEE RD, SCRUBBEE RD"",""START"":1790422366000,""FINISH"":null,""EST_FIX_TIME"":null,""REASON"":""The loss of supply is due to damage requiring emergency repairs. "",""CRC"":""EB7362F5"",""EXTRACTED"":1790438424343,""SHAPE__Area"":1904255.4453125,""SHAPE__Length"":15055.160731803087}"
2026-09-26T17:45:40Z,2026-09-27T03:45:40+10:00,au.qld.ergon,Ergon Energy,au.qld.ergon|unplanned|910959,910959,unplanned,Crews on route,The loss of supply is due to damage requiring emergency repairs.,51,true,"BANANA, BILOELA, PROSPECT, THANGOOL","BATHS RD, CAMBOON RD, CROWSDALE CAMBOON RD, CROWSDALE RD, DRUMBURLE RD, FRAWLEYS RD, KENT RD, SHAWLANDS RD, ZIEBARTHS RD",2026-09-26T14:31:11Z,,150.4508545,-24.5963505,Banana Shire,370,https://services.arcgis.com/33eHbTVqo7gtiCE8/arcgis/rest/services/VwErgonOutages/FeatureServer/0,Polygon,"{""type"":""Polygon"",""coordinates"":[[[150.404646852883,-24.5049219169147],[150.404663088208,-24.5047401367537],[150.424859876476,-24.4416792204571],[150.425626165414,-24.4414439997809],[150.443999569605,-24.4539297611246],[150.444070530604,-24.4539885770375],[150.472783803625,-24.4829000693057],[150.472909363141,-24.4831572032445],[150.497285906648,-24.6991676347277],[150.497254014983,-24.6993796320712],[150.485577036911,-24.726382840973],[150.485332324088,-24.7266233119175],[150.437929610291,-24.7474894971127],[150.437225263396,-24.7471384148826],[150.404646852883,-24.5049219169147]]]}","{""OBJECTID"":910959,""EVENT_ID"":""26CA10780"",""TYPE"":""UNPLANNED"",""STATUS"":""Outage reported"",""CUSTOMERS_AFFECTED"":51,""SUBURBS"":""BANANA, BILOELA, PROSPECT, THANGOOL"",""STREETS"":""BATHS RD, CAMBOON RD, CROWSDALE CAMBOON RD, CROWSDALE RD, DRUMBURLE RD, FRAWLEYS RD, KENT RD, SHAWLANDS RD, ZIEBARTHS RD"",""START"":1790433071000,""FINISH"":null,""EST_FIX_TIME"":null,""REASON"":""The loss of supply is due to damage requiring emergency repairs. "",""CRC"":""97F399C1"",""EXTRACTED"":1790434504888,""SHAPE__Area"":249424175.234375,""SHAPE__Length"":81550.81838206077}"
2026-09-26T17:45:40Z,2026-09-27T03:45:40+10:00,au.qld.ergon,Ergon Energy,au.qld.ergon|unplanned|910960,910960,unplanned,Crews working on-site,The loss of supply is due to damage requiring emergency repairs.,4,true,"BLUFF, JELLINBAH","OFF YARRABEE RD, SCRUBBEE RD",2026-09-26T11:32:46Z,,148.9776581,-23.2471258,Central Highlands Regional,2270,https://services.arcgis.com/33eHbTVqo7gtiCE8/arcgis/rest/services/VwErgonOutages/FeatureServer/0,Polygon,"{""type"":""Polygon"",""coordinates"":[[[148.951306169855,-23.2323858361776],[148.951201181576,-23.2317752081712],[148.951854134703,-23.2316404522972],[149.008653569581,-23.2627039422353],[149.008832500418,-23.2633107061864],[149.008181362782,-23.2634939216557],[148.968312839092,-23.2445439263558],[148.968237322729,-23.2444994924234],[148.951306169855,-23.2323858361776]]]}","{""OBJECTID"":910960,""EVENT_ID"":""26CA10781"",""TYPE"":""UNPLANNED"",""STATUS"":""Outage reported"",""CUSTOMERS_AFFECTED"":4,""SUBURBS"":""BLUFF, JELLINBAH"",""STREETS"":""OFF YARRABEE RD, SCRUBBEE RD"",""START"":1790422366000,""FINISH"":null,""EST_FIX_TIME"":null,""REASON"":""The loss of supply is due to damage requiring emergency repairs. "",""CRC"":""EB7362F5"",""EXTRACTED"":1790438424343,""SHAPE__Area"":1904255.4453125,""SHAPE__Length"":15055.160731803087}"
2026-09-26T18:00:56Z,2026-09-27T04:00:56+10:00,au.qld.ergon,Ergon Energy,au.qld.ergon|unplanned|910959,910959,unplanned,Crews on route,The loss of supply is due to damage requiring emergency repairs.,51,true,"BANANA, BILOELA, PROSPECT, THANGOOL","BATHS RD, CAMBOON RD, CROWSDALE CAMBOON RD, CROWSDALE RD, DRUMBURLE RD, FRAWLEYS RD, KENT RD, SHAWLANDS RD, ZIEBARTHS RD",2026-09-26T14:31:11Z,,150.4508545,-24.5963505,Banana Shire,370,https://services.arcgis.com/33eHbTVqo7gtiCE8/arcgis/rest/services/VwErgonOutages/FeatureServer/0,Polygon,"{""type"":""Polygon"",""coordinates"":[[[150.404646852883,-24.5049219169147],[150.404663088208,-24.5047401367537],[150.424859876476,-24.4416792204571],[150.425626165414,-24.4414439997809],[150.443999569605,-24.4539297611246],[150.444070530604,-24.4539885770375],[150.472783803625,-24.4829000693057],[150.472909363141,-24.4831572032445],[150.497285906648,-24.6991676347277],[150.497254014983,-24.6993796320712],[150.485577036911,-24.726382840973],[150.485332324088,-24.7266233119175],[150.437929610291,-24.7474894971127],[150.437225263396,-24.7471384148826],[150.404646852883,-24.5049219169147]]]}","{""OBJECTID"":910959,""EVENT_ID"":""26CA10780"",""TYPE"":""UNPLANNED"",""STATUS"":""Outage reported"",""CUSTOMERS_AFFECTED"":51,""SUBURBS"":""BANANA, BILOELA, PROSPECT, THANGOOL"",""STREETS"":""BATHS RD, CAMBOON RD, CROWSDALE CAMBOON RD, CROWSDALE RD, DRUMBURLE RD, FRAWLEYS RD, KENT RD, SHAWLANDS RD, ZIEBARTHS RD"",""START"":1790433071000,""FINISH"":null,""EST_FIX_TIME"":null,""REASON"":""The loss of supply is due to damage requiring emergency repairs. "",""CRC"":""97F399C1"",""EXTRACTED"":1790434504888,""SHAPE__Area"":249424175.234375,""SHAPE__Length"":81550.81838206077}"
2026-09-26T18:00:56Z,2026-09-27T04:00:56+10:00,au.qld.ergon,Ergon Energy,au.qld.ergon|unplanned|910960,910960,unplanned,Crews working on-site,The loss of supply is due to damage requiring emergency repairs.,4,true,"BLUFF, JELLINBAH","OFF YARRABEE RD, SCRUBBEE RD",2026-09-26T11:32:46Z,,148.9776581,-23.2471258,Central Highlands Regional,2270,https://services.arcgis.com/33eHbTVqo7gtiCE8/arcgis/rest/services/VwErgonOutages/FeatureServer/0,Polygon,"{""type"":""Polygon"",""coordinates"":[[[148.951306169855,-23.2323858361776],[148.951201181576,-23.2317752081712],[148.951854134703,-23.2316404522972],[149.008653569581,-23.2627039422353],[149.008832500418,-23.2633107061864],[149.008181362782,-23.2634939216557],[148.968312839092,-23.2445439263558],[148.968237322729,-23.2444994924234],[148.951306169855,-23.2323858361776]]]}","{""OBJECTID"":910960,""EVENT_ID"":""26CA10781"",""TYPE"":""UNPLANNED"",""STATUS"":""Outage reported"",""CUSTOMERS_AFFECTED"":4,""SUBURBS"":""BLUFF, JELLINBAH"",""STREETS"":""OFF YARRABEE RD, SCRUBBEE RD"",""START"":1790422366000,""FINISH"":null,""EST_FIX_TIME"":null,""REASON"":""The loss of supply is due to damage requiring emergency repairs. "",""CRC"":""EB7362F5"",""EXTRACTED"":1790438424343,""SHAPE__Area"":1904255.4453125,""SHAPE__Length"":15055.160731803087}"
2026-09-26T18:15:37Z,2026-09-27T04:15:37+10:00,au.qld.ergon,Ergon Energy,au.qld.ergon|unplanned|910959,910959,unplanned,Crews on route,The loss of supply is due to damage requiring emergency repairs.,51,true,"BANANA, BILOELA, PROSPECT, THANGOOL","BATHS RD, CAMBOON RD, CROWSDALE CAMBOON RD, CROWSDALE RD, DRUMBURLE RD, FRAWLEYS RD, KENT RD, SHAWLANDS RD, ZIEBARTHS RD",2026-09-26T14:31:11Z,,150.4508545,-24.5963505,Banana Shire,370,https://services.arcgis.com/33eHbTVqo7gtiCE8/arcgis/rest/services/VwErgonOutages/FeatureServer/0,Polygon,"{""type"":""Polygon"",""coordinates"":[[[150.404646852883,-24.5049219169147],[150.404663088208,-24.5047401367537],[150.424859876476,-24.4416792204571],[150.425626165414,-24.4414439997809],[150.443999569605,-24.4539297611246],[150.444070530604,-24.4539885770375],[150.472783803625,-24.4829000693057],[150.472909363141,-24.4831572032445],[150.497285906648,-24.6991676347277],[150.497254014983,-24.6993796320712],[150.485577036911,-24.726382840973],[150.485332324088,-24.7266233119175],[150.437929610291,-24.7474894971127],[150.437225263396,-24.7471384148826],[150.404646852883,-24.5049219169147]]]}","{""OBJECTID"":910959,""EVENT_ID"":""26CA10780"",""TYPE"":""UNPLANNED"",""STATUS"":""Outage reported"",""CUSTOMERS_AFFECTED"":51,""SUBURBS"":""BANANA, BILOELA, PROSPECT, THANGOOL"",""STREETS"":""BATHS RD, CAMBOON RD, CROWSDALE CAMBOON RD, CROWSDALE RD, DRUMBURLE RD, FRAWLEYS RD, KENT RD, SHAWLANDS RD, ZIEBARTHS RD"",""START"":1790433071000,""FINISH"":null,""EST_FIX_TIME"":null,""REASON"":""The loss of supply is due to damage requiring emergency repairs. "",""CRC"":""97F399C1"",""EXTRACTED"":1790434504888,""SHAPE__Area"":249424175.234375,""SHAPE__Length"":81550.81838206077}"
2026-09-26T18:15:37Z,2026-09-27T04:15:37+10:00,au.qld.ergon,Ergon Energy,au.qld.ergon|unplanned|910960,910960,unplanned,Crews working on-site,The loss of supply is due to damage requiring emergency repairs.,4,true,"BLUFF, JELLINBAH","OFF YARRABEE RD, SCRUBBEE RD",2026-09-26T11:32:46Z,,148.9776581,-23.2471258,Central Highlands Regional,2270,https://services.arcgis.com/33eHbTVqo7gtiCE8/arcgis/rest/services/VwErgonOutages/FeatureServer/0,Polygon,"{""type"":""Polygon"",""coordinates"":[[[148.951306169855,-23.2323858361776],[148.951201181576,-23.2317752081712],[148.951854134703,-23.2316404522972],[149.008653569581,-23.2627039422353],[149.008832500418,-23.2633107061864],[149.008181362782,-23.2634939216557],[148.968312839092,-23.2445439263558],[148.968237322729,-23.2444994924234],[148.951306169855,-23.2323858361776]]]}","{""OBJECTID"":910960,""EVENT_ID"":""26CA10781"",""TYPE"":""UNPLANNED"",""STATUS"":""Outage reported"",""CUSTOMERS_AFFECTED"":4,""SUBURBS"":""BLUFF, JELLINBAH"",""STREETS"":""OFF YARRABEE RD, SCRUBBEE RD"",""START"":1790422366000,""FINISH"":null,""EST_FIX_TIME"":null,""REASON"":""The loss of supply is due to damage requiring emergency repairs. "",""CRC"":""EB7362F5"",""EXTRACTED"":1790438424343,""SHAPE__Area"":1904255.4453125,""SHAPE__Length"":15055.160731803087}"
2026-09-26T18:30:48Z,2026-09-27T04:30:48+10:00,au.qld.ergon,Ergon Energy,au.qld.ergon|unplanned|910959,910959,unplanned,Crews on route,The loss of supply is due to damage requiring emergency repairs.,51,true,"BANANA, BILOELA, PROSPECT, THANGOOL","BATHS RD, CAMBOON RD, CROWSDALE CAMBOON RD, CROWSDALE RD, DRUMBURLE RD, FRAWLEYS RD, KENT RD, SHAWLANDS RD, ZIEBARTHS RD",2026-09-26T14:31:11Z,,150.4508545,-24.5963505,Banana Shire,370,https://services.arcgis.com/33eHbTVqo7gtiCE8/arcgis/rest/services/VwErgonOutages/FeatureServer/0,Polygon,"{""type"":""Polygon"",""coordinates"":[[[150.404646852883,-24.5049219169147],[150.404663088208,-24.5047401367537],[150.424859876476,-24.4416792204571],[150.425626165414,-24.4414439997809],[150.443999569605,-24.4539297611246],[150.444070530604,-24.4539885770375],[150.472783803625,-24.4829000693057],[150.472909363141,-24.4831572032445],[150.497285906648,-24.6991676347277],[150.497254014983,-24.6993796320712],[150.485577036911,-24.726382840973],[150.485332324088,-24.7266233119175],[150.437929610291,-24.7474894971127],[150.437225263396,-24.7471384148826],[150.404646852883,-24.5049219169147]]]}","{""OBJECTID"":910959,""EVENT_ID"":""26CA10780"",""TYPE"":""UNPLANNED"",""STATUS"":""Outage reported"",""CUSTOMERS_AFFECTED"":51,""SUBURBS"":""BANANA, BILOELA, PROSPECT, THANGOOL"",""STREETS"":""BATHS RD, CAMBOON RD, CROWSDALE CAMBOON RD, CROWSDALE RD, DRUMBURLE RD, FRAWLEYS RD, KENT RD, SHAWLANDS RD, ZIEBARTHS RD"",""START"":1790433071000,""FINISH"":null,""EST_FIX_TIME"":null,""REASON"":""The loss of supply is due to damage requiring emergency repairs. "",""CRC"":""97F399C1"",""EXTRACTED"":1790434504888,""SHAPE__Area"":249424175.234375,""SHAPE__Length"":81550.81838206077}"
2026-09-26T18:30:48Z,2026-09-27T04:30:48+10:00,au.qld.ergon,Ergon Energy,au.qld.ergon|unplanned|910960,910960,unplanned,Crews working on-site,The loss of supply is due to damage requiring emergency repairs.,4,true,"BLUFF, JELLINBAH","OFF YARRABEE RD, SCRUBBEE RD",2026-09-26T11:32:46Z,,148.9776581,-23.2471258,Central Highlands Regional,2270,https://services.arcgis.com/33eHbTVqo7gtiCE8/arcgis/rest/services/VwErgonOutages/FeatureServer/0,Polygon,"{""type"":""Polygon"",""coordinates"":[[[148.951306169855,-23.2323858361776],[148.951201181576,-23.2317752081712],[148.951854134703,-23.2316404522972],[149.008653569581,-23.2627039422353],[149.008832500418,-23.2633107061864],[149.008181362782,-23.2634939216557],[148.968312839092,-23.2445439263558],[148.968237322729,-23.2444994924234],[148.951306169855,-23.2323858361776]]]}","{""OBJECTID"":910960,""EVENT_ID"":""26CA10781"",""TYPE"":""UNPLANNED"",""STATUS"":""Outage reported"",""CUSTOMERS_AFFECTED"":4,""SUBURBS"":""BLUFF, JELLINBAH"",""STREETS"":""OFF YARRABEE RD, SCRUBBEE RD"",""START"":1790422366000,""FINISH"":null,""EST_FIX_TIME"":null,""REASON"":""The loss of supply is due to damage requiring emergency repairs. "",""CRC"":""EB7362F5"",""EXTRACTED"":1790438424343,""SHAPE__Area"":1904255.4453125,""SHAPE__Length"":15055.160731803087}"
2026-09-26T18:45:41Z,2026-09-27T04:45:41+10:00,au.qld.ergon,Ergon Energy,au.qld.ergon|unplanned|910959,910959,unplanned,Crews on route,The loss of supply is due to damage requiring emergency repairs.,51,true,"BANANA, BILOELA, PROSPECT, THANGOOL","BATHS RD, CAMBOON RD, CROWSDALE CAMBOON RD, CROWSDALE RD, DRUMBURLE RD, FRAWLEYS RD, KENT RD, SHAWLANDS RD, ZIEBARTHS RD",2026-09-26T14:31:11Z,,150.4508545,-24.5963505,Banana Shire,370,https://services.arcgis.com/33eHbTVqo7gtiCE8/arcgis/rest/services/VwErgonOutages/FeatureServer/0,Polygon,"{""type"":""Polygon"",""coordinates"":[[[150.404646852883,-24.5049219169147],[150.404663088208,-24.5047401367537],[150.424859876476,-24.4416792204571],[150.425626165414,-24.4414439997809],[150.443999569605,-24.4539297611246],[150.444070530604,-24.4539885770375],[150.472783803625,-24.4829000693057],[150.472909363141,-24.4831572032445],[150.497285906648,-24.6991676347277],[150.497254014983,-24.6993796320712],[150.485577036911,-24.726382840973],[150.485332324088,-24.7266233119175],[150.437929610291,-24.7474894971127],[150.437225263396,-24.7471384148826],[150.404646852883,-24.5049219169147]]]}","{""OBJECTID"":910959,""EVENT_ID"":""26CA10780"",""TYPE"":""UNPLANNED"",""STATUS"":""Outage reported"",""CUSTOMERS_AFFECTED"":51,""SUBURBS"":""BANANA, BILOELA, PROSPECT, THANGOOL"",""STREETS"":""BATHS RD, CAMBOON RD, CROWSDALE CAMBOON RD, CROWSDALE RD, DRUMBURLE RD, FRAWLEYS RD, KENT RD, SHAWLANDS RD, ZIEBARTHS RD"",""START"":1790433071000,""FINISH"":null,""EST_FIX_TIME"":null,""REASON"":""The loss of supply is due to damage requiring emergency repairs. "",""CRC"":""97F399C1"",""EXTRACTED"":1790434504888,""SHAPE__Area"":249424175.234375,""SHAPE__Length"":81550.81838206077}"
2026-09-26T18:45:41Z,2026-09-27T04:45:41+10:00,au.qld.ergon,Ergon Energy,au.qld.ergon|unplanned|910960,910960,unplanned,Crews working on-site,The loss of supply is due to damage requiring emergency repairs.,4,true,"BLUFF, JELLINBAH","OFF YARRABEE RD, SCRUBBEE RD",2026-09-26T11:32:46Z,,148.9776581,-23.2471258,Central Highlands Regional,2270,https://services.arcgis.com/33eHbTVqo7gtiCE8/arcgis/rest/services/VwErgonOutages/FeatureServer/0,Polygon,"{""type"":""Polygon"",""coordinates"":[[[148.951306169855,-23.2323858361776],[148.951201181576,-23.2317752081712],[148.951854134703,-23.2316404522972],[149.008653569581,-23.2627039422353],[149.008832500418,-23.2633107061864],[149.008181362782,-23.2634939216557],[148.968312839092,-23.2445439263558],[148.968237322729,-23.2444994924234],[148.951306169855,-23.2323858361776]]]}","{""OBJECTID"":910960,""EVENT_ID"":""26CA10781"",""TYPE"":""UNPLANNED"",""STATUS"":""Outage reported"",""CUSTOMERS_AFFECTED"":4,""SUBURBS"":""BLUFF, JELLINBAH"",""STREETS"":""OFF YARRABEE RD, SCRUBBEE RD"",""START"":1790422366000,""FINISH"":null,""EST_FIX_TIME"":null,""REASON"":""The loss of supply is due to damage requiring emergency repairs. "",""CRC"":""EB7362F5"",""EXTRACTED"":1790438424343,""SHAPE__Area"":1904255.4453125,""SHAPE__Length"":15055.160731803087}"
2026-09-26T19:00:55Z,2026-09-27T05:00:55+10:00,au.qld.ergon,Ergon Energy,au.qld.ergon|unplanned|910959,910959,unplanned,Crews on route,The loss of supply is due to damage requiring emergency repairs.,51,true,"BANANA, BILOELA, PROSPECT, THANGOOL","BATHS RD, CAMBOON RD, CROWSDALE CAMBOON RD, CROWSDALE RD, DRUMBURLE RD, FRAWLEYS RD, KENT RD, SHAWLANDS RD, ZIEBARTHS RD",2026-09-26T14:31:11Z,,150.4508545,-24.5963505,Banana Shire,370,https://services.arcgis.com/33eHbTVqo7gtiCE8/arcgis/rest/services/VwErgonOutages/FeatureServer/0,Polygon,"{""type"":""Polygon"",""coordinates"":[[[150.404646852883,-24.5049219169147],[150.404663088208,-24.5047401367537],[150.424859876476,-24.4416792204571],[150.425626165414,-24.4414439997809],[150.443999569605,-24.4539297611246],[150.444070530604,-24.4539885770375],[150.472783803625,-24.4829000693057],[150.472909363141,-24.4831572032445],[150.497285906648,-24.6991676347277],[150.497254014983,-24.6993796320712],[150.485577036911,-24.726382840973],[150.485332324088,-24.7266233119175],[150.437929610291,-24.7474894971127],[150.437225263396,-24.7471384148826],[150.404646852883,-24.5049219169147]]]}","{""OBJECTID"":910959,""EVENT_ID"":""26CA10780"",""TYPE"":""UNPLANNED"",""STATUS"":""Outage reported"",""CUSTOMERS_AFFECTED"":51,""SUBURBS"":""BANANA, BILOELA, PROSPECT, THANGOOL"",""STREETS"":""BATHS RD, CAMBOON RD, CROWSDALE CAMBOON RD, CROWSDALE RD, DRUMBURLE RD, FRAWLEYS RD, KENT RD, SHAWLANDS RD, ZIEBARTHS RD"",""START"":1790433071000,""FINISH"":null,""EST_FIX_TIME"":null,""REASON"":""The loss of supply is due to damage requiring emergency repairs. "",""CRC"":""97F399C1"",""EXTRACTED"":1790434504888,""SHAPE__Area"":249424175.234375,""SHAPE__Length"":81550.81838206077}"
2026-09-26T19:00:55Z,2026-09-27T05:00:55+10:00,au.qld.ergon,Ergon Energy,au.qld.ergon|unplanned|910960,910960,unplanned,Crews working on-site,The loss of supply is due to damage requiring emergency repairs.,4,true,"BLUFF, JELLINBAH","OFF YARRABEE RD, SCRUBBEE RD",2026-09-26T11:32:46Z,,148.9776581,-23.2471258,Central Highlands Regional,2270,https://services.arcgis.com/33eHbTVqo7gtiCE8/arcgis/rest/services/VwErgonOutages/FeatureServer/0,Polygon,"{""type"":""Polygon"",""coordinates"":[[[148.951306169855,-23.2323858361776],[148.951201181576,-23.2317752081712],[148.951854134703,-23.2316404522972],[149.008653569581,-23.2627039422353],[149.008832500418,-23.2633107061864],[149.008181362782,-23.2634939216557],[148.968312839092,-23.2445439263558],[148.968237322729,-23.2444994924234],[148.951306169855,-23.2323858361776]]]}","{""OBJECTID"":910960,""EVENT_ID"":""26CA10781"",""TYPE"":""UNPLANNED"",""STATUS"":""Outage reported"",""CUSTOMERS_AFFECTED"":4,""SUBURBS"":""BLUFF, JELLINBAH"",""STREETS"":""OFF YARRABEE RD, SCRUBBEE RD"",""START"":1790422366000,""FINISH"":null,""EST_FIX_TIME"":null,""REASON"":""The loss of supply is due to damage requiring emergency repairs. "",""CRC"":""EB7362F5"",""EXTRACTED"":1790438424343,""SHAPE__Area"":1904255.4453125,""SHAPE__Length"":15055.160731803087}"
2026-09-26T19:15:44Z,2026-09-27T05:15:44+10:00,au.qld.ergon,Ergon Energy,au.qld.ergon|unplanned|910959,910959,unplanned,Crews on route,The loss of supply is due to damage requiring emergency repairs.,51,true,"BANANA, BILOELA, PROSPECT, THANGOOL","BATHS RD, CAMBOON RD, CROWSDALE CAMBOON RD, CROWSDALE RD, DRUMBURLE RD, FRAWLEYS RD, KENT RD, SHAWLANDS RD, ZIEBARTHS RD",2026-09-26T14:31:11Z,,150.4508545,-24.5963505,Banana Shire,370,https://services.arcgis.com/33eHbTVqo7gtiCE8/arcgis/rest/services/VwErgonOutages/FeatureServer/0,Polygon,"{""type"":""Polygon"",""coordinates"":[[[150.404646852883,-24.5049219169147],[150.404663088208,-24.5047401367537],[150.424859876476,-24.4416792204571],[150.425626165414,-24.4414439997809],[150.443999569605,-24.4539297611246],[150.444070530604,-24.4539885770375],[150.472783803625,-24.4829000693057],[150.472909363141,-24.4831572032445],[150.497285906648,-24.6991676347277],[150.497254014983,-24.6993796320712],[150.485577036911,-24.726382840973],[150.485332324088,-24.7266233119175],[150.437929610291,-24.7474894971127],[150.437225263396,-24.7471384148826],[150.404646852883,-24.5049219169147]]]}","{""OBJECTID"":910959,""EVENT_ID"":""26CA10780"",""TYPE"":""UNPLANNED"",""STATUS"":""Outage reported"",""CUSTOMERS_AFFECTED"":51,""SUBURBS"":""BANANA, BILOELA, PROSPECT, THANGOOL"",""STREETS"":""BATHS RD, CAMBOON RD, CROWSDALE CAMBOON RD, CROWSDALE RD, DRUMBURLE RD, FRAWLEYS RD, KENT RD, SHAWLANDS RD, ZIEBARTHS RD"",""START"":1790433071000,""FINISH"":null,""EST_FIX_TIME"":null,""REASON"":""The loss of supply is due to damage requiring emergency repairs. "",""CRC"":""97F399C1"",""EXTRACTED"":1790434504888,""SHAPE__Area"":249424175.234375,""SHAPE__Length"":81550.81838206077}"
2026-09-26T19:15:44Z,2026-09-27T05:15:44+10:00,au.qld.ergon,Ergon Energy,au.qld.ergon|unplanned|910960,910960,unplanned,Crews working on-site,The loss of supply is due to damage requiring emergency repairs.,4,true,"BLUFF, JELLINBAH","OFF YARRABEE RD, SCRUBBEE RD",2026-09-26T11:32:46Z,,148.9776581,-23.2471258,Central Highlands Regional,2270,https://services.arcgis.com/33eHbTVqo7gtiCE8/arcgis/rest/services/VwErgonOutages/FeatureServer/0,Polygon,"{""type"":""Polygon"",""coordinates"":[[[148.951306169855,-23.2323858361776],[148.951201181576,-23.2317752081712],[148.951854134703,-23.2316404522972],[149.008653569581,-23.2627039422353],[149.008832500418,-23.2633107061864],[149.008181362782,-23.2634939216557],[148.968312839092,-23.2445439263558],[148.968237322729,-23.2444994924234],[148.951306169855,-23.2323858361776]]]}","{""OBJECTID"":910960,""EVENT_ID"":""26CA10781"",""TYPE"":""UNPLANNED"",""STATUS"":""Outage reported"",""CUSTOMERS_AFFECTED"":4,""SUBURBS"":""BLUFF, JELLINBAH"",""STREETS"":""OFF YARRABEE RD, SCRUBBEE RD"",""START"":1790422366000,""FINISH"":null,""EST_FIX_TIME"":null,""REASON"":""The loss of supply is due to damage requiring emergency repairs. "",""CRC"":""EB7362F5"",""EXTRACTED"":1790438424343,""SHAPE__Area"":1904255.4453125,""SHAPE__Length"":15055.160731803087}"
2026-09-26T19:30:52Z,2026-09-27T05:30:52+10:00,au.qld.ergon,Ergon Energy,au.qld.ergon|unplanned|910959,910959,unplanned,Crews on route,The loss of supply is due to damage requiring emergency repairs.,51,true,"BANANA, BILOELA, PROSPECT, THANGOOL","BATHS RD, CAMBOON RD, CROWSDALE CAMBOON RD, CROWSDALE RD, DRUMBURLE RD, FRAWLEYS RD, KENT RD, SHAWLANDS RD, ZIEBARTHS RD",2026-09-26T14:31:11Z,,150.4508545,-24.5963505,Banana Shire,370,https://services.arcgis.com/33eHbTVqo7gtiCE8/arcgis/rest/services/VwErgonOutages/FeatureServer/0,Polygon,"{""type"":""Polygon"",""coordinates"":[[[150.404646852883,-24.5049219169147],[150.404663088208,-24.5047401367537],[150.424859876476,-24.4416792204571],[150.425626165414,-24.4414439997809],[150.443999569605,-24.4539297611246],[150.444070530604,-24.4539885770375],[150.472783803625,-24.4829000693057],[150.472909363141,-24.4831572032445],[150.497285906648,-24.6991676347277],[150.497254014983,-24.6993796320712],[150.485577036911,-24.726382840973],[150.485332324088,-24.7266233119175],[150.437929610291,-24.7474894971127],[150.437225263396,-24.7471384148826],[150.404646852883,-24.5049219169147]]]}","{""OBJECTID"":910959,""EVENT_ID"":""26CA10780"",""TYPE"":""UNPLANNED"",""STATUS"":""Crews on route"",""CUSTOMERS_AFFECTED"":51,""SUBURBS"":""BANANA, BILOELA, PROSPECT, THANGOOL"",""STREETS"":""BATHS RD, CAMBOON RD, CROWSDALE CAMBOON RD, CROWSDALE RD, DRUMBURLE RD, FRAWLEYS RD, KENT RD, SHAWLANDS RD, ZIEBARTHS RD"",""START"":1790433071000,""FINISH"":null,""EST_FIX_TIME"":null,""REASON"":""The loss of supply is due to damage requiring emergency repairs. "",""CRC"":""0E573540"",""EXTRACTED"":1790450405324,""SHAPE__Area"":249424175.234375,""SHAPE__Length"":81550.81838206077}"
2026-09-26T19:30:52Z,2026-09-27T05:30:52+10:00,au.qld.ergon,Ergon Energy,au.qld.ergon|unplanned|910960,910960,unplanned,Crews working on-site,The loss of supply is due to damage requiring emergency repairs.,4,true,"BLUFF, JELLINBAH","OFF YARRABEE RD, SCRUBBEE RD",2026-09-26T11:32:46Z,,148.9776581,-23.2471258,Central Highlands Regional,2270,https://services.arcgis.com/33eHbTVqo7gtiCE8/arcgis/rest/services/VwErgonOutages/FeatureServer/0,Polygon,"{""type"":""Polygon"",""coordinates"":[[[148.951306169855,-23.2323858361776],[148.951201181576,-23.2317752081712],[148.951854134703,-23.2316404522972],[149.008653569581,-23.2627039422353],[149.008832500418,-23.2633107061864],[149.008181362782,-23.2634939216557],[148.968312839092,-23.2445439263558],[148.968237322729,-23.2444994924234],[148.951306169855,-23.2323858361776]]]}","{""OBJECTID"":910960,""EVENT_ID"":""26CA10781"",""TYPE"":""UNPLANNED"",""STATUS"":""Outage reported"",""CUSTOMERS_AFFECTED"":4,""SUBURBS"":""BLUFF, JELLINBAH"",""STREETS"":""OFF YARRABEE RD, SCRUBBEE RD"",""START"":1790422366000,""FINISH"":null,""EST_FIX_TIME"":null,""REASON"":""The loss of supply is due to damage requiring emergency repairs. "",""CRC"":""EB7362F5"",""EXTRACTED"":1790438424343,""SHAPE__Area"":1904255.4453125,""SHAPE__Length"":15055.160731803087}"
2026-09-26T19:45:40Z,2026-09-27T05:45:40+10:00,au.qld.ergon,Ergon Energy,au.qld.ergon|unplanned|910959,910959,unplanned,Crews on route,The loss of supply is due to damage requiring emergency repairs.,51,true,"BANANA, BILOELA, PROSPECT, THANGOOL","BATHS RD, CAMBOON RD, CROWSDALE CAMBOON RD, CROWSDALE RD, DRUMBURLE RD, FRAWLEYS RD, KENT RD, SHAWLANDS RD, ZIEBARTHS RD",2026-09-26T14:31:11Z,,150.4508545,-24.5963505,Banana Shire,370,https://services.arcgis.com/33eHbTVqo7gtiCE8/arcgis/rest/services/VwErgonOutages/FeatureServer/0,Polygon,"{""type"":""Polygon"",""coordinates"":[[[150.404646852883,-24.5049219169147],[150.404663088208,-24.5047401367537],[150.424859876476,-24.4416792204571],[150.425626165414,-24.4414439997809],[150.443999569605,-24.4539297611246],[150.444070530604,-24.4539885770375],[150.472783803625,-24.4829000693057],[150.472909363141,-24.4831572032445],[150.497285906648,-24.6991676347277],[150.497254014983,-24.6993796320712],[150.485577036911,-24.726382840973],[150.485332324088,-24.7266233119175],[150.437929610291,-24.7474894971127],[150.437225263396,-24.7471384148826],[150.404646852883,-24.5049219169147]]]}","{""OBJECTID"":910959,""EVENT_ID"":""26CA10780"",""TYPE"":""UNPLANNED"",""STATUS"":""Crews on route"",""CUSTOMERS_AFFECTED"":51,""SUBURBS"":""BANANA, BILOELA, PROSPECT, THANGOOL"",""STREETS"":""BATHS RD, CAMBOON RD, CROWSDALE CAMBOON RD, CROWSDALE RD, DRUMBURLE RD, FRAWLEYS RD, KENT RD, SHAWLANDS RD, ZIEBARTHS RD"",""START"":1790433071000,""FINISH"":null,""EST_FIX_TIME"":null,""REASON"":""The loss of supply is due to damage requiring emergency repairs. "",""CRC"":""0E573540"",""EXTRACTED"":1790450405324,""SHAPE__Area"":249424175.234375,""SHAPE__Length"":81550.81838206077}"
2026-09-26T19:45:40Z,2026-09-27T05:45:40+10:00,au.qld.ergon,Ergon Energy,au.qld.ergon|unplanned|910960,910960,unplanned,Crews working on-site,The loss of supply is due to damage requiring emergency repairs.,4,true,"BLUFF, JELLINBAH","OFF YARRABEE RD, SCRUBBEE RD",2026-09-26T11:32:46Z,,148.9776581,-23.2471258,Central Highlands Regional,2270,https://services.arcgis.com/33eHbTVqo7gtiCE8/arcgis/rest/services/VwErgonOutages/FeatureServer/0,Polygon,"{""type"":""Polygon"",""coordinates"":[[[148.951306169855,-23.2323858361776],[148.951201181576,-23.2317752081712],[148.951854134703,-23.2316404522972],[149.008653569581,-23.2627039422353],[149.008832500418,-23.2633107061864],[149.008181362782,-23.2634939216557],[148.968312839092,-23.2445439263558],[148.968237322729,-23.2444994924234],[148.951306169855,-23.2323858361776]]]}","{""OBJECTID"":910960,""EVENT_ID"":""26CA10781"",""TYPE"":""UNPLANNED"",""STATUS"":""Outage reported"",""CUSTOMERS_AFFECTED"":4,""SUBURBS"":""BLUFF, JELLINBAH"",""STREETS"":""OFF YARRABEE RD, SCRUBBEE RD"",""START"":1790422366000,""FINISH"":null,""EST_FIX_TIME"":null,""REASON"":""The loss of supply is due to damage requiring emergency repairs. "",""CRC"":""EB7362F5"",""EXTRACTED"":1790438424343,""SHAPE__Area"":1904255.4453125,""SHAPE__Length"":15055.160731803087}"
2026-09-26T20:00:55Z,2026-09-27T06:00:55+10:00,au.qld.ergon,Ergon Energy,au.qld.ergon|unplanned|910959,910959,unplanned,Crews on route,The loss of supply is due to damage requiring emergency repairs.,51,true,"BANANA, BILOELA, PROSPECT, THANGOOL","BATHS RD, CAMBOON RD, CROWSDALE CAMBOON RD, CROWSDALE RD, DRUMBURLE RD, FRAWLEYS RD, KENT RD, SHAWLANDS RD, ZIEBARTHS RD",2026-09-26T14:31:11Z,,150.4508545,-24.5963505,Banana Shire,370,https://services.arcgis.com/33eHbTVqo7gtiCE8/arcgis/rest/services/VwErgonOutages/FeatureServer/0,Polygon,"{""type"":""Polygon"",""coordinates"":[[[150.404646852883,-24.5049219169147],[150.404663088208,-24.5047401367537],[150.424859876476,-24.4416792204571],[150.425626165414,-24.4414439997809],[150.443999569605,-24.4539297611246],[150.444070530604,-24.4539885770375],[150.472783803625,-24.4829000693057],[150.472909363141,-24.4831572032445],[150.497285906648,-24.6991676347277],[150.497254014983,-24.6993796320712],[150.485577036911,-24.726382840973],[150.485332324088,-24.7266233119175],[150.437929610291,-24.7474894971127],[150.437225263396,-24.7471384148826],[150.404646852883,-24.5049219169147]]]}","{""OBJECTID"":910959,""EVENT_ID"":""26CA10780"",""TYPE"":""UNPLANNED"",""STATUS"":""Crews on route"",""CUSTOMERS_AFFECTED"":51,""SUBURBS"":""BANANA, BILOELA, PROSPECT, THANGOOL"",""STREETS"":""BATHS RD, CAMBOON RD, CROWSDALE CAMBOON RD, CROWSDALE RD, DRUMBURLE RD, FRAWLEYS RD, KENT RD, SHAWLANDS RD, ZIEBARTHS RD"",""START"":1790433071000,""FINISH"":null,""EST_FIX_TIME"":null,""REASON"":""The loss of supply is due to damage requiring emergency repairs. "",""CRC"":""0E573540"",""EXTRACTED"":1790450405324,""SHAPE__Area"":249424175.234375,""SHAPE__Length"":81550.81838206077}"
2026-09-26T20:00:55Z,2026-09-27T06:00:55+10:00,au.qld.ergon,Ergon Energy,au.qld.ergon|unplanned|910960,910960,unplanned,Crews working on-site,The loss of supply is due to damage requiring emergency repairs.,4,true,"BLUFF, JELLINBAH","OFF YARRABEE RD, SCRUBBEE RD",2026-09-26T11:32:46Z,,148.9776581,-23.2471258,Central Highlands Regional,2270,https://services.arcgis.com/33eHbTVqo7gtiCE8/arcgis/rest/services/VwErgonOutages/FeatureServer/0,Polygon,"{""type"":""Polygon"",""coordinates"":[[[148.951306169855,-23.2323858361776],[148.951201181576,-23.2317752081712],[148.951854134703,-23.2316404522972],[149.008653569581,-23.2627039422353],[149.008832500418,-23.2633107061864],[149.008181362782,-23.2634939216557],[148.968312839092,-23.2445439263558],[148.968237322729,-23.2444994924234],[148.951306169855,-23.2323858361776]]]}","{""OBJECTID"":910960,""EVENT_ID"":""26CA10781"",""TYPE"":""UNPLANNED"",""STATUS"":""Outage reported"",""CUSTOMERS_AFFECTED"":4,""SUBURBS"":""BLUFF, JELLINBAH"",""STREETS"":""OFF YARRABEE RD, SCRUBBEE RD"",""START"":1790422366000,""FINISH"":null,""EST_FIX_TIME"":null,""REASON"":""The loss of supply is due to damage requiring emergency repairs. "",""CRC"":""83B2FCA2"",""EXTRACTED"":1790451905188,""SHAPE__Area"":1904255.4453125,""SHAPE__Length"":15055.160731803087}"
2026-09-26T20:15:40Z,2026-09-27T06:15:40+10:00,au.qld.ergon,Ergon Energy,au.qld.ergon|unplanned|910959,910959,unplanned,Crews on route,The loss of supply is due to damage requiring emergency repairs.,51,true,"BANANA, BILOELA, PROSPECT, THANGOOL","BATHS RD, CAMBOON RD, CROWSDALE CAMBOON RD, CROWSDALE RD, DRUMBURLE RD, FRAWLEYS RD, KENT RD, SHAWLANDS RD, ZIEBARTHS RD",2026-09-26T14:31:11Z,,150.4508545,-24.5963505,Banana Shire,370,https://services.arcgis.com/33eHbTVqo7gtiCE8/arcgis/rest/services/VwErgonOutages/FeatureServer/0,Polygon,"{""type"":""Polygon"",""coordinates"":[[[150.404646852883,-24.5049219169147],[150.404663088208,-24.5047401367537],[150.424859876476,-24.4416792204571],[150.425626165414,-24.4414439997809],[150.443999569605,-24.4539297611246],[150.444070530604,-24.4539885770375],[150.472783803625,-24.4829000693057],[150.472909363141,-24.4831572032445],[150.497285906648,-24.6991676347277],[150.497254014983,-24.6993796320712],[150.485577036911,-24.726382840973],[150.485332324088,-24.7266233119175],[150.437929610291,-24.7474894971127],[150.437225263396,-24.7471384148826],[150.404646852883,-24.5049219169147]]]}","{""OBJECTID"":910959,""EVENT_ID"":""26CA10780"",""TYPE"":""UNPLANNED"",""STATUS"":""Crews on route"",""CUSTOMERS_AFFECTED"":51,""SUBURBS"":""BANANA, BILOELA, PROSPECT, THANGOOL"",""STREETS"":""BATHS RD, CAMBOON RD, CROWSDALE CAMBOON RD, CROWSDALE RD, DRUMBURLE RD, FRAWLEYS RD, KENT RD, SHAWLANDS RD, ZIEBARTHS RD"",""START"":1790433071000,""FINISH"":null,""EST_FIX_TIME"":null,""REASON"":""The loss of supply is due to damage requiring emergency repairs. "",""CRC"":""0E573540"",""EXTRACTED"":1790450405324,""SHAPE__Area"":249424175.234375,""SHAPE__Length"":81550.81838206077}"
2026-09-26T20:15:40Z,2026-09-27T06:15:40+10:00,au.qld.ergon,Ergon Energy,au.qld.ergon|unplanned|910960,910960,unplanned,Crews working on-site,The loss of supply is due to damage requiring emergency repairs.,4,true,"BLUFF, JELLINBAH","OFF YARRABEE RD, SCRUBBEE RD",2026-09-26T11:32:46Z,,148.9776581,-23.2471258,Central Highlands Regional,2270,https://services.arcgis.com/33eHbTVqo7gtiCE8/arcgis/rest/services/VwErgonOutages/FeatureServer/0,Polygon,"{""type"":""Polygon"",""coordinates"":[[[148.951306169855,-23.2323858361776],[148.951201181576,-23.2317752081712],[148.951854134703,-23.2316404522972],[149.008653569581,-23.2627039422353],[149.008832500418,-23.2633107061864],[149.008181362782,-23.2634939216557],[148.968312839092,-23.2445439263558],[148.968237322729,-23.2444994924234],[148.951306169855,-23.2323858361776]]]}","{""OBJECTID"":910960,""EVENT_ID"":""26CA10781"",""TYPE"":""UNPLANNED"",""STATUS"":""Crews on route"",""CUSTOMERS_AFFECTED"":4,""SUBURBS"":""BLUFF, JELLINBAH"",""STREETS"":""OFF YARRABEE RD, SCRUBBEE RD"",""START"":1790422366000,""FINISH"":null,""EST_FIX_TIME"":null,""REASON"":""The loss of supply is due to damage requiring emergency repairs. "",""CRC"":""2F9F410E"",""EXTRACTED"":1790453404917,""SHAPE__Area"":1904255.4453125,""SHAPE__Length"":15055.160731803087}"
2026-09-26T20:30:49Z,2026-09-27T06:30:49+10:00,au.qld.ergon,Ergon Energy,au.qld.ergon|unplanned|910959,910959,unplanned,Crews on route,The loss of supply is due to damage requiring emergency repairs.,51,true,"BANANA, BILOELA, PROSPECT, THANGOOL","BATHS RD, CAMBOON RD, CROWSDALE CAMBOON RD, CROWSDALE RD, DRUMBURLE RD, FRAWLEYS RD, KENT RD, SHAWLANDS RD, ZIEBARTHS RD",2026-09-26T14:31:11Z,,150.4508545,-24.5963505,Banana Shire,370,https://services.arcgis.com/33eHbTVqo7gtiCE8/arcgis/rest/services/VwErgonOutages/FeatureServer/0,Polygon,"{""type"":""Polygon"",""coordinates"":[[[150.404646852883,-24.5049219169147],[150.404663088208,-24.5047401367537],[150.424859876476,-24.4416792204571],[150.425626165414,-24.4414439997809],[150.443999569605,-24.4539297611246],[150.444070530604,-24.4539885770375],[150.472783803625,-24.4829000693057],[150.472909363141,-24.4831572032445],[150.497285906648,-24.6991676347277],[150.497254014983,-24.6993796320712],[150.485577036911,-24.726382840973],[150.485332324088,-24.7266233119175],[150.437929610291,-24.7474894971127],[150.437225263396,-24.7471384148826],[150.404646852883,-24.5049219169147]]]}","{""OBJECTID"":910959,""EVENT_ID"":""26CA10780"",""TYPE"":""UNPLANNED"",""STATUS"":""Crews on route"",""CUSTOMERS_AFFECTED"":51,""SUBURBS"":""BANANA, BILOELA, PROSPECT, THANGOOL"",""STREETS"":""BATHS RD, CAMBOON RD, CROWSDALE CAMBOON RD, CROWSDALE RD, DRUMBURLE RD, FRAWLEYS RD, KENT RD, SHAWLANDS RD, ZIEBARTHS RD"",""START"":1790433071000,""FINISH"":null,""EST_FIX_TIME"":null,""REASON"":""The loss of supply is due to damage requiring emergency repairs. "",""CRC"":""0E573540"",""EXTRACTED"":1790450405324,""SHAPE__Area"":249424175.234375,""SHAPE__Length"":81550.81838206077}"
2026-09-26T20:30:49Z,2026-09-27T06:30:49+10:00,au.qld.ergon,Ergon Energy,au.qld.ergon|unplanned|910960,910960,unplanned,Crews working on-site,The loss of supply is due to damage requiring emergency repairs.,4,true,"BLUFF, JELLINBAH","OFF YARRABEE RD, SCRUBBEE RD",2026-09-26T11:32:46Z,,148.9776581,-23.2471258,Central Highlands Regional,2270,https://services.arcgis.com/33eHbTVqo7gtiCE8/arcgis/rest/services/VwErgonOutages/FeatureServer/0,Polygon,"{""type"":""Polygon"",""coordinates"":[[[148.951306169855,-23.2323858361776],[148.951201181576,-23.2317752081712],[148.951854134703,-23.2316404522972],[149.008653569581,-23.2627039422353],[149.008832500418,-23.2633107061864],[149.008181362782,-23.2634939216557],[148.968312839092,-23.2445439263558],[148.968237322729,-23.2444994924234],[148.951306169855,-23.2323858361776]]]}","{""OBJECTID"":910960,""EVENT_ID"":""26CA10781"",""TYPE"":""UNPLANNED"",""STATUS"":""Crews on route"",""CUSTOMERS_AFFECTED"":4,""SUBURBS"":""BLUFF, JELLINBAH"",""STREETS"":""OFF YARRABEE RD, SCRUBBEE RD"",""START"":1790422366000,""FINISH"":null,""EST_FIX_TIME"":null,""REASON"":""The loss of supply is due to damage requiring emergency repairs. "",""CRC"":""2F9F410E"",""EXTRACTED"":1790453404917,""SHAPE__Area"":1904255.4453125,""SHAPE__Length"":15055.160731803087}"
2026-09-26T20:45:43Z,2026-09-27T06:45:43+10:00,au.qld.ergon,Ergon Energy,au.qld.ergon|unplanned|910960,910960,unplanned,Crews working on-site,The loss of supply is due to damage requiring emergency repairs.,4,true,"BLUFF, JELLINBAH","OFF YARRABEE RD, SCRUBBEE RD",2026-09-26T11:32:46Z,,148.9776581,-23.2471258,Central Highlands Regional,2270,https://services.arcgis.com/33eHbTVqo7gtiCE8/arcgis/rest/services/VwErgonOutages/FeatureServer/0,Polygon,"{""type"":""Polygon"",""coordinates"":[[[148.951306169855,-23.2323858361776],[148.951201181576,-23.2317752081712],[148.951854134703,-23.2316404522972],[149.008653569581,-23.2627039422353],[149.008832500418,-23.2633107061864],[149.008181362782,-23.2634939216557],[148.968312839092,-23.2445439263558],[148.968237322729,-23.2444994924234],[148.951306169855,-23.2323858361776]]]}","{""OBJECTID"":910960,""EVENT_ID"":""26CA10781"",""TYPE"":""UNPLANNED"",""STATUS"":""Crews on route"",""CUSTOMERS_AFFECTED"":4,""SUBURBS"":""BLUFF, JELLINBAH"",""STREETS"":""OFF YARRABEE RD, SCRUBBEE RD"",""START"":1790422366000,""FINISH"":null,""EST_FIX_TIME"":null,""REASON"":""The loss of supply is due to damage requiring emergency repairs. "",""CRC"":""2F9F410E"",""EXTRACTED"":1790453404917,""SHAPE__Area"":1904255.4453125,""SHAPE__Length"":15055.160731803087}"
2026-09-26T21:00:58Z,2026-09-27T07:00:58+10:00,au.qld.ergon,Ergon Energy,au.qld.ergon|unplanned|910960,910960,unplanned,Crews working on-site,The loss of supply is due to damage requiring emergency repairs.,4,true,"BLUFF, JELLINBAH","OFF YARRABEE RD, SCRUBBEE RD",2026-09-26T11:32:46Z,,148.9776581,-23.2471258,Central Highlands Regional,2270,https://services.arcgis.com/33eHbTVqo7gtiCE8/arcgis/rest/services/VwErgonOutages/FeatureServer/0,Polygon,"{""type"":""Polygon"",""coordinates"":[[[148.951306169855,-23.2323858361776],[148.951201181576,-23.2317752081712],[148.951854134703,-23.2316404522972],[149.008653569581,-23.2627039422353],[149.008832500418,-23.2633107061864],[149.008181362782,-23.2634939216557],[148.968312839092,-23.2445439263558],[148.968237322729,-23.2444994924234],[148.951306169855,-23.2323858361776]]]}","{""OBJECTID"":910960,""EVENT_ID"":""26CA10781"",""TYPE"":""UNPLANNED"",""STATUS"":""Crews on route"",""CUSTOMERS_AFFECTED"":4,""SUBURBS"":""BLUFF, JELLINBAH"",""STREETS"":""OFF YARRABEE RD, SCRUBBEE RD"",""START"":1790422366000,""FINISH"":null,""EST_FIX_TIME"":null,""REASON"":""The loss of supply is due to damage requiring emergency repairs. "",""CRC"":""2F9F410E"",""EXTRACTED"":1790453404917,""SHAPE__Area"":1904255.4453125,""SHAPE__Length"":15055.160731803087}"
2026-09-26T21:15:39Z,2026-09-27T07:15:39+10:00,au.qld.ergon,Ergon Energy,au.qld.ergon|unplanned|910960,910960,unplanned,Crews working on-site,The loss of supply is due to damage requiring emergency repairs.,4,true,"BLUFF, JELLINBAH","OFF YARRABEE RD, SCRUBBEE RD",2026-09-26T11:32:46Z,,148.9776581,-23.2471258,Central Highlands Regional,2270,https://services.arcgis.com/33eHbTVqo7gtiCE8/arcgis/rest/services/VwErgonOutages/FeatureServer/0,Polygon,"{""type"":""Polygon"",""coordinates"":[[[148.951306169855,-23.2323858361776],[148.951201181576,-23.2317752081712],[148.951854134703,-23.2316404522972],[149.008653569581,-23.2627039422353],[149.008832500418,-23.2633107061864],[149.008181362782,-23.2634939216557],[148.968312839092,-23.2445439263558],[148.968237322729,-23.2444994924234],[148.951306169855,-23.2323858361776]]]}","{""OBJECTID"":910960,""EVENT_ID"":""26CA10781"",""TYPE"":""UNPLANNED"",""STATUS"":""Crews working on-site"",""CUSTOMERS_AFFECTED"":4,""SUBURBS"":""BLUFF, JELLINBAH"",""STREETS"":""OFF YARRABEE RD, SCRUBBEE RD"",""START"":1790422366000,""FINISH"":null,""EST_FIX_TIME"":null,""REASON"":""The loss of supply is due to damage requiring emergency repairs. "",""CRC"":""D7AF8B25"",""EXTRACTED"":1790457004039,""SHAPE__Area"":1904255.4453125,""SHAPE__Length"":15055.160731803087}"
2026-09-26T21:30:48Z,2026-09-27T07:30:48+10:00,au.qld.ergon,Ergon Energy,au.qld.ergon|unplanned|910960,910960,unplanned,Crews working on-site,The loss of supply is due to damage requiring emergency repairs.,4,true,"BLUFF, JELLINBAH","OFF YARRABEE RD, SCRUBBEE RD",2026-09-26T11:32:46Z,,148.9776581,-23.2471258,Central Highlands Regional,2270,https://services.arcgis.com/33eHbTVqo7gtiCE8/arcgis/rest/services/VwErgonOutages/FeatureServer/0,Polygon,"{""type"":""Polygon"",""coordinates"":[[[148.951306169855,-23.2323858361776],[148.951201181576,-23.2317752081712],[148.951854134703,-23.2316404522972],[149.008653569581,-23.2627039422353],[149.008832500418,-23.2633107061864],[149.008181362782,-23.2634939216557],[148.968312839092,-23.2445439263558],[148.968237322729,-23.2444994924234],[148.951306169855,-23.2323858361776]]]}","{""OBJECTID"":910960,""EVENT_ID"":""26CA10781"",""TYPE"":""UNPLANNED"",""STATUS"":""Crews working on-site"",""CUSTOMERS_AFFECTED"":4,""SUBURBS"":""BLUFF, JELLINBAH"",""STREETS"":""OFF YARRABEE RD, SCRUBBEE RD"",""START"":1790422366000,""FINISH"":null,""EST_FIX_TIME"":null,""REASON"":""The loss of supply is due to damage requiring emergency repairs. "",""CRC"":""D7AF8B25"",""EXTRACTED"":1790457004039,""SHAPE__Area"":1904255.4453125,""SHAPE__Length"":15055.160731803087}"
2026-09-26T21:45:37Z,2026-09-27T07:45:37+10:00,au.qld.ergon,Ergon Energy,au.qld.ergon|unplanned|910960,910960,unplanned,Crews working on-site,The loss of supply is due to damage requiring emergency repairs.,4,true,"BLUFF, JELLINBAH","OFF YARRABEE RD, SCRUBBEE RD",2026-09-26T11:32:46Z,,148.9776581,-23.2471258,Central Highlands Regional,2270,https://services.arcgis.com/33eHbTVqo7gtiCE8/arcgis/rest/services/VwErgonOutages/FeatureServer/0,Polygon,"{""type"":""Polygon"",""coordinates"":[[[148.951306169855,-23.2323858361776],[148.951201181576,-23.2317752081712],[148.951854134703,-23.2316404522972],[149.008653569581,-23.2627039422353],[149.008832500418,-23.2633107061864],[149.008181362782,-23.2634939216557],[148.968312839092,-23.2445439263558],[148.968237322729,-23.2444994924234],[148.951306169855,-23.2323858361776]]]}","{""OBJECTID"":910960,""EVENT_ID"":""26CA10781"",""TYPE"":""UNPLANNED"",""STATUS"":""Crews working on-site"",""CUSTOMERS_AFFECTED"":4,""SUBURBS"":""BLUFF, JELLINBAH"",""STREETS"":""OFF YARRABEE RD, SCRUBBEE RD"",""START"":1790422366000,""FINISH"":null,""EST_FIX_TIME"":null,""REASON"":""The loss of supply is due to damage requiring emergency repairs. "",""CRC"":""D7AF8B25"",""EXTRACTED"":1790457004039,""SHAPE__Area"":1904255.4453125,""SHAPE__Length"":15055.160731803087}"
2026-09-26T22:00:54Z,2026-09-27T08:00:54+10:00,au.qld.ergon,Ergon Energy,au.qld.ergon|unplanned|910965,910965,unplanned,Crews on route,The loss of supply is due to damage requiring emergency repairs. Fault finding is in progress.,74,true,BILOELA,"EARLSFIELD ST, KOOINGAL CT, RAGLAN ST, SPIER ST, WOOLEIN CRES",2026-09-26T21:18:08Z,,150.5238139,-24.3975050,Banana Shire,370,https://services.arcgis.com/33eHbTVqo7gtiCE8/arcgis/rest/services/VwErgonOutages/FeatureServer/0,Polygon,"{""type"":""Polygon"",""coordinates"":[[[150.520994907609,-24.3972776023674],[150.521282751972,-24.3967932394355],[150.521843071949,-24.396567518958],[150.521955174256,-24.3965363080259],[150.523953828646,-24.3962110470909],[150.523960161736,-24.3962100553955],[150.524978975578,-24.3960567755012],[150.525031171477,-24.3960515213473],[150.52524105661,-24.3960407220501],[150.525301344099,-24.3960410058292],[150.526468976452,-24.3961121143492],[150.526810001311,-24.3968555513528],[150.525573033873,-24.3981761726822],[150.525526821804,-24.3982192919415],[150.52531209397,-24.3983944588218],[150.525231011851,-24.3984481351802],[150.523481381767,-24.3993743429942],[150.522918961669,-24.3993297251819],[150.521320970286,-24.3981047125072],[150.521177588715,-24.3979211071402],[150.521076593926,-24.3976810949185],[150.521049919177,-24.3975906146012],[150.520994907609,-24.3972776023674]]]}","{""OBJECTID"":910965,""EVENT_ID"":""26CA10783"",""TYPE"":""UNPLANNED"",""STATUS"":""Crews on route"",""CUSTOMERS_AFFECTED"":74,""SUBURBS"":""BILOELA"",""STREETS"":""EARLSFIELD ST, KOOINGAL CT, RAGLAN ST, SPIER ST, WOOLEIN CRES"",""START"":1790457488000,""FINISH"":null,""EST_FIX_TIME"":null,""REASON"":""The loss of supply is due to damage requiring emergency repairs. Fault finding is in progress."",""CRC"":""9F47689A"",""EXTRACTED"":1790459703601,""SHAPE__Area"":172642.75390625,""SHAPE__Length"":1647.5673353248214}"
2026-09-26T22:00:54Z,2026-09-27T08:00:54+10:00,au.qld.ergon,Ergon Energy,au.qld.ergon|unplanned|910960,910960,unplanned,Crews working on-site,The loss of supply is due to damage requiring emergency repairs.,4,true,"BLUFF, JELLINBAH","OFF YARRABEE RD, SCRUBBEE RD",2026-09-26T11:32:46Z,,148.9776581,-23.2471258,Central Highlands Regional,2270,https://services.arcgis.com/33eHbTVqo7gtiCE8/arcgis/rest/services/VwErgonOutages/FeatureServer/0,Polygon,"{""type"":""Polygon"",""coordinates"":[[[148.951306169855,-23.2323858361776],[148.951201181576,-23.2317752081712],[148.951854134703,-23.2316404522972],[149.008653569581,-23.2627039422353],[149.008832500418,-23.2633107061864],[149.008181362782,-23.2634939216557],[148.968312839092,-23.2445439263558],[148.968237322729,-23.2444994924234],[148.951306169855,-23.2323858361776]]]}","{""OBJECTID"":910960,""EVENT_ID"":""26CA10781"",""TYPE"":""UNPLANNED"",""STATUS"":""Crews working on-site"",""CUSTOMERS_AFFECTED"":4,""SUBURBS"":""BLUFF, JELLINBAH"",""STREETS"":""OFF YARRABEE RD, SCRUBBEE RD"",""START"":1790422366000,""FINISH"":null,""EST_FIX_TIME"":null,""REASON"":""The loss of supply is due to damage requiring emergency repairs. "",""CRC"":""D7AF8B25"",""EXTRACTED"":1790457004039,""SHAPE__Area"":1904255.4453125,""SHAPE__Length"":15055.160731803087}"
2026-09-26T22:15:46Z,2026-09-27T08:15:46+10:00,au.qld.ergon,Ergon Energy,au.qld.ergon|unplanned|910965,910965,unplanned,Crews on route,The loss of supply is due to damage requiring emergency repairs. Fault finding is in progress.,74,true,BILOELA,"EARLSFIELD ST, KOOINGAL CT, RAGLAN ST, SPIER ST, WOOLEIN CRES",2026-09-26T21:18:08Z,,150.5238139,-24.3975050,Banana Shire,370,https://services.arcgis.com/33eHbTVqo7gtiCE8/arcgis/rest/services/VwErgonOutages/FeatureServer/0,Polygon,"{""type"":""Polygon"",""coordinates"":[[[150.520994907609,-24.3972776023674],[150.521282751972,-24.3967932394355],[150.521843071949,-24.396567518958],[150.521955174256,-24.3965363080259],[150.523953828646,-24.3962110470909],[150.523960161736,-24.3962100553955],[150.524978975578,-24.3960567755012],[150.525031171477,-24.3960515213473],[150.52524105661,-24.3960407220501],[150.525301344099,-24.3960410058292],[150.526468976452,-24.3961121143492],[150.526810001311,-24.3968555513528],[150.525573033873,-24.3981761726822],[150.525526821804,-24.3982192919415],[150.52531209397,-24.3983944588218],[150.525231011851,-24.3984481351802],[150.523481381767,-24.3993743429942],[150.522918961669,-24.3993297251819],[150.521320970286,-24.3981047125072],[150.521177588715,-24.3979211071402],[150.521076593926,-24.3976810949185],[150.521049919177,-24.3975906146012],[150.520994907609,-24.3972776023674]]]}","{""OBJECTID"":910965,""EVENT_ID"":""26CA10783"",""TYPE"":""UNPLANNED"",""STATUS"":""Crews on route"",""CUSTOMERS_AFFECTED"":74,""SUBURBS"":""BILOELA"",""STREETS"":""EARLSFIELD ST, KOOINGAL CT, RAGLAN ST, SPIER ST, WOOLEIN CRES"",""START"":1790457488000,""FINISH"":null,""EST_FIX_TIME"":null,""REASON"":""The loss of supply is due to damage requiring emergency repairs. Fault finding is in progress."",""CRC"":""9F47689A"",""EXTRACTED"":1790459703601,""SHAPE__Area"":172642.75390625,""SHAPE__Length"":1647.5673353248214}"
2026-09-27T00:00:58Z,2026-09-27T10:00:58+10:00,au.qld.ergon,Ergon Energy,au.qld.ergon|unplanned|911000,911000,unplanned,Crews working on-site,The loss of supply is due to damage requiring emergency repairs. Fault finding is in progress.,17,true,MALANDA,"FIGTREE CL, ROSEWOOD CL",2026-09-26T23:26:43Z,,145.6297697,-17.3427268,Tablelands Regional,6820,https://services.arcgis.com/33eHbTVqo7gtiCE8/arcgis/rest/services/VwErgonOutages/FeatureServer/0,Polygon,"{""type"":""Polygon"",""coordinates"":[[[145.627149726323,-17.3433260592224],[145.627145342735,-17.3431360396916],[145.627408720108,-17.3418190361161],[145.627780370104,-17.3414608320575],[145.631474416532,-17.340766332408],[145.631824281442,-17.3408328514979],[145.63266485177,-17.3413666170339],[145.632871726388,-17.3418031914842],[145.632768652708,-17.3425462958373],[145.632573833097,-17.3428556229162],[145.631656301698,-17.3434783965615],[145.631597479938,-17.343512427766],[145.628413722032,-17.3450622795635],[145.628121748159,-17.3451046353141],[145.627875050363,-17.345064138309],[145.627496668337,-17.3447235498049],[145.627149726323,-17.3433260592224]]]}","{""OBJECTID"":911000,""EVENT_ID"":""26FN9492"",""TYPE"":""UNPLANNED"",""STATUS"":""Crews on route"",""CUSTOMERS_AFFECTED"":17,""SUBURBS"":""MALANDA"",""STREETS"":""FIGTREE CL, ROSEWOOD CL"",""START"":1790465203000,""FINISH"":null,""EST_FIX_TIME"":null,""REASON"":""The loss of supply is due to damage requiring emergency repairs. Fault finding is in progress."",""CRC"":""1321A467"",""EXTRACTED"":1790466904532,""SHAPE__Area"":215567.830078125,""SHAPE__Length"":1810.8859436734942}"
2026-09-27T00:15:39Z,2026-09-27T10:15:39+10:00,au.qld.ergon,Ergon Energy,au.qld.ergon|unplanned|911000,911000,unplanned,Crews working on-site,The loss of supply is due to damage requiring emergency repairs. Fault finding is in progress.,17,true,MALANDA,"FIGTREE CL, ROSEWOOD CL",2026-09-26T23:26:43Z,,145.6297697,-17.3427268,Tablelands Regional,6820,https://services.arcgis.com/33eHbTVqo7gtiCE8/arcgis/rest/services/VwErgonOutages/FeatureServer/0,Polygon,"{""type"":""Polygon"",""coordinates"":[[[145.627149726323,-17.3433260592224],[145.627145342735,-17.3431360396916],[145.627408720108,-17.3418190361161],[145.627780370104,-17.3414608320575],[145.631474416532,-17.340766332408],[145.631824281442,-17.3408328514979],[145.63266485177,-17.3413666170339],[145.632871726388,-17.3418031914842],[145.632768652708,-17.3425462958373],[145.632573833097,-17.3428556229162],[145.631656301698,-17.3434783965615],[145.631597479938,-17.343512427766],[145.628413722032,-17.3450622795635],[145.628121748159,-17.3451046353141],[145.627875050363,-17.345064138309],[145.627496668337,-17.3447235498049],[145.627149726323,-17.3433260592224]]]}","{""OBJECTID"":911000,""EVENT_ID"":""26FN9492"",""TYPE"":""UNPLANNED"",""STATUS"":""Crews working on-site"",""CUSTOMERS_AFFECTED"":17,""SUBURBS"":""MALANDA"",""STREETS"":""FIGTREE CL, ROSEWOOD CL"",""START"":1790465203000,""FINISH"":null,""EST_FIX_TIME"":null,""REASON"":""The loss of supply is due to damage requiring emergency repairs. Fault finding is in progress."",""CRC"":""EB116E4C"",""EXTRACTED"":1790467804562,""SHAPE__Area"":215567.830078125,""SHAPE__Length"":1810.8859436734942}"
2026-09-27T00:30:49Z,2026-09-27T10:30:49+10:00,au.qld.ergon,Ergon Energy,au.qld.ergon|unplanned|911000,911000,unplanned,Crews working on-site,The loss of supply is due to damage requiring emergency repairs. Fault finding is in progress.,17,true,MALANDA,"FIGTREE CL, ROSEWOOD CL",2026-09-26T23:26:43Z,,145.6297697,-17.3427268,Tablelands Regional,6820,https://services.arcgis.com/33eHbTVqo7gtiCE8/arcgis/rest/services/VwErgonOutages/FeatureServer/0,Polygon,"{""type"":""Polygon"",""coordinates"":[[[145.627149726323,-17.3433260592224],[145.627145342735,-17.3431360396916],[145.627408720108,-17.3418190361161],[145.627780370104,-17.3414608320575],[145.631474416532,-17.340766332408],[145.631824281442,-17.3408328514979],[145.63266485177,-17.3413666170339],[145.632871726388,-17.3418031914842],[145.632768652708,-17.3425462958373],[145.632573833097,-17.3428556229162],[145.631656301698,-17.3434783965615],[145.631597479938,-17.343512427766],[145.628413722032,-17.3450622795635],[145.628121748159,-17.3451046353141],[145.627875050363,-17.345064138309],[145.627496668337,-17.3447235498049],[145.627149726323,-17.3433260592224]]]}","{""OBJECTID"":911000,""EVENT_ID"":""26FN9492"",""TYPE"":""UNPLANNED"",""STATUS"":""Crews working on-site"",""CUSTOMERS_AFFECTED"":17,""SUBURBS"":""MALANDA"",""STREETS"":""FIGTREE CL, ROSEWOOD CL"",""START"":1790465203000,""FINISH"":null,""EST_FIX_TIME"":null,""REASON"":""The loss of supply is due to damage requiring emergency repairs. Fault finding is in progress."",""CRC"":""EB116E4C"",""EXTRACTED"":1790467804562,""SHAPE__Area"":215567.830078125,""SHAPE__Length"":1810.8859436734942}"
2026-09-27T00:45:43Z,2026-09-27T10:45:43+10:00,au.qld.ergon,Ergon Energy,au.qld.ergon|unplanned|911000,911000,unplanned,Crews working on-site,The loss of supply is due to damage requiring emergency repairs. Fault finding is in progress.,17,true,MALANDA,"FIGTREE CL, ROSEWOOD CL",2026-09-26T23:26:43Z,,145.6297697,-17.3427268,Tablelands Regional,6820,https://services.arcgis.com/33eHbTVqo7gtiCE8/arcgis/rest/services/VwErgonOutages/FeatureServer/0,Polygon,"{""type"":""Polygon"",""coordinates"":[[[145.627149726323,-17.3433260592224],[145.627145342735,-17.3431360396916],[145.627408720108,-17.3418190361161],[145.627780370104,-17.3414608320575],[145.631474416532,-17.340766332408],[145.631824281442,-17.3408328514979],[145.63266485177,-17.3413666170339],[145.632871726388,-17.3418031914842],[145.632768652708,-17.3425462958373],[145.632573833097,-17.3428556229162],[145.631656301698,-17.3434783965615],[145.631597479938,-17.343512427766],[145.628413722032,-17.3450622795635],[145.628121748159,-17.3451046353141],[145.627875050363,-17.345064138309],[145.627496668337,-17.3447235498049],[145.627149726323,-17.3433260592224]]]}","{""OBJECTID"":911000,""EVENT_ID"":""26FN9492"",""TYPE"":""UNPLANNED"",""STATUS"":""Crews working on-site"",""CUSTOMERS_AFFECTED"":17,""SUBURBS"":""MALANDA"",""STREETS"":""FIGTREE CL, ROSEWOOD CL"",""START"":1790465203000,""FINISH"":null,""EST_FIX_TIME"":null,""REASON"":""The loss of supply is due to damage requiring emergency repairs. Fault finding is in progress."",""CRC"":""EB116E4C"",""EXTRACTED"":1790467804562,""SHAPE__Area"":215567.830078125,""SHAPE__Length"":1810.8859436734942}"
2026-09-27T00:45:43Z,2026-09-27T10:45:43+10:00,au.qld.essentialenergy,Essential Energy,au.qld.essentialenergy|unplanned|hash:46aeaa142ea0e575,,unplanned,,We are investigating,4,true,,,2026-09-26T21:56:19Z,2026-09-27T01:00:00Z,149.9296065,-28.4777546,Goondiwindi Regional,3610,https://www.essentialenergy.com.au/Assets/kmz/current.kml?dFdLgoAP,Polygon,"{""type"":""Polygon"",""coordinates"":[[[149.9450699,-28.51085603],[149.9450633,-28.51084463],[149.9268818,-28.47951538],[149.9268751,-28.47950374],[149.9268642,-28.47947942],[149.9268601,-28.47946686],[149.9180365,-28.45239496],[149.9180314,-28.45237929],[149.9180255,-28.45234711],[149.918024,-28.45231452],[149.918027,-28.45228202],[149.9180307,-28.45226605],[149.9187377,-28.44920165],[149.9187426,-28.44918024],[149.9187602,-28.44913938],[149.9187849,-28.44910154],[149.9188162,-28.44906768],[149.9188532,-28.4490387],[149.918895,-28.44901536],[149.9189405,-28.44899823],[149.9189885,-28.44898779],[149.9190131,-28.44898605],[149.9190378,-28.4489843],[149.9190871,-28.44898784],[149.9191351,-28.44899833],[149.9191805,-28.44901549],[149.9192223,-28.44903887],[149.9192593,-28.44906789],[149.9192905,-28.44910177],[149.9193152,-28.44913964],[149.9193239,-28.44916008],[149.9456223,-28.51062549],[149.9456274,-28.51063748],[149.9456351,-28.5106622],[149.94564,-28.51068744],[149.9456423,-28.51071299],[149.9456418,-28.51073862],[149.9456386,-28.51076409],[149.9456326,-28.51078917],[149.945624,-28.51081365],[149.9456128,-28.5108373],[149.9455991,-28.5108599],[149.9455831,-28.51088127],[149.9455649,-28.5109012],[149.9455446,-28.51091952],[149.9455224,-28.51093606],[149.9454986,-28.51095069],[149.9454733,-28.51096325],[149.9454601,-28.51096845],[149.9454468,-28.51097364],[149.9454193,-28.51098178],[149.945391,-28.51098758],[149.9453623,-28.510991],[149.9453333,-28.510992],[149.9453043,-28.51099058],[149.9452756,-28.51098673],[149.9452475,-28.51098052],[149.9452201,-28.51097198],[149.9451938,-28.5109612],[149.9451687,-28.51094826],[149.9451452,-28.51093331],[149.9451233,-28.51091643],[149.9451034,-28.51089783],[149.9450855,-28.51087763],[149.9450699,-28.51085603]]]}","{""raw_name"":null,""raw_style_url"":""#sw_1442837_normal_unplanned"",""raw_description_text"":""INCD-299720-qTime Off:27/09/2026 07:56:19Est. Time On:27/09/2026 11:00:00No. of Customers affected:4Reason:We are investigatingLast Updated:27/09/2026 10:41:16"",""raw_description_html_decoded"":""<h2>INCD-299720-q</h2><div style=\""overflow: hidden;\""><div><span>Time Off:</span>27/09/2026 07:56:19</div><div><span>Est. Time On:</span>27/09/2026 11:00:00</div></div><div><span>No. of Customers affected:</span>4</div><div><span>Reason:</span>We are investigating</div><div><span>Last Updated:</span>27/09/2026 10:41:16</div>"",""essential_in_qld_fallback_polygon"":true,""parsed_fields"":{""title"":""INCD-299720-q"",""incident"":""INCD-299720-q"",""status"":null,""reason"":""We are investigating"",""suburb"":null,""street_name"":null,""time_off_raw"":""27/09/2026 07:56:19"",""est_time_on_raw"":""27/09/2026 11:00:00"",""last_updated_raw"":""27/09/2026 10:41:16"",""start_utc"":""2026-09-26T21:56:19Z"",""etr_utc"":""2026-09-27T01:00:00Z"",""last_updated_utc"":""2026-09-27T00:41:16Z"",""affected_customers"":4}}"
2026-09-27T01:00:56Z,2026-09-27T11:00:56+10:00,au.qld.ergon,Ergon Energy,au.qld.ergon|unplanned|911000,911000,unplanned,Crews working on-site,The loss of supply is due to damage requiring emergency repairs. Fault finding is in progress.,17,true,MALANDA,"FIGTREE CL, ROSEWOOD CL",2026-09-26T23:26:43Z,,145.6297697,-17.3427268,Tablelands Regional,6820,https://services.arcgis.com/33eHbTVqo7gtiCE8/arcgis/rest/services/VwErgonOutages/FeatureServer/0,Polygon,"{""type"":""Polygon"",""coordinates"":[[[145.627149726323,-17.3433260592224],[145.627145342735,-17.3431360396916],[145.627408720108,-17.3418190361161],[145.627780370104,-17.3414608320575],[145.631474416532,-17.340766332408],[145.631824281442,-17.3408328514979],[145.63266485177,-17.3413666170339],[145.632871726388,-17.3418031914842],[145.632768652708,-17.3425462958373],[145.632573833097,-17.3428556229162],[145.631656301698,-17.3434783965615],[145.631597479938,-17.343512427766],[145.628413722032,-17.3450622795635],[145.628121748159,-17.3451046353141],[145.627875050363,-17.345064138309],[145.627496668337,-17.3447235498049],[145.627149726323,-17.3433260592224]]]}","{""OBJECTID"":911000,""EVENT_ID"":""26FN9492"",""TYPE"":""UNPLANNED"",""STATUS"":""Crews working on-site"",""CUSTOMERS_AFFECTED"":17,""SUBURBS"":""MALANDA"",""STREETS"":""FIGTREE CL, ROSEWOOD CL"",""START"":1790465203000,""FINISH"":null,""EST_FIX_TIME"":null,""REASON"":""The loss of supply is due to damage requiring emergency repairs. Fault finding is in progress."",""CRC"":""EB116E4C"",""EXTRACTED"":1790467804562,""SHAPE__Area"":215567.830078125,""SHAPE__Length"":1810.8859436734942}"
2026-09-27T01:00:56Z,2026-09-27T11:00:56+10:00,au.qld.essentialenergy,Essential Energy,au.qld.essentialenergy|unplanned|hash:46aeaa142ea0e575,,unplanned,,We are investigating,4,true,,,2026-09-26T21:56:19Z,2026-09-27T01:00:00Z,149.9296065,-28.4777546,Goondiwindi Regional,3610,https://www.essentialenergy.com.au/Assets/kmz/current.kml?dFdLgoAP,Polygon,"{""type"":""Polygon"",""coordinates"":[[[149.9450699,-28.51085603],[149.9450633,-28.51084463],[149.9268818,-28.47951538],[149.9268751,-28.47950374],[149.9268642,-28.47947942],[149.9268601,-28.47946686],[149.9180365,-28.45239496],[149.9180314,-28.45237929],[149.9180255,-28.45234711],[149.918024,-28.45231452],[149.918027,-28.45228202],[149.9180307,-28.45226605],[149.9187377,-28.44920165],[149.9187426,-28.44918024],[149.9187602,-28.44913938],[149.9187849,-28.44910154],[149.9188162,-28.44906768],[149.9188532,-28.4490387],[149.918895,-28.44901536],[149.9189405,-28.44899823],[149.9189885,-28.44898779],[149.9190131,-28.44898605],[149.9190378,-28.4489843],[149.9190871,-28.44898784],[149.9191351,-28.44899833],[149.9191805,-28.44901549],[149.9192223,-28.44903887],[149.9192593,-28.44906789],[149.9192905,-28.44910177],[149.9193152,-28.44913964],[149.9193239,-28.44916008],[149.9456223,-28.51062549],[149.9456274,-28.51063748],[149.9456351,-28.5106622],[149.94564,-28.51068744],[149.9456423,-28.51071299],[149.9456418,-28.51073862],[149.9456386,-28.51076409],[149.9456326,-28.51078917],[149.945624,-28.51081365],[149.9456128,-28.5108373],[149.9455991,-28.5108599],[149.9455831,-28.51088127],[149.9455649,-28.5109012],[149.9455446,-28.51091952],[149.9455224,-28.51093606],[149.9454986,-28.51095069],[149.9454733,-28.51096325],[149.9454601,-28.51096845],[149.9454468,-28.51097364],[149.9454193,-28.51098178],[149.945391,-28.51098758],[149.9453623,-28.510991],[149.9453333,-28.510992],[149.9453043,-28.51099058],[149.9452756,-28.51098673],[149.9452475,-28.51098052],[149.9452201,-28.51097198],[149.9451938,-28.5109612],[149.9451687,-28.51094826],[149.9451452,-28.51093331],[149.9451233,-28.51091643],[149.9451034,-28.51089783],[149.9450855,-28.51087763],[149.9450699,-28.51085603]]]}","{""raw_name"":null,""raw_style_url"":""#sw_1442837_normal_unplanned"",""raw_description_text"":""INCD-299720-qTime Off:27/09/2026 07:56:19Est. Time On:27/09/2026 11:00:00No. of Customers affected:4Reason:We are investigatingLast Updated:27/09/2026 10:41:16"",""raw_description_html_decoded"":""<h2>INCD-299720-q</h2><div style=\""overflow: hidden;\""><div><span>Time Off:</span>27/09/2026 07:56:19</div><div><span>Est. Time On:</span>27/09/2026 11:00:00</div></div><div><span>No. of Customers affected:</span>4</div><div><span>Reason:</span>We are investigating</div><div><span>Last Updated:</span>27/09/2026 10:41:16</div>"",""essential_in_qld_fallback_polygon"":true,""parsed_fields"":{""title"":""INCD-299720-q"",""incident"":""INCD-299720-q"",""status"":null,""reason"":""We are investigating"",""suburb"":null,""street_name"":null,""time_off_raw"":""27/09/2026 07:56:19"",""est_time_on_raw"":""27/09/2026 11:00:00"",""last_updated_raw"":""27/09/2026 10:41:16"",""start_utc"":""2026-09-26T21:56:19Z"",""etr_utc"":""2026-09-27T01:00:00Z"",""last_updated_utc"":""2026-09-27T00:41:16Z"",""affected_customers"":4}}"
2026-09-27T01:15:40Z,2026-09-27T11:15:40+10:00,au.qld.ergon,Ergon Energy,au.qld.ergon|unplanned|911000,911000,unplanned,Crews working on-site,The loss of supply is due to damage requiring emergency repairs. Fault finding is in progress.,17,true,MALANDA,"FIGTREE CL, ROSEWOOD CL",2026-09-26T23:26:43Z,,145.6297697,-17.3427268,Tablelands Regional,6820,https://services.arcgis.com/33eHbTVqo7gtiCE8/arcgis/rest/services/VwErgonOutages/FeatureServer/0,Polygon,"{""type"":""Polygon"",""coordinates"":[[[145.627149726323,-17.3433260592224],[145.627145342735,-17.3431360396916],[145.627408720108,-17.3418190361161],[145.627780370104,-17.3414608320575],[145.631474416532,-17.340766332408],[145.631824281442,-17.3408328514979],[145.63266485177,-17.3413666170339],[145.632871726388,-17.3418031914842],[145.632768652708,-17.3425462958373],[145.632573833097,-17.3428556229162],[145.631656301698,-17.3434783965615],[145.631597479938,-17.343512427766],[145.628413722032,-17.3450622795635],[145.628121748159,-17.3451046353141],[145.627875050363,-17.345064138309],[145.627496668337,-17.3447235498049],[145.627149726323,-17.3433260592224]]]}","{""OBJECTID"":911000,""EVENT_ID"":""26FN9492"",""TYPE"":""UNPLANNED"",""STATUS"":""Crews working on-site"",""CUSTOMERS_AFFECTED"":17,""SUBURBS"":""MALANDA"",""STREETS"":""FIGTREE CL, ROSEWOOD CL"",""START"":1790465203000,""FINISH"":null,""EST_FIX_TIME"":null,""REASON"":""The loss of supply is due to damage requiring emergency repairs. Fault finding is in progress."",""CRC"":""EB116E4C"",""EXTRACTED"":1790467804562,""SHAPE__Area"":215567.830078125,""SHAPE__Length"":1810.8859436734942}"
2026-09-27T01:15:40Z,2026-09-27T11:15:40+10:00,au.qld.essentialenergy,Essential Energy,au.qld.essentialenergy|unplanned|hash:46aeaa142ea0e575,,unplanned,,We are investigating,4,true,,,2026-09-26T21:56:19Z,2026-09-27T04:00:00Z,149.9296065,-28.4777546,Goondiwindi Regional,3610,https://www.essentialenergy.com.au/Assets/kmz/current.kml?dFdLgoAP,Polygon,"{""type"":""Polygon"",""coordinates"":[[[149.9450699,-28.51085603],[149.9450633,-28.51084463],[149.9268818,-28.47951538],[149.9268751,-28.47950374],[149.9268642,-28.47947942],[149.9268601,-28.47946686],[149.9180365,-28.45239496],[149.9180314,-28.45237929],[149.9180255,-28.45234711],[149.918024,-28.45231452],[149.918027,-28.45228202],[149.9180307,-28.45226605],[149.9187377,-28.44920165],[149.9187426,-28.44918024],[149.9187602,-28.44913938],[149.9187849,-28.44910154],[149.9188162,-28.44906768],[149.9188532,-28.4490387],[149.918895,-28.44901536],[149.9189405,-28.44899823],[149.9189885,-28.44898779],[149.9190131,-28.44898605],[149.9190378,-28.4489843],[149.9190871,-28.44898784],[149.9191351,-28.44899833],[149.9191805,-28.44901549],[149.9192223,-28.44903887],[149.9192593,-28.44906789],[149.9192905,-28.44910177],[149.9193152,-28.44913964],[149.9193239,-28.44916008],[149.9456223,-28.51062549],[149.9456274,-28.51063748],[149.9456351,-28.5106622],[149.94564,-28.51068744],[149.9456423,-28.51071299],[149.9456418,-28.51073862],[149.9456386,-28.51076409],[149.9456326,-28.51078917],[149.945624,-28.51081365],[149.9456128,-28.5108373],[149.9455991,-28.5108599],[149.9455831,-28.51088127],[149.9455649,-28.5109012],[149.9455446,-28.51091952],[149.9455224,-28.51093606],[149.9454986,-28.51095069],[149.9454733,-28.51096325],[149.9454601,-28.51096845],[149.9454468,-28.51097364],[149.9454193,-28.51098178],[149.945391,-28.51098758],[149.9453623,-28.510991],[149.9453333,-28.510992],[149.9453043,-28.51099058],[149.9452756,-28.51098673],[149.9452475,-28.51098052],[149.9452201,-28.51097198],[149.9451938,-28.5109612],[149.9451687,-28.51094826],[149.9451452,-28.51093331],[149.9451233,-28.51091643],[149.9451034,-28.51089783],[149.9450855,-28.51087763],[149.9450699,-28.51085603]]]}","{""raw_name"":null,""raw_style_url"":""#sw_1442837_normal_unplanned"",""raw_description_text"":""INCD-299720-qTime Off:27/09/2026 07:56:19Est. Time On:27/09/2026 14:00:00No. of Customers affected:4Reason:We are investigatingLast Updated:27/09/2026 11:08:55"",""raw_description_html_decoded"":""<h2>INCD-299720-q</h2><div style=\""overflow: hidden;\""><div><span>Time Off:</span>27/09/2026 07:56:19</div><div><span>Est. Time On:</span>27/09/2026 14:00:00</div></div><div><span>No. of Customers affected:</span>4</div><div><span>Reason:</span>We are investigating</div><div><span>Last Updated:</span>27/09/2026 11:08:55</div>"",""essential_in_qld_fallback_polygon"":true,""parsed_fields"":{""title"":""INCD-299720-q"",""incident"":""INCD-299720-q"",""status"":null,""reason"":""We are investigating"",""suburb"":null,""street_name"":null,""time_off_raw"":""27/09/2026 07:56:19"",""est_time_on_raw"":""27/09/2026 14:00:00"",""last_updated_raw"":""27/09/2026 11:08:55"",""start_utc"":""2026-09-26T21:56:19Z"",""etr_utc"":""2026-09-27T04:00:00Z"",""last_updated_utc"":""2026-09-27T01:08:55Z"",""affected_customers"":4}}"
2026-09-27T01:30:49Z,2026-09-27T11:30:49+10:00,au.qld.essentialenergy,Essential Energy,au.qld.essentialenergy|unplanned|hash:46aeaa142ea0e575,,unplanned,,We are investigating,4,true,,,2026-09-26T21:56:19Z,2026-09-27T04:00:00Z,149.9296065,-28.4777546,Goondiwindi Regional,3610,https://www.essentialenergy.com.au/Assets/kmz/current.kml?dFdLgoAP,Polygon,"{""type"":""Polygon"",""coordinates"":[[[149.9450699,-28.51085603],[149.9450633,-28.51084463],[149.9268818,-28.47951538],[149.9268751,-28.47950374],[149.9268642,-28.47947942],[149.9268601,-28.47946686],[149.9180365,-28.45239496],[149.9180314,-28.45237929],[149.9180255,-28.45234711],[149.918024,-28.45231452],[149.918027,-28.45228202],[149.9180307,-28.45226605],[149.9187377,-28.44920165],[149.9187426,-28.44918024],[149.9187602,-28.44913938],[149.9187849,-28.44910154],[149.9188162,-28.44906768],[149.9188532,-28.4490387],[149.918895,-28.44901536],[149.9189405,-28.44899823],[149.9189885,-28.44898779],[149.9190131,-28.44898605],[149.9190378,-28.4489843],[149.9190871,-28.44898784],[149.9191351,-28.44899833],[149.9191805,-28.44901549],[149.9192223,-28.44903887],[149.9192593,-28.44906789],[149.9192905,-28.44910177],[149.9193152,-28.44913964],[149.9193239,-28.44916008],[149.9456223,-28.51062549],[149.9456274,-28.51063748],[149.9456351,-28.5106622],[149.94564,-28.51068744],[149.9456423,-28.51071299],[149.9456418,-28.51073862],[149.9456386,-28.51076409],[149.9456326,-28.51078917],[149.945624,-28.51081365],[149.9456128,-28.5108373],[149.9455991,-28.5108599],[149.9455831,-28.51088127],[149.9455649,-28.5109012],[149.9455446,-28.51091952],[149.9455224,-28.51093606],[149.9454986,-28.51095069],[149.9454733,-28.51096325],[149.9454601,-28.51096845],[149.9454468,-28.51097364],[149.9454193,-28.51098178],[149.945391,-28.51098758],[149.9453623,-28.510991],[149.9453333,-28.510992],[149.9453043,-28.51099058],[149.9452756,-28.51098673],[149.9452475,-28.51098052],[149.9452201,-28.51097198],[149.9451938,-28.5109612],[149.9451687,-28.51094826],[149.9451452,-28.51093331],[149.9451233,-28.51091643],[149.9451034,-28.51089783],[149.9450855,-28.51087763],[149.9450699,-28.51085603]]]}","{""raw_name"":null,""raw_style_url"":""#sw_1442837_normal_unplanned"",""raw_description_text"":""INCD-299720-qTime Off:27/09/2026 07:56:19Est. Time On:27/09/2026 14:00:00No. of Customers affected:4Reason:We are investigatingLast Updated:27/09/2026 11:08:55"",""raw_description_html_decoded"":""<h2>INCD-299720-q</h2><div style=\""overflow: hidden;\""><div><span>Time Off:</span>27/09/2026 07:56:19</div><div><span>Est. Time On:</span>27/09/2026 14:00:00</div></div><div><span>No. of Customers affected:</span>4</div><div><span>Reason:</span>We are investigating</div><div><span>Last Updated:</span>27/09/2026 11:08:55</div>"",""essential_in_qld_fallback_polygon"":true,""parsed_fields"":{""title"":""INCD-299720-q"",""incident"":""INCD-299720-q"",""status"":null,""reason"":""We are investigating"",""suburb"":null,""street_name"":null,""time_off_raw"":""27/09/2026 07:56:19"",""est_time_on_raw"":""27/09/2026 14:00:00"",""last_updated_raw"":""27/09/2026 11:08:55"",""start_utc"":""2026-09-26T21:56:19Z"",""etr_utc"":""2026-09-27T04:00:00Z"",""last_updated_utc"":""2026-09-27T01:08:55Z"",""affected_customers"":4}}"
2026-09-27T01:45:41Z,2026-09-27T11:45:41+10:00,au.qld.ergon,Ergon Energy,au.qld.ergon|unplanned|911012,911012,unplanned,Crews working on-site,The loss of supply is due to fallen power lines.,110,true,"HAMPDEN, KUTTABUL","BEALLAH RD, BRUCE HWY, BURTONS ACCESS RD, CAMERONS CROSSING RD, DEWAARDS ACCESS RD, EDMONDS RD, HOPFS RD, HUDSONS RD, KEMPS RD, LANES RD, MARIAN HAMPDEN RD, SORENSENS RD, WALLINS RD",2026-09-27T01:23:00Z,,148.9278869,-21.0669738,Mackay Regional,4770,https://services.arcgis.com/33eHbTVqo7gtiCE8/arcgis/rest/services/VwErgonOutages/FeatureServer/0,Polygon,"{""type"":""Polygon"",""coordinates"":[[[148.891151414789,-21.0676007176977],[148.891075385961,-21.0670895218096],[148.901736030979,-21.0473706592182],[148.902063398369,-21.0471336237477],[148.923710350697,-21.0427416262345],[148.924066934939,-21.0428000754845],[148.946849889559,-21.0561660530616],[148.946881419512,-21.0561862215531],[148.971686431982,-21.0734399426284],[148.97161543984,-21.074206508118],[148.936054287249,-21.0909147041811],[148.935641739135,-21.0909227821741],[148.898937696508,-21.0754388351956],[148.898782024495,-21.0753338361795],[148.891151414789,-21.0676007176977]]]}","{""OBJECTID"":911012,""EVENT_ID"":""26MK6061"",""TYPE"":""UNPLANNED"",""STATUS"":""Outage reported"",""CUSTOMERS_AFFECTED"":110,""SUBURBS"":""HAMPDEN, KUTTABUL"",""STREETS"":""BEALLAH RD, BRUCE HWY, BURTONS ACCESS RD, CAMERONS CROSSING RD, DEWAARDS ACCESS RD, EDMONDS RD, HOPFS RD, HUDSONS RD, KEMPS RD, LANES RD, MARIAN HAMPDEN RD, SORENSENS RD, WALLINS RD"",""START"":1790472180000,""FINISH"":null,""EST_FIX_TIME"":null,""REASON"":""The loss of supply is due to fallen power lines.  "",""CRC"":""8E066CBE"",""EXTRACTED"":1790472904765,""SHAPE__Area"":29793434.82421875,""SHAPE__Length"":22021.908312288288}"
2026-09-27T01:45:41Z,2026-09-27T11:45:41+10:00,au.qld.essentialenergy,Essential Energy,au.qld.essentialenergy|unplanned|hash:46aeaa142ea0e575,,unplanned,,We are investigating,4,true,,,2026-09-26T21:56:19Z,2026-09-27T04:00:00Z,149.9296065,-28.4777546,Goondiwindi Regional,3610,https://www.essentialenergy.com.au/Assets/kmz/current.kml?dFdLgoAP,Polygon,"{""type"":""Polygon"",""coordinates"":[[[149.9450699,-28.51085603],[149.9450633,-28.51084463],[149.9268818,-28.47951538],[149.9268751,-28.47950374],[149.9268642,-28.47947942],[149.9268601,-28.47946686],[149.9180365,-28.45239496],[149.9180314,-28.45237929],[149.9180255,-28.45234711],[149.918024,-28.45231452],[149.918027,-28.45228202],[149.9180307,-28.45226605],[149.9187377,-28.44920165],[149.9187426,-28.44918024],[149.9187602,-28.44913938],[149.9187849,-28.44910154],[149.9188162,-28.44906768],[149.9188532,-28.4490387],[149.918895,-28.44901536],[149.9189405,-28.44899823],[149.9189885,-28.44898779],[149.9190131,-28.44898605],[149.9190378,-28.4489843],[149.9190871,-28.44898784],[149.9191351,-28.44899833],[149.9191805,-28.44901549],[149.9192223,-28.44903887],[149.9192593,-28.44906789],[149.9192905,-28.44910177],[149.9193152,-28.44913964],[149.9193239,-28.44916008],[149.9456223,-28.51062549],[149.9456274,-28.51063748],[149.9456351,-28.5106622],[149.94564,-28.51068744],[149.9456423,-28.51071299],[149.9456418,-28.51073862],[149.9456386,-28.51076409],[149.9456326,-28.51078917],[149.945624,-28.51081365],[149.9456128,-28.5108373],[149.9455991,-28.5108599],[149.9455831,-28.51088127],[149.9455649,-28.5109012],[149.9455446,-28.51091952],[149.9455224,-28.51093606],[149.9454986,-28.51095069],[149.9454733,-28.51096325],[149.9454601,-28.51096845],[149.9454468,-28.51097364],[149.9454193,-28.51098178],[149.945391,-28.51098758],[149.9453623,-28.510991],[149.9453333,-28.510992],[149.9453043,-28.51099058],[149.9452756,-28.51098673],[149.9452475,-28.51098052],[149.9452201,-28.51097198],[149.9451938,-28.5109612],[149.9451687,-28.51094826],[149.9451452,-28.51093331],[149.9451233,-28.51091643],[149.9451034,-28.51089783],[149.9450855,-28.51087763],[149.9450699,-28.51085603]]]}","{""raw_name"":null,""raw_style_url"":""#sw_1442837_normal_unplanned"",""raw_description_text"":""INCD-299720-qTime Off:27/09/2026 07:56:19Est. Time On:27/09/2026 14:00:00No. of Customers affected:4Reason:We are investigatingLast Updated:27/09/2026 11:08:55"",""raw_description_html_decoded"":""<h2>INCD-299720-q</h2><div style=\""overflow: hidden;\""><div><span>Time Off:</span>27/09/2026 07:56:19</div><div><span>Est. Time On:</span>27/09/2026 14:00:00</div></div><div><span>No. of Customers affected:</span>4</div><div><span>Reason:</span>We are investigating</div><div><span>Last Updated:</span>27/09/2026 11:08:55</div>"",""essential_in_qld_fallback_polygon"":true,""parsed_fields"":{""title"":""INCD-299720-q"",""incident"":""INCD-299720-q"",""status"":null,""reason"":""We are investigating"",""suburb"":null,""street_name"":null,""time_off_raw"":""27/09/2026 07:56:19"",""est_time_on_raw"":""27/09/2026 14:00:00"",""last_updated_raw"":""27/09/2026 11:08:55"",""start_utc"":""2026-09-26T21:56:19Z"",""etr_utc"":""2026-09-27T04:00:00Z"",""last_updated_utc"":""2026-09-27T01:08:55Z"",""affected_customers"":4}}"
2026-09-27T02:01:02Z,2026-09-27T12:01:02+10:00,au.qld.ergon,Ergon Energy,au.qld.ergon|unplanned|911012,911012,unplanned,Crews working on-site,The loss of supply is due to fallen power lines.,110,true,"HAMPDEN, KUTTABUL","BEALLAH RD, BRUCE HWY, BURTONS ACCESS RD, CAMERONS CROSSING RD, DEWAARDS ACCESS RD, EDMONDS RD, HOPFS RD, HUDSONS RD, KEMPS RD, LANES RD, MARIAN HAMPDEN RD, SORENSENS RD, WALLINS RD",2026-09-27T01:23:00Z,,148.9278869,-21.0669738,Mackay Regional,4770,https://services.arcgis.com/33eHbTVqo7gtiCE8/arcgis/rest/services/VwErgonOutages/FeatureServer/0,Polygon,"{""type"":""Polygon"",""coordinates"":[[[148.891151414789,-21.0676007176977],[148.891075385961,-21.0670895218096],[148.901736030979,-21.0473706592182],[148.902063398369,-21.0471336237477],[148.923710350697,-21.0427416262345],[148.924066934939,-21.0428000754845],[148.946849889559,-21.0561660530616],[148.946881419512,-21.0561862215531],[148.971686431982,-21.0734399426284],[148.97161543984,-21.074206508118],[148.936054287249,-21.0909147041811],[148.935641739135,-21.0909227821741],[148.898937696508,-21.0754388351956],[148.898782024495,-21.0753338361795],[148.891151414789,-21.0676007176977]]]}","{""OBJECTID"":911012,""EVENT_ID"":""26MK6061"",""TYPE"":""UNPLANNED"",""STATUS"":""Outage reported"",""CUSTOMERS_AFFECTED"":110,""SUBURBS"":""HAMPDEN, KUTTABUL"",""STREETS"":""BEALLAH RD, BRUCE HWY, BURTONS ACCESS RD, CAMERONS CROSSING RD, DEWAARDS ACCESS RD, EDMONDS RD, HOPFS RD, HUDSONS RD, KEMPS RD, LANES RD, MARIAN HAMPDEN RD, SORENSENS RD, WALLINS RD"",""START"":1790472180000,""FINISH"":null,""EST_FIX_TIME"":null,""REASON"":""The loss of supply is due to fallen power lines.  "",""CRC"":""8E066CBE"",""EXTRACTED"":1790472904765,""SHAPE__Area"":29793434.82421875,""SHAPE__Length"":22021.908312288288}"
2026-09-27T02:01:02Z,2026-09-27T12:01:02+10:00,au.qld.essentialenergy,Essential Energy,au.qld.essentialenergy|unplanned|hash:46aeaa142ea0e575,,unplanned,,We are investigating,4,true,,,2026-09-26T21:56:19Z,2026-09-27T04:00:00Z,149.9296065,-28.4777546,Goondiwindi Regional,3610,https://www.essentialenergy.com.au/Assets/kmz/current.kml?dFdLgoAP,Polygon,"{""type"":""Polygon"",""coordinates"":[[[149.9450699,-28.51085603],[149.9450633,-28.51084463],[149.9268818,-28.47951538],[149.9268751,-28.47950374],[149.9268642,-28.47947942],[149.9268601,-28.47946686],[149.9180365,-28.45239496],[149.9180314,-28.45237929],[149.9180255,-28.45234711],[149.918024,-28.45231452],[149.918027,-28.45228202],[149.9180307,-28.45226605],[149.9187377,-28.44920165],[149.9187426,-28.44918024],[149.9187602,-28.44913938],[149.9187849,-28.44910154],[149.9188162,-28.44906768],[149.9188532,-28.4490387],[149.918895,-28.44901536],[149.9189405,-28.44899823],[149.9189885,-28.44898779],[149.9190131,-28.44898605],[149.9190378,-28.4489843],[149.9190871,-28.44898784],[149.9191351,-28.44899833],[149.9191805,-28.44901549],[149.9192223,-28.44903887],[149.9192593,-28.44906789],[149.9192905,-28.44910177],[149.9193152,-28.44913964],[149.9193239,-28.44916008],[149.9456223,-28.51062549],[149.9456274,-28.51063748],[149.9456351,-28.5106622],[149.94564,-28.51068744],[149.9456423,-28.51071299],[149.9456418,-28.51073862],[149.9456386,-28.51076409],[149.9456326,-28.51078917],[149.945624,-28.51081365],[149.9456128,-28.5108373],[149.9455991,-28.5108599],[149.9455831,-28.51088127],[149.9455649,-28.5109012],[149.9455446,-28.51091952],[149.9455224,-28.51093606],[149.9454986,-28.51095069],[149.9454733,-28.51096325],[149.9454601,-28.51096845],[149.9454468,-28.51097364],[149.9454193,-28.51098178],[149.945391,-28.51098758],[149.9453623,-28.510991],[149.9453333,-28.510992],[149.9453043,-28.51099058],[149.9452756,-28.51098673],[149.9452475,-28.51098052],[149.9452201,-28.51097198],[149.9451938,-28.5109612],[149.9451687,-28.51094826],[149.9451452,-28.51093331],[149.9451233,-28.51091643],[149.9451034,-28.51089783],[149.9450855,-28.51087763],[149.9450699,-28.51085603]]]}","{""raw_name"":null,""raw_style_url"":""#sw_1442837_normal_unplanned"",""raw_description_text"":""INCD-299720-qTime Off:27/09/2026 07:56:19Est. Time On:27/09/2026 14:00:00No. of Customers affected:4Reason:We are investigatingLast Updated:27/09/2026 11:08:55"",""raw_description_html_decoded"":""<h2>INCD-299720-q</h2><div style=\""overflow: hidden;\""><div><span>Time Off:</span>27/09/2026 07:56:19</div><div><span>Est. Time On:</span>27/09/2026 14:00:00</div></div><div><span>No. of Customers affected:</span>4</div><div><span>Reason:</span>We are investigating</div><div><span>Last Updated:</span>27/09/2026 11:08:55</div>"",""essential_in_qld_fallback_polygon"":true,""parsed_fields"":{""title"":""INCD-299720-q"",""incident"":""INCD-299720-q"",""status"":null,""reason"":""We are investigating"",""suburb"":null,""street_name"":null,""time_off_raw"":""27/09/2026 07:56:19"",""est_time_on_raw"":""27/09/2026 14:00:00"",""last_updated_raw"":""27/09/2026 11:08:55"",""start_utc"":""2026-09-26T21:56:19Z"",""etr_utc"":""2026-09-27T04:00:00Z"",""last_updated_utc"":""2026-09-27T01:08:55Z"",""affected_customers"":4}}"
2026-09-27T02:15:41Z,2026-09-27T12:15:41+10:00,au.qld.ergon,Ergon Energy,au.qld.ergon|unplanned|911013,911013,unplanned,Crews working on-site,The loss of supply is due to damage caused by accidental contact with powerlines by a third party.,3,true,DIRRANBANDI,"EURABA RD, MINNUM RD",2026-09-26T23:41:53Z,,147.9818185,-28.7965226,Balonne Shire,300,https://services.arcgis.com/33eHbTVqo7gtiCE8/arcgis/rest/services/VwErgonOutages/FeatureServer/0,Polygon,"{""type"":""Polygon"",""coordinates"":[[[147.911302161766,-28.8199188303144],[147.910724056202,-28.8196237529808],[147.910968740118,-28.8190761755417],[148.024207305807,-28.7663641157747],[148.024774114972,-28.7664159318841],[148.024935674186,-28.7668974423285],[148.012135565559,-28.8030211313874],[148.011741168479,-28.8033301337807],[147.911302161766,-28.8199188303144]]]}","{""OBJECTID"":911013,""EVENT_ID"":""26SW11705"",""TYPE"":""UNPLANNED"",""STATUS"":""Outage reported"",""CUSTOMERS_AFFECTED"":3,""SUBURBS"":""DIRRANBANDI"",""STREETS"":""EURABA RD, MINNUM RD"",""START"":1790466113000,""FINISH"":null,""EST_FIX_TIME"":null,""REASON"":""The loss of supply is due to damage caused by accidental contact with powerlines by a third party. "",""CRC"":""B778C8B2"",""EXTRACTED"":1790475004354,""SHAPE__Area"":25899566.58984375,""SHAPE__Length"":30790.938746716132}"
2026-09-27T02:15:41Z,2026-09-27T12:15:41+10:00,au.qld.ergon,Ergon Energy,au.qld.ergon|unplanned|911012,911012,unplanned,Crews working on-site,The loss of supply is due to fallen power lines.,110,true,"HAMPDEN, KUTTABUL","BEALLAH RD, BRUCE HWY, BURTONS ACCESS RD, CAMERONS CROSSING RD, DEWAARDS ACCESS RD, EDMONDS RD, HOPFS RD, HUDSONS RD, KEMPS RD, LANES RD, MARIAN HAMPDEN RD, SORENSENS RD, WALLINS RD",2026-09-27T01:23:00Z,,148.9278869,-21.0669738,Mackay Regional,4770,https://services.arcgis.com/33eHbTVqo7gtiCE8/arcgis/rest/services/VwErgonOutages/FeatureServer/0,Polygon,"{""type"":""Polygon"",""coordinates"":[[[148.891151414789,-21.0676007176977],[148.891075385961,-21.0670895218096],[148.901736030979,-21.0473706592182],[148.902063398369,-21.0471336237477],[148.923710350697,-21.0427416262345],[148.924066934939,-21.0428000754845],[148.946849889559,-21.0561660530616],[148.946881419512,-21.0561862215531],[148.971686431982,-21.0734399426284],[148.97161543984,-21.074206508118],[148.936054287249,-21.0909147041811],[148.935641739135,-21.0909227821741],[148.898937696508,-21.0754388351956],[148.898782024495,-21.0753338361795],[148.891151414789,-21.0676007176977]]]}","{""OBJECTID"":911012,""EVENT_ID"":""26MK6061"",""TYPE"":""UNPLANNED"",""STATUS"":""Outage reported"",""CUSTOMERS_AFFECTED"":110,""SUBURBS"":""HAMPDEN, KUTTABUL"",""STREETS"":""BEALLAH RD, BRUCE HWY, BURTONS ACCESS RD, CAMERONS CROSSING RD, DEWAARDS ACCESS RD, EDMONDS RD, HOPFS RD, HUDSONS RD, KEMPS RD, LANES RD, MARIAN HAMPDEN RD, SORENSENS RD, WALLINS RD"",""START"":1790472180000,""FINISH"":null,""EST_FIX_TIME"":null,""REASON"":""The loss of supply is due to fallen power lines.  "",""CRC"":""8E066CBE"",""EXTRACTED"":1790472904765,""SHAPE__Area"":29793434.82421875,""SHAPE__Length"":22021.908312288288}"
2026-09-27T02:15:41Z,2026-09-27T12:15:41+10:00,au.qld.essentialenergy,Essential Energy,au.qld.essentialenergy|unplanned|hash:46aeaa142ea0e575,,unplanned,,We are investigating,4,true,,,2026-09-26T21:56:19Z,2026-09-27T04:00:00Z,149.9296065,-28.4777546,Goondiwindi Regional,3610,https://www.essentialenergy.com.au/Assets/kmz/current.kml?dFdLgoAP,Polygon,"{""type"":""Polygon"",""coordinates"":[[[149.9450699,-28.51085603],[149.9450633,-28.51084463],[149.9268818,-28.47951538],[149.9268751,-28.47950374],[149.9268642,-28.47947942],[149.9268601,-28.47946686],[149.9180365,-28.45239496],[149.9180314,-28.45237929],[149.9180255,-28.45234711],[149.918024,-28.45231452],[149.918027,-28.45228202],[149.9180307,-28.45226605],[149.9187377,-28.44920165],[149.9187426,-28.44918024],[149.9187602,-28.44913938],[149.9187849,-28.44910154],[149.9188162,-28.44906768],[149.9188532,-28.4490387],[149.918895,-28.44901536],[149.9189405,-28.44899823],[149.9189885,-28.44898779],[149.9190131,-28.44898605],[149.9190378,-28.4489843],[149.9190871,-28.44898784],[149.9191351,-28.44899833],[149.9191805,-28.44901549],[149.9192223,-28.44903887],[149.9192593,-28.44906789],[149.9192905,-28.44910177],[149.9193152,-28.44913964],[149.9193239,-28.44916008],[149.9456223,-28.51062549],[149.9456274,-28.51063748],[149.9456351,-28.5106622],[149.94564,-28.51068744],[149.9456423,-28.51071299],[149.9456418,-28.51073862],[149.9456386,-28.51076409],[149.9456326,-28.51078917],[149.945624,-28.51081365],[149.9456128,-28.5108373],[149.9455991,-28.5108599],[149.9455831,-28.51088127],[149.9455649,-28.5109012],[149.9455446,-28.51091952],[149.9455224,-28.51093606],[149.9454986,-28.51095069],[149.9454733,-28.51096325],[149.9454601,-28.51096845],[149.9454468,-28.51097364],[149.9454193,-28.51098178],[149.945391,-28.51098758],[149.9453623,-28.510991],[149.9453333,-28.510992],[149.9453043,-28.51099058],[149.9452756,-28.51098673],[149.9452475,-28.51098052],[149.9452201,-28.51097198],[149.9451938,-28.5109612],[149.9451687,-28.51094826],[149.9451452,-28.51093331],[149.9451233,-28.51091643],[149.9451034,-28.51089783],[149.9450855,-28.51087763],[149.9450699,-28.51085603]]]}","{""raw_name"":null,""raw_style_url"":""#sw_1442837_normal_unplanned"",""raw_description_text"":""INCD-299720-qTime Off:27/09/2026 07:56:19Est. Time On:27/09/2026 14:00:00No. of Customers affected:4Reason:We are investigatingLast Updated:27/09/2026 11:08:55"",""raw_description_html_decoded"":""<h2>INCD-299720-q</h2><div style=\""overflow: hidden;\""><div><span>Time Off:</span>27/09/2026 07:56:19</div><div><span>Est. Time On:</span>27/09/2026 14:00:00</div></div><div><span>No. of Customers affected:</span>4</div><div><span>Reason:</span>We are investigating</div><div><span>Last Updated:</span>27/09/2026 11:08:55</div>"",""essential_in_qld_fallback_polygon"":true,""parsed_fields"":{""title"":""INCD-299720-q"",""incident"":""INCD-299720-q"",""status"":null,""reason"":""We are investigating"",""suburb"":null,""street_name"":null,""time_off_raw"":""27/09/2026 07:56:19"",""est_time_on_raw"":""27/09/2026 14:00:00"",""last_updated_raw"":""27/09/2026 11:08:55"",""start_utc"":""2026-09-26T21:56:19Z"",""etr_utc"":""2026-09-27T04:00:00Z"",""last_updated_utc"":""2026-09-27T01:08:55Z"",""affected_customers"":4}}"
2026-09-27T02:30:47Z,2026-09-27T12:30:47+10:00,au.qld.ergon,Ergon Energy,au.qld.ergon|unplanned|911013,911013,unplanned,Crews working on-site,The loss of supply is due to damage caused by accidental contact with powerlines by a third party.,3,true,DIRRANBANDI,"EURABA RD, MINNUM RD",2026-09-26T23:41:53Z,,147.9818185,-28.7965226,Balonne Shire,300,https://services.arcgis.com/33eHbTVqo7gtiCE8/arcgis/rest/services/VwErgonOutages/FeatureServer/0,Polygon,"{""type"":""Polygon"",""coordinates"":[[[147.911302161766,-28.8199188303144],[147.910724056202,-28.8196237529808],[147.910968740118,-28.8190761755417],[148.024207305807,-28.7663641157747],[148.024774114972,-28.7664159318841],[148.024935674186,-28.7668974423285],[148.012135565559,-28.8030211313874],[148.011741168479,-28.8033301337807],[147.911302161766,-28.8199188303144]]]}","{""OBJECTID"":911013,""EVENT_ID"":""26SW11705"",""TYPE"":""UNPLANNED"",""STATUS"":""Outage reported"",""CUSTOMERS_AFFECTED"":3,""SUBURBS"":""DIRRANBANDI"",""STREETS"":""EURABA RD, MINNUM RD"",""START"":1790466113000,""FINISH"":null,""EST_FIX_TIME"":null,""REASON"":""The loss of supply is due to damage caused by accidental contact with powerlines by a third party. "",""CRC"":""B778C8B2"",""EXTRACTED"":1790475004354,""SHAPE__Area"":25899566.58984375,""SHAPE__Length"":30790.938746716132}"
2026-09-27T02:30:47Z,2026-09-27T12:30:47+10:00,au.qld.ergon,Ergon Energy,au.qld.ergon|unplanned|911014,911014,unplanned,Crews working on-site,The loss of supply is to allow emergency maintenance of the electricity network.,27,true,WONGALING BEACH,"COOLIBAH ST, KURRAJONG CL, SPURWOOD CL",2026-09-27T02:10:00Z,2026-09-27T03:00:00Z,146.0931642,-17.8928762,Cassowary Coast Regional,2260,https://services.arcgis.com/33eHbTVqo7gtiCE8/arcgis/rest/services/VwErgonOutages/FeatureServer/0,Polygon,"{""type"":""Polygon"",""coordinates"":[[[146.091203081305,-17.8921757645497],[146.091210652502,-17.8920451115491],[146.091347015224,-17.891403421435],[146.091790850936,-17.8910419844885],[146.09340655487,-17.890980778932],[146.093428280072,-17.8909804351019],[146.094481340996,-17.8909869785065],[146.094923507865,-17.8912889114887],[146.095543821808,-17.8929773825925],[146.095365958485,-17.893499711239],[146.093169100755,-17.8949456036527],[146.093131065498,-17.8949681721842],[146.092587607283,-17.8952574354181],[146.0919794539,-17.8951320186242],[146.091491901011,-17.8945038853913],[146.091400652749,-17.8942749044884],[146.091203081305,-17.8921757645497]]]}","{""OBJECTID"":911014,""EVENT_ID"":""26FN9496"",""TYPE"":""UNPLANNED"",""STATUS"":""Crews working on-site"",""CUSTOMERS_AFFECTED"":27,""SUBURBS"":""WONGALING BEACH"",""STREETS"":""COOLIBAH ST, KURRAJONG CL, SPURWOOD CL"",""START"":1790475000000,""FINISH"":null,""EST_FIX_TIME"":1790478000000,""REASON"":""The loss of supply is to allow emergency maintenance of the electricity network."",""CRC"":""41206F5F"",""EXTRACTED"":1790475305848,""SHAPE__Area"":183012.115234375,""SHAPE__Length"":1598.0673160845345}"
2026-09-27T02:30:47Z,2026-09-27T12:30:47+10:00,au.qld.ergon,Ergon Energy,au.qld.ergon|unplanned|911012,911012,unplanned,Crews working on-site,The loss of supply is due to fallen power lines.,110,true,"HAMPDEN, KUTTABUL","BEALLAH RD, BRUCE HWY, BURTONS ACCESS RD, CAMERONS CROSSING RD, DEWAARDS ACCESS RD, EDMONDS RD, HOPFS RD, HUDSONS RD, KEMPS RD, LANES RD, MARIAN HAMPDEN RD, SORENSENS RD, WALLINS RD",2026-09-27T01:23:00Z,,148.9278869,-21.0669738,Mackay Regional,4770,https://services.arcgis.com/33eHbTVqo7gtiCE8/arcgis/rest/services/VwErgonOutages/FeatureServer/0,Polygon,"{""type"":""Polygon"",""coordinates"":[[[148.891151414789,-21.0676007176977],[148.891075385961,-21.0670895218096],[148.901736030979,-21.0473706592182],[148.902063398369,-21.0471336237477],[148.923710350697,-21.0427416262345],[148.924066934939,-21.0428000754845],[148.946849889559,-21.0561660530616],[148.946881419512,-21.0561862215531],[148.971686431982,-21.0734399426284],[148.97161543984,-21.074206508118],[148.936054287249,-21.0909147041811],[148.935641739135,-21.0909227821741],[148.898937696508,-21.0754388351956],[148.898782024495,-21.0753338361795],[148.891151414789,-21.0676007176977]]]}","{""OBJECTID"":911012,""EVENT_ID"":""26MK6061"",""TYPE"":""UNPLANNED"",""STATUS"":""Outage reported"",""CUSTOMERS_AFFECTED"":110,""SUBURBS"":""HAMPDEN, KUTTABUL"",""STREETS"":""BEALLAH RD, BRUCE HWY, BURTONS ACCESS RD, CAMERONS CROSSING RD, DEWAARDS ACCESS RD, EDMONDS RD, HOPFS RD, HUDSONS RD, KEMPS RD, LANES RD, MARIAN HAMPDEN RD, SORENSENS RD, WALLINS RD"",""START"":1790472180000,""FINISH"":null,""EST_FIX_TIME"":null,""REASON"":""The loss of supply is due to fallen power lines.  "",""CRC"":""8E066CBE"",""EXTRACTED"":1790472904765,""SHAPE__Area"":29793434.82421875,""SHAPE__Length"":22021.908312288288}"
2026-09-27T02:30:47Z,2026-09-27T12:30:47+10:00,au.qld.essentialenergy,Essential Energy,au.qld.essentialenergy|unplanned|hash:46aeaa142ea0e575,,unplanned,,We are investigating,4,true,,,2026-09-26T21:56:19Z,2026-09-27T04:00:00Z,149.9296065,-28.4777546,Goondiwindi Regional,3610,https://www.essentialenergy.com.au/Assets/kmz/current.kml?dFdLgoAP,Polygon,"{""type"":""Polygon"",""coordinates"":[[[149.9450699,-28.51085603],[149.9450633,-28.51084463],[149.9268818,-28.47951538],[149.9268751,-28.47950374],[149.9268642,-28.47947942],[149.9268601,-28.47946686],[149.9180365,-28.45239496],[149.9180314,-28.45237929],[149.9180255,-28.45234711],[149.918024,-28.45231452],[149.918027,-28.45228202],[149.9180307,-28.45226605],[149.9187377,-28.44920165],[149.9187426,-28.44918024],[149.9187602,-28.44913938],[149.9187849,-28.44910154],[149.9188162,-28.44906768],[149.9188532,-28.4490387],[149.918895,-28.44901536],[149.9189405,-28.44899823],[149.9189885,-28.44898779],[149.9190131,-28.44898605],[149.9190378,-28.4489843],[149.9190871,-28.44898784],[149.9191351,-28.44899833],[149.9191805,-28.44901549],[149.9192223,-28.44903887],[149.9192593,-28.44906789],[149.9192905,-28.44910177],[149.9193152,-28.44913964],[149.9193239,-28.44916008],[149.9456223,-28.51062549],[149.9456274,-28.51063748],[149.9456351,-28.5106622],[149.94564,-28.51068744],[149.9456423,-28.51071299],[149.9456418,-28.51073862],[149.9456386,-28.51076409],[149.9456326,-28.51078917],[149.945624,-28.51081365],[149.9456128,-28.5108373],[149.9455991,-28.5108599],[149.9455831,-28.51088127],[149.9455649,-28.5109012],[149.9455446,-28.51091952],[149.9455224,-28.51093606],[149.9454986,-28.51095069],[149.9454733,-28.51096325],[149.9454601,-28.51096845],[149.9454468,-28.51097364],[149.9454193,-28.51098178],[149.945391,-28.51098758],[149.9453623,-28.510991],[149.9453333,-28.510992],[149.9453043,-28.51099058],[149.9452756,-28.51098673],[149.9452475,-28.51098052],[149.9452201,-28.51097198],[149.9451938,-28.5109612],[149.9451687,-28.51094826],[149.9451452,-28.51093331],[149.9451233,-28.51091643],[149.9451034,-28.51089783],[149.9450855,-28.51087763],[149.9450699,-28.51085603]]]}","{""raw_name"":null,""raw_style_url"":""#sw_1442837_normal_unplanned"",""raw_description_text"":""INCD-299720-qTime Off:27/09/2026 07:56:19Est. Time On:27/09/2026 14:00:00No. of Customers affected:4Reason:We are investigatingLast Updated:27/09/2026 11:08:55"",""raw_description_html_decoded"":""<h2>INCD-299720-q</h2><div style=\""overflow: hidden;\""><div><span>Time Off:</span>27/09/2026 07:56:19</div><div><span>Est. Time On:</span>27/09/2026 14:00:00</div></div><div><span>No. of Customers affected:</span>4</div><div><span>Reason:</span>We are investigating</div><div><span>Last Updated:</span>27/09/2026 11:08:55</div>"",""essential_in_qld_fallback_polygon"":true,""parsed_fields"":{""title"":""INCD-299720-q"",""incident"":""INCD-299720-q"",""status"":null,""reason"":""We are investigating"",""suburb"":null,""street_name"":null,""time_off_raw"":""27/09/2026 07:56:19"",""est_time_on_raw"":""27/09/2026 14:00:00"",""last_updated_raw"":""27/09/2026 11:08:55"",""start_utc"":""2026-09-26T21:56:19Z"",""etr_utc"":""2026-09-27T04:00:00Z"",""last_updated_utc"":""2026-09-27T01:08:55Z"",""affected_customers"":4}}"
2026-09-27T02:45:33Z,2026-09-27T12:45:33+10:00,au.qld.ergon,Ergon Energy,au.qld.ergon|unplanned|911013,911013,unplanned,Crews working on-site,The loss of supply is due to damage caused by accidental contact with powerlines by a third party.,3,true,DIRRANBANDI,"EURABA RD, MINNUM RD",2026-09-26T23:41:53Z,,147.9818185,-28.7965226,Balonne Shire,300,https://services.arcgis.com/33eHbTVqo7gtiCE8/arcgis/rest/services/VwErgonOutages/FeatureServer/0,Polygon,"{""type"":""Polygon"",""coordinates"":[[[147.911302161766,-28.8199188303144],[147.910724056202,-28.8196237529808],[147.910968740118,-28.8190761755417],[148.024207305807,-28.7663641157747],[148.024774114972,-28.7664159318841],[148.024935674186,-28.7668974423285],[148.012135565559,-28.8030211313874],[148.011741168479,-28.8033301337807],[147.911302161766,-28.8199188303144]]]}","{""OBJECTID"":911013,""EVENT_ID"":""26SW11705"",""TYPE"":""UNPLANNED"",""STATUS"":""Outage reported"",""CUSTOMERS_AFFECTED"":3,""SUBURBS"":""DIRRANBANDI"",""STREETS"":""EURABA RD, MINNUM RD"",""START"":1790466113000,""FINISH"":null,""EST_FIX_TIME"":null,""REASON"":""The loss of supply is due to damage caused by accidental contact with powerlines by a third party. "",""CRC"":""B778C8B2"",""EXTRACTED"":1790475004354,""SHAPE__Area"":25899566.58984375,""SHAPE__Length"":30790.938746716132}"
2026-09-27T02:45:33Z,2026-09-27T12:45:33+10:00,au.qld.ergon,Ergon Energy,au.qld.ergon|unplanned|911014,911014,unplanned,Crews working on-site,The loss of supply is to allow emergency maintenance of the electricity network.,27,true,WONGALING BEACH,"COOLIBAH ST, KURRAJONG CL, SPURWOOD CL",2026-09-27T02:10:00Z,2026-09-27T03:00:00Z,146.0931642,-17.8928762,Cassowary Coast Regional,2260,https://services.arcgis.com/33eHbTVqo7gtiCE8/arcgis/rest/services/VwErgonOutages/FeatureServer/0,Polygon,"{""type"":""Polygon"",""coordinates"":[[[146.091203081305,-17.8921757645497],[146.091210652502,-17.8920451115491],[146.091347015224,-17.891403421435],[146.091790850936,-17.8910419844885],[146.09340655487,-17.890980778932],[146.093428280072,-17.8909804351019],[146.094481340996,-17.8909869785065],[146.094923507865,-17.8912889114887],[146.095543821808,-17.8929773825925],[146.095365958485,-17.893499711239],[146.093169100755,-17.8949456036527],[146.093131065498,-17.8949681721842],[146.092587607283,-17.8952574354181],[146.0919794539,-17.8951320186242],[146.091491901011,-17.8945038853913],[146.091400652749,-17.8942749044884],[146.091203081305,-17.8921757645497]]]}","{""OBJECTID"":911014,""EVENT_ID"":""26FN9496"",""TYPE"":""UNPLANNED"",""STATUS"":""Crews working on-site"",""CUSTOMERS_AFFECTED"":27,""SUBURBS"":""WONGALING BEACH"",""STREETS"":""COOLIBAH ST, KURRAJONG CL, SPURWOOD CL"",""START"":1790475000000,""FINISH"":null,""EST_FIX_TIME"":1790478000000,""REASON"":""The loss of supply is to allow emergency maintenance of the electricity network."",""CRC"":""41206F5F"",""EXTRACTED"":1790475305848,""SHAPE__Area"":183012.115234375,""SHAPE__Length"":1598.0673160845345}"
2026-09-27T02:45:33Z,2026-09-27T12:45:33+10:00,au.qld.ergon,Ergon Energy,au.qld.ergon|unplanned|911012,911012,unplanned,Crews working on-site,The loss of supply is due to fallen power lines.,110,true,"HAMPDEN, KUTTABUL","BEALLAH RD, BRUCE HWY, BURTONS ACCESS RD, CAMERONS CROSSING RD, DEWAARDS ACCESS RD, EDMONDS RD, HOPFS RD, HUDSONS RD, KEMPS RD, LANES RD, MARIAN HAMPDEN RD, SORENSENS RD, WALLINS RD",2026-09-27T01:23:00Z,,148.9278869,-21.0669738,Mackay Regional,4770,https://services.arcgis.com/33eHbTVqo7gtiCE8/arcgis/rest/services/VwErgonOutages/FeatureServer/0,Polygon,"{""type"":""Polygon"",""coordinates"":[[[148.891151414789,-21.0676007176977],[148.891075385961,-21.0670895218096],[148.901736030979,-21.0473706592182],[148.902063398369,-21.0471336237477],[148.923710350697,-21.0427416262345],[148.924066934939,-21.0428000754845],[148.946849889559,-21.0561660530616],[148.946881419512,-21.0561862215531],[148.971686431982,-21.0734399426284],[148.97161543984,-21.074206508118],[148.936054287249,-21.0909147041811],[148.935641739135,-21.0909227821741],[148.898937696508,-21.0754388351956],[148.898782024495,-21.0753338361795],[148.891151414789,-21.0676007176977]]]}","{""OBJECTID"":911012,""EVENT_ID"":""26MK6061"",""TYPE"":""UNPLANNED"",""STATUS"":""Outage reported"",""CUSTOMERS_AFFECTED"":110,""SUBURBS"":""HAMPDEN, KUTTABUL"",""STREETS"":""BEALLAH RD, BRUCE HWY, BURTONS ACCESS RD, CAMERONS CROSSING RD, DEWAARDS ACCESS RD, EDMONDS RD, HOPFS RD, HUDSONS RD, KEMPS RD, LANES RD, MARIAN HAMPDEN RD, SORENSENS RD, WALLINS RD"",""START"":1790472180000,""FINISH"":null,""EST_FIX_TIME"":null,""REASON"":""The loss of supply is due to fallen power lines.  "",""CRC"":""8E066CBE"",""EXTRACTED"":1790472904765,""SHAPE__Area"":29793434.82421875,""SHAPE__Length"":22021.908312288288}"
2026-09-27T03:00:57Z,2026-09-27T13:00:57+10:00,au.qld.ergon,Ergon Energy,au.qld.ergon|unplanned|911013,911013,unplanned,Crews working on-site,The loss of supply is due to damage caused by accidental contact with powerlines by a third party.,3,true,DIRRANBANDI,"EURABA RD, MINNUM RD",2026-09-26T23:41:53Z,,147.9818185,-28.7965226,Balonne Shire,300,https://services.arcgis.com/33eHbTVqo7gtiCE8/arcgis/rest/services/VwErgonOutages/FeatureServer/0,Polygon,"{""type"":""Polygon"",""coordinates"":[[[147.911302161766,-28.8199188303144],[147.910724056202,-28.8196237529808],[147.910968740118,-28.8190761755417],[148.024207305807,-28.7663641157747],[148.024774114972,-28.7664159318841],[148.024935674186,-28.7668974423285],[148.012135565559,-28.8030211313874],[148.011741168479,-28.8033301337807],[147.911302161766,-28.8199188303144]]]}","{""OBJECTID"":911013,""EVENT_ID"":""26SW11705"",""TYPE"":""UNPLANNED"",""STATUS"":""Outage reported"",""CUSTOMERS_AFFECTED"":3,""SUBURBS"":""DIRRANBANDI"",""STREETS"":""EURABA RD, MINNUM RD"",""START"":1790466113000,""FINISH"":null,""EST_FIX_TIME"":null,""REASON"":""The loss of supply is due to damage caused by accidental contact with powerlines by a third party. "",""CRC"":""B778C8B2"",""EXTRACTED"":1790475004354,""SHAPE__Area"":25899566.58984375,""SHAPE__Length"":30790.938746716132}"
2026-09-27T03:00:57Z,2026-09-27T13:00:57+10:00,au.qld.ergon,Ergon Energy,au.qld.ergon|unplanned|911014,911014,unplanned,Crews working on-site,The loss of supply is to allow emergency maintenance of the electricity network.,27,true,WONGALING BEACH,"COOLIBAH ST, KURRAJONG CL, SPURWOOD CL",2026-09-27T02:10:00Z,2026-09-27T03:00:00Z,146.0931642,-17.8928762,Cassowary Coast Regional,2260,https://services.arcgis.com/33eHbTVqo7gtiCE8/arcgis/rest/services/VwErgonOutages/FeatureServer/0,Polygon,"{""type"":""Polygon"",""coordinates"":[[[146.091203081305,-17.8921757645497],[146.091210652502,-17.8920451115491],[146.091347015224,-17.891403421435],[146.091790850936,-17.8910419844885],[146.09340655487,-17.890980778932],[146.093428280072,-17.8909804351019],[146.094481340996,-17.8909869785065],[146.094923507865,-17.8912889114887],[146.095543821808,-17.8929773825925],[146.095365958485,-17.893499711239],[146.093169100755,-17.8949456036527],[146.093131065498,-17.8949681721842],[146.092587607283,-17.8952574354181],[146.0919794539,-17.8951320186242],[146.091491901011,-17.8945038853913],[146.091400652749,-17.8942749044884],[146.091203081305,-17.8921757645497]]]}","{""OBJECTID"":911014,""EVENT_ID"":""26FN9496"",""TYPE"":""UNPLANNED"",""STATUS"":""Crews working on-site"",""CUSTOMERS_AFFECTED"":27,""SUBURBS"":""WONGALING BEACH"",""STREETS"":""COOLIBAH ST, KURRAJONG CL, SPURWOOD CL"",""START"":1790475000000,""FINISH"":null,""EST_FIX_TIME"":1790478000000,""REASON"":""The loss of supply is to allow emergency maintenance of the electricity network."",""CRC"":""41206F5F"",""EXTRACTED"":1790475305848,""SHAPE__Area"":183012.115234375,""SHAPE__Length"":1598.0673160845345}"
2026-09-27T03:00:57Z,2026-09-27T13:00:57+10:00,au.qld.ergon,Ergon Energy,au.qld.ergon|unplanned|911012,911012,unplanned,Crews working on-site,The loss of supply is due to fallen power lines.,110,true,"HAMPDEN, KUTTABUL","BEALLAH RD, BRUCE HWY, BURTONS ACCESS RD, CAMERONS CROSSING RD, DEWAARDS ACCESS RD, EDMONDS RD, HOPFS RD, HUDSONS RD, KEMPS RD, LANES RD, MARIAN HAMPDEN RD, SORENSENS RD, WALLINS RD",2026-09-27T01:23:00Z,,148.9278869,-21.0669738,Mackay Regional,4770,https://services.arcgis.com/33eHbTVqo7gtiCE8/arcgis/rest/services/VwErgonOutages/FeatureServer/0,Polygon,"{""type"":""Polygon"",""coordinates"":[[[148.891151414789,-21.0676007176977],[148.891075385961,-21.0670895218096],[148.901736030979,-21.0473706592182],[148.902063398369,-21.0471336237477],[148.923710350697,-21.0427416262345],[148.924066934939,-21.0428000754845],[148.946849889559,-21.0561660530616],[148.946881419512,-21.0561862215531],[148.971686431982,-21.0734399426284],[148.97161543984,-21.074206508118],[148.936054287249,-21.0909147041811],[148.935641739135,-21.0909227821741],[148.898937696508,-21.0754388351956],[148.898782024495,-21.0753338361795],[148.891151414789,-21.0676007176977]]]}","{""OBJECTID"":911012,""EVENT_ID"":""26MK6061"",""TYPE"":""UNPLANNED"",""STATUS"":""Outage reported"",""CUSTOMERS_AFFECTED"":110,""SUBURBS"":""HAMPDEN, KUTTABUL"",""STREETS"":""BEALLAH RD, BRUCE HWY, BURTONS ACCESS RD, CAMERONS CROSSING RD, DEWAARDS ACCESS RD, EDMONDS RD, HOPFS RD, HUDSONS RD, KEMPS RD, LANES RD, MARIAN HAMPDEN RD, SORENSENS RD, WALLINS RD"",""START"":1790472180000,""FINISH"":null,""EST_FIX_TIME"":null,""REASON"":""The loss of supply is due to fallen power lines.  "",""CRC"":""8E066CBE"",""EXTRACTED"":1790472904765,""SHAPE__Area"":29793434.82421875,""SHAPE__Length"":22021.908312288288}"
2026-09-27T03:15:42Z,2026-09-27T13:15:42+10:00,au.qld.ergon,Ergon Energy,au.qld.ergon|unplanned|911013,911013,unplanned,Crews working on-site,The loss of supply is due to damage caused by accidental contact with powerlines by a third party.,3,true,DIRRANBANDI,"EURABA RD, MINNUM RD",2026-09-26T23:41:53Z,,147.9818185,-28.7965226,Balonne Shire,300,https://services.arcgis.com/33eHbTVqo7gtiCE8/arcgis/rest/services/VwErgonOutages/FeatureServer/0,Polygon,"{""type"":""Polygon"",""coordinates"":[[[147.911302161766,-28.8199188303144],[147.910724056202,-28.8196237529808],[147.910968740118,-28.8190761755417],[148.024207305807,-28.7663641157747],[148.024774114972,-28.7664159318841],[148.024935674186,-28.7668974423285],[148.012135565559,-28.8030211313874],[148.011741168479,-28.8033301337807],[147.911302161766,-28.8199188303144]]]}","{""OBJECTID"":911013,""EVENT_ID"":""26SW11705"",""TYPE"":""UNPLANNED"",""STATUS"":""Outage reported"",""CUSTOMERS_AFFECTED"":3,""SUBURBS"":""DIRRANBANDI"",""STREETS"":""EURABA RD, MINNUM RD"",""START"":1790466113000,""FINISH"":null,""EST_FIX_TIME"":null,""REASON"":""The loss of supply is due to damage caused by accidental contact with powerlines by a third party. "",""CRC"":""B778C8B2"",""EXTRACTED"":1790475004354,""SHAPE__Area"":25899566.58984375,""SHAPE__Length"":30790.938746716132}"
2026-09-27T03:15:42Z,2026-09-27T13:15:42+10:00,au.qld.ergon,Ergon Energy,au.qld.ergon|unplanned|911014,911014,unplanned,Crews working on-site,The loss of supply is to allow emergency maintenance of the electricity network.,27,true,WONGALING BEACH,"COOLIBAH ST, KURRAJONG CL, SPURWOOD CL",2026-09-27T02:10:00Z,2026-09-27T04:00:00Z,146.0931642,-17.8928762,Cassowary Coast Regional,2260,https://services.arcgis.com/33eHbTVqo7gtiCE8/arcgis/rest/services/VwErgonOutages/FeatureServer/0,Polygon,"{""type"":""Polygon"",""coordinates"":[[[146.091203081305,-17.8921757645497],[146.091210652502,-17.8920451115491],[146.091347015224,-17.891403421435],[146.091790850936,-17.8910419844885],[146.09340655487,-17.890980778932],[146.093428280072,-17.8909804351019],[146.094481340996,-17.8909869785065],[146.094923507865,-17.8912889114887],[146.095543821808,-17.8929773825925],[146.095365958485,-17.893499711239],[146.093169100755,-17.8949456036527],[146.093131065498,-17.8949681721842],[146.092587607283,-17.8952574354181],[146.0919794539,-17.8951320186242],[146.091491901011,-17.8945038853913],[146.091400652749,-17.8942749044884],[146.091203081305,-17.8921757645497]]]}","{""OBJECTID"":911014,""EVENT_ID"":""26FN9496"",""TYPE"":""UNPLANNED"",""STATUS"":""Crews working on-site"",""CUSTOMERS_AFFECTED"":27,""SUBURBS"":""WONGALING BEACH"",""STREETS"":""COOLIBAH ST, KURRAJONG CL, SPURWOOD CL"",""START"":1790475000000,""FINISH"":null,""EST_FIX_TIME"":1790481600000,""REASON"":""The loss of supply is to allow emergency maintenance of the electricity network."",""CRC"":""E30893D1"",""EXTRACTED"":1790478604518,""SHAPE__Area"":183012.115234375,""SHAPE__Length"":1598.0673160845345}"
2026-09-27T03:15:42Z,2026-09-27T13:15:42+10:00,au.qld.ergon,Ergon Energy,au.qld.ergon|unplanned|911012,911012,unplanned,Crews working on-site,The loss of supply is due to fallen power lines.,110,true,"HAMPDEN, KUTTABUL","BEALLAH RD, BRUCE HWY, BURTONS ACCESS RD, CAMERONS CROSSING RD, DEWAARDS ACCESS RD, EDMONDS RD, HOPFS RD, HUDSONS RD, KEMPS RD, LANES RD, MARIAN HAMPDEN RD, SORENSENS RD, WALLINS RD",2026-09-27T01:23:00Z,,148.9278869,-21.0669738,Mackay Regional,4770,https://services.arcgis.com/33eHbTVqo7gtiCE8/arcgis/rest/services/VwErgonOutages/FeatureServer/0,Polygon,"{""type"":""Polygon"",""coordinates"":[[[148.891151414789,-21.0676007176977],[148.891075385961,-21.0670895218096],[148.901736030979,-21.0473706592182],[148.902063398369,-21.0471336237477],[148.923710350697,-21.0427416262345],[148.924066934939,-21.0428000754845],[148.946849889559,-21.0561660530616],[148.946881419512,-21.0561862215531],[148.971686431982,-21.0734399426284],[148.97161543984,-21.074206508118],[148.936054287249,-21.0909147041811],[148.935641739135,-21.0909227821741],[148.898937696508,-21.0754388351956],[148.898782024495,-21.0753338361795],[148.891151414789,-21.0676007176977]]]}","{""OBJECTID"":911012,""EVENT_ID"":""26MK6061"",""TYPE"":""UNPLANNED"",""STATUS"":""Outage reported"",""CUSTOMERS_AFFECTED"":110,""SUBURBS"":""HAMPDEN, KUTTABUL"",""STREETS"":""BEALLAH RD, BRUCE HWY, BURTONS ACCESS RD, CAMERONS CROSSING RD, DEWAARDS ACCESS RD, EDMONDS RD, HOPFS RD, HUDSONS RD, KEMPS RD, LANES RD, MARIAN HAMPDEN RD, SORENSENS RD, WALLINS RD"",""START"":1790472180000,""FINISH"":null,""EST_FIX_TIME"":null,""REASON"":""The loss of supply is due to fallen power lines.  "",""CRC"":""8E066CBE"",""EXTRACTED"":1790472904765,""SHAPE__Area"":29793434.82421875,""SHAPE__Length"":22021.908312288288}"
2026-09-27T03:31:23Z,2026-09-27T13:31:23+10:00,au.qld.ergon,Ergon Energy,au.qld.ergon|unplanned|911013,911013,unplanned,Crews working on-site,The loss of supply is due to damage caused by accidental contact with powerlines by a third party.,3,true,DIRRANBANDI,"EURABA RD, MINNUM RD",2026-09-26T23:41:53Z,,147.9818185,-28.7965226,Balonne Shire,300,https://services.arcgis.com/33eHbTVqo7gtiCE8/arcgis/rest/services/VwErgonOutages/FeatureServer/0,Polygon,"{""type"":""Polygon"",""coordinates"":[[[147.911302161766,-28.8199188303144],[147.910724056202,-28.8196237529808],[147.910968740118,-28.8190761755417],[148.024207305807,-28.7663641157747],[148.024774114972,-28.7664159318841],[148.024935674186,-28.7668974423285],[148.012135565559,-28.8030211313874],[148.011741168479,-28.8033301337807],[147.911302161766,-28.8199188303144]]]}","{""OBJECTID"":911013,""EVENT_ID"":""26SW11705"",""TYPE"":""UNPLANNED"",""STATUS"":""Crews working on-site"",""CUSTOMERS_AFFECTED"":3,""SUBURBS"":""DIRRANBANDI"",""STREETS"":""EURABA RD, MINNUM RD"",""START"":1790466113000,""FINISH"":null,""EST_FIX_TIME"":null,""REASON"":""The loss of supply is due to damage caused by accidental contact with powerlines by a third party. "",""CRC"":""E365BF35"",""EXTRACTED"":1790479505050,""SHAPE__Area"":25899566.58984375,""SHAPE__Length"":30790.938746716132}"
2026-09-27T03:31:23Z,2026-09-27T13:31:23+10:00,au.qld.ergon,Ergon Energy,au.qld.ergon|unplanned|911014,911014,unplanned,Crews working on-site,The loss of supply is to allow emergency maintenance of the electricity network.,27,true,WONGALING BEACH,"COOLIBAH ST, KURRAJONG CL, SPURWOOD CL",2026-09-27T02:10:00Z,2026-09-27T04:00:00Z,146.0931642,-17.8928762,Cassowary Coast Regional,2260,https://services.arcgis.com/33eHbTVqo7gtiCE8/arcgis/rest/services/VwErgonOutages/FeatureServer/0,Polygon,"{""type"":""Polygon"",""coordinates"":[[[146.091203081305,-17.8921757645497],[146.091210652502,-17.8920451115491],[146.091347015224,-17.891403421435],[146.091790850936,-17.8910419844885],[146.09340655487,-17.890980778932],[146.093428280072,-17.8909804351019],[146.094481340996,-17.8909869785065],[146.094923507865,-17.8912889114887],[146.095543821808,-17.8929773825925],[146.095365958485,-17.893499711239],[146.093169100755,-17.8949456036527],[146.093131065498,-17.8949681721842],[146.092587607283,-17.8952574354181],[146.0919794539,-17.8951320186242],[146.091491901011,-17.8945038853913],[146.091400652749,-17.8942749044884],[146.091203081305,-17.8921757645497]]]}","{""OBJECTID"":911014,""EVENT_ID"":""26FN9496"",""TYPE"":""UNPLANNED"",""STATUS"":""Crews working on-site"",""CUSTOMERS_AFFECTED"":27,""SUBURBS"":""WONGALING BEACH"",""STREETS"":""COOLIBAH ST, KURRAJONG CL, SPURWOOD CL"",""START"":1790475000000,""FINISH"":null,""EST_FIX_TIME"":1790481600000,""REASON"":""The loss of supply is to allow emergency maintenance of the electricity network."",""CRC"":""E30893D1"",""EXTRACTED"":1790478604518,""SHAPE__Area"":183012.115234375,""SHAPE__Length"":1598.0673160845345}"
2026-09-27T03:31:23Z,2026-09-27T13:31:23+10:00,au.qld.ergon,Ergon Energy,au.qld.ergon|unplanned|911012,911012,unplanned,Crews working on-site,The loss of supply is due to fallen power lines.,110,true,"HAMPDEN, KUTTABUL","BEALLAH RD, BRUCE HWY, BURTONS ACCESS RD, CAMERONS CROSSING RD, DEWAARDS ACCESS RD, EDMONDS RD, HOPFS RD, HUDSONS RD, KEMPS RD, LANES RD, MARIAN HAMPDEN RD, SORENSENS RD, WALLINS RD",2026-09-27T01:23:00Z,,148.9278869,-21.0669738,Mackay Regional,4770,https://services.arcgis.com/33eHbTVqo7gtiCE8/arcgis/rest/services/VwErgonOutages/FeatureServer/0,Polygon,"{""type"":""Polygon"",""coordinates"":[[[148.891151414789,-21.0676007176977],[148.891075385961,-21.0670895218096],[148.901736030979,-21.0473706592182],[148.902063398369,-21.0471336237477],[148.923710350697,-21.0427416262345],[148.924066934939,-21.0428000754845],[148.946849889559,-21.0561660530616],[148.946881419512,-21.0561862215531],[148.971686431982,-21.0734399426284],[148.97161543984,-21.074206508118],[148.936054287249,-21.0909147041811],[148.935641739135,-21.0909227821741],[148.898937696508,-21.0754388351956],[148.898782024495,-21.0753338361795],[148.891151414789,-21.0676007176977]]]}","{""OBJECTID"":911012,""EVENT_ID"":""26MK6061"",""TYPE"":""UNPLANNED"",""STATUS"":""Outage reported"",""CUSTOMERS_AFFECTED"":110,""SUBURBS"":""HAMPDEN, KUTTABUL"",""STREETS"":""BEALLAH RD, BRUCE HWY, BURTONS ACCESS RD, CAMERONS CROSSING RD, DEWAARDS ACCESS RD, EDMONDS RD, HOPFS RD, HUDSONS RD, KEMPS RD, LANES RD, MARIAN HAMPDEN RD, SORENSENS RD, WALLINS RD"",""START"":1790472180000,""FINISH"":null,""EST_FIX_TIME"":null,""REASON"":""The loss of supply is due to fallen power lines.  "",""CRC"":""8E066CBE"",""EXTRACTED"":1790472904765,""SHAPE__Area"":29793434.82421875,""SHAPE__Length"":22021.908312288288}"
2026-09-27T03:45:38Z,2026-09-27T13:45:38+10:00,au.qld.ergon,Ergon Energy,au.qld.ergon|unplanned|911013,911013,unplanned,Crews working on-site,The loss of supply is due to damage caused by accidental contact with powerlines by a third party.,3,true,DIRRANBANDI,"EURABA RD, MINNUM RD",2026-09-26T23:41:53Z,,147.9818185,-28.7965226,Balonne Shire,300,https://services.arcgis.com/33eHbTVqo7gtiCE8/arcgis/rest/services/VwErgonOutages/FeatureServer/0,Polygon,"{""type"":""Polygon"",""coordinates"":[[[147.911302161766,-28.8199188303144],[147.910724056202,-28.8196237529808],[147.910968740118,-28.8190761755417],[148.024207305807,-28.7663641157747],[148.024774114972,-28.7664159318841],[148.024935674186,-28.7668974423285],[148.012135565559,-28.8030211313874],[148.011741168479,-28.8033301337807],[147.911302161766,-28.8199188303144]]]}","{""OBJECTID"":911013,""EVENT_ID"":""26SW11705"",""TYPE"":""UNPLANNED"",""STATUS"":""Crews working on-site"",""CUSTOMERS_AFFECTED"":3,""SUBURBS"":""DIRRANBANDI"",""STREETS"":""EURABA RD, MINNUM RD"",""START"":1790466113000,""FINISH"":null,""EST_FIX_TIME"":null,""REASON"":""The loss of supply is due to damage caused by accidental contact with powerlines by a third party. "",""CRC"":""E365BF35"",""EXTRACTED"":1790479505050,""SHAPE__Area"":25899566.58984375,""SHAPE__Length"":30790.938746716132}"
2026-09-27T03:45:38Z,2026-09-27T13:45:38+10:00,au.qld.ergon,Ergon Energy,au.qld.ergon|unplanned|911014,911014,unplanned,Crews working on-site,The loss of supply is to allow emergency maintenance of the electricity network.,27,true,WONGALING BEACH,"COOLIBAH ST, KURRAJONG CL, SPURWOOD CL",2026-09-27T02:10:00Z,2026-09-27T04:00:00Z,146.0931642,-17.8928762,Cassowary Coast Regional,2260,https://services.arcgis.com/33eHbTVqo7gtiCE8/arcgis/rest/services/VwErgonOutages/FeatureServer/0,Polygon,"{""type"":""Polygon"",""coordinates"":[[[146.091203081305,-17.8921757645497],[146.091210652502,-17.8920451115491],[146.091347015224,-17.891403421435],[146.091790850936,-17.8910419844885],[146.09340655487,-17.890980778932],[146.093428280072,-17.8909804351019],[146.094481340996,-17.8909869785065],[146.094923507865,-17.8912889114887],[146.095543821808,-17.8929773825925],[146.095365958485,-17.893499711239],[146.093169100755,-17.8949456036527],[146.093131065498,-17.8949681721842],[146.092587607283,-17.8952574354181],[146.0919794539,-17.8951320186242],[146.091491901011,-17.8945038853913],[146.091400652749,-17.8942749044884],[146.091203081305,-17.8921757645497]]]}","{""OBJECTID"":911014,""EVENT_ID"":""26FN9496"",""TYPE"":""UNPLANNED"",""STATUS"":""Crews working on-site"",""CUSTOMERS_AFFECTED"":27,""SUBURBS"":""WONGALING BEACH"",""STREETS"":""COOLIBAH ST, KURRAJONG CL, SPURWOOD CL"",""START"":1790475000000,""FINISH"":null,""EST_FIX_TIME"":1790481600000,""REASON"":""The loss of supply is to allow emergency maintenance of the electricity network."",""CRC"":""E30893D1"",""EXTRACTED"":1790478604518,""SHAPE__Area"":183012.115234375,""SHAPE__Length"":1598.0673160845345}"
2026-09-27T03:45:38Z,2026-09-27T13:45:38+10:00,au.qld.ergon,Ergon Energy,au.qld.ergon|unplanned|911017,911017,unplanned,Crews working on-site,The loss of supply is due to damage requiring emergency repairs. Fault finding is in progress.,11,true,OAKHURST,SLATER ST,2026-09-27T02:42:03Z,,152.6317159,-25.5104983,Fraser Coast Regional,3220,https://services.arcgis.com/33eHbTVqo7gtiCE8/arcgis/rest/services/VwErgonOutages/FeatureServer/0,Polygon,"{""type"":""Polygon"",""coordinates"":[[[152.630136220238,-25.5096307595497],[152.630333144411,-25.5090646080652],[152.631643769431,-25.5083448742525],[152.632390686258,-25.5086642770202],[152.632873775966,-25.5116482621141],[152.632878682495,-25.5116965636342],[152.632915227125,-25.5125695778662],[152.632569806697,-25.5130153429917],[152.632004406888,-25.5128317154389],[152.631641301647,-25.5123246863304],[152.631620315695,-25.5122925327236],[152.630566197023,-25.5105126969574],[152.630549236586,-25.5104811686359],[152.630136220238,-25.5096307595497]]]}","{""OBJECTID"":911017,""EVENT_ID"":""26WB8898"",""TYPE"":""UNPLANNED"",""STATUS"":""Outage reported"",""CUSTOMERS_AFFECTED"":11,""SUBURBS"":""OAKHURST"",""STREETS"":""SLATER ST"",""START"":1790476923000,""FINISH"":null,""EST_FIX_TIME"":null,""REASON"":""The loss of supply is due to damage requiring emergency repairs. Fault finding is in progress."",""CRC"":""B84AC6D8"",""EXTRACTED"":1790480405275,""SHAPE__Area"":108384.10546875,""SHAPE__Length"":1402.5250481167034}"
2026-09-27T03:45:38Z,2026-09-27T13:45:38+10:00,au.qld.ergon,Ergon Energy,au.qld.ergon|unplanned|911012,911012,unplanned,Crews working on-site,The loss of supply is due to fallen power lines.,110,true,"HAMPDEN, KUTTABUL","BEALLAH RD, BRUCE HWY, BURTONS ACCESS RD, CAMERONS CROSSING RD, DEWAARDS ACCESS RD, EDMONDS RD, HOPFS RD, HUDSONS RD, KEMPS RD, LANES RD, MARIAN HAMPDEN RD, SORENSENS RD, WALLINS RD",2026-09-27T01:23:00Z,,148.9278869,-21.0669738,Mackay Regional,4770,https://services.arcgis.com/33eHbTVqo7gtiCE8/arcgis/rest/services/VwErgonOutages/FeatureServer/0,Polygon,"{""type"":""Polygon"",""coordinates"":[[[148.891151414789,-21.0676007176977],[148.891075385961,-21.0670895218096],[148.901736030979,-21.0473706592182],[148.902063398369,-21.0471336237477],[148.923710350697,-21.0427416262345],[148.924066934939,-21.0428000754845],[148.946849889559,-21.0561660530616],[148.946881419512,-21.0561862215531],[148.971686431982,-21.0734399426284],[148.97161543984,-21.074206508118],[148.936054287249,-21.0909147041811],[148.935641739135,-21.0909227821741],[148.898937696508,-21.0754388351956],[148.898782024495,-21.0753338361795],[148.891151414789,-21.0676007176977]]]}","{""OBJECTID"":911012,""EVENT_ID"":""26MK6061"",""TYPE"":""UNPLANNED"",""STATUS"":""Outage reported"",""CUSTOMERS_AFFECTED"":110,""SUBURBS"":""HAMPDEN, KUTTABUL"",""STREETS"":""BEALLAH RD, BRUCE HWY, BURTONS ACCESS RD, CAMERONS CROSSING RD, DEWAARDS ACCESS RD, EDMONDS RD, HOPFS RD, HUDSONS RD, KEMPS RD, LANES RD, MARIAN HAMPDEN RD, SORENSENS RD, WALLINS RD"",""START"":1790472180000,""FINISH"":null,""EST_FIX_TIME"":null,""REASON"":""The loss of supply is due to fallen power lines.  "",""CRC"":""8E066CBE"",""EXTRACTED"":1790472904765,""SHAPE__Area"":29793434.82421875,""SHAPE__Length"":22021.908312288288}"
2026-09-27T04:01:00Z,2026-09-27T14:01:00+10:00,au.qld.ergon,Ergon Energy,au.qld.ergon|unplanned|911013,911013,unplanned,Crews working on-site,The loss of supply is due to damage caused by accidental contact with powerlines by a third party.,3,true,DIRRANBANDI,"EURABA RD, MINNUM RD",2026-09-26T23:41:53Z,,147.9818185,-28.7965226,Balonne Shire,300,https://services.arcgis.com/33eHbTVqo7gtiCE8/arcgis/rest/services/VwErgonOutages/FeatureServer/0,Polygon,"{""type"":""Polygon"",""coordinates"":[[[147.911302161766,-28.8199188303144],[147.910724056202,-28.8196237529808],[147.910968740118,-28.8190761755417],[148.024207305807,-28.7663641157747],[148.024774114972,-28.7664159318841],[148.024935674186,-28.7668974423285],[148.012135565559,-28.8030211313874],[148.011741168479,-28.8033301337807],[147.911302161766,-28.8199188303144]]]}","{""OBJECTID"":911013,""EVENT_ID"":""26SW11705"",""TYPE"":""UNPLANNED"",""STATUS"":""Crews working on-site"",""CUSTOMERS_AFFECTED"":3,""SUBURBS"":""DIRRANBANDI"",""STREETS"":""EURABA RD, MINNUM RD"",""START"":1790466113000,""FINISH"":null,""EST_FIX_TIME"":null,""REASON"":""The loss of supply is due to damage caused by accidental contact with powerlines by a third party. "",""CRC"":""E365BF35"",""EXTRACTED"":1790479505050,""SHAPE__Area"":25899566.58984375,""SHAPE__Length"":30790.938746716132}"
2026-09-27T04:01:00Z,2026-09-27T14:01:00+10:00,au.qld.ergon,Ergon Energy,au.qld.ergon|unplanned|911017,911017,unplanned,Crews working on-site,The loss of supply is due to damage requiring emergency repairs. Fault finding is in progress.,11,true,OAKHURST,SLATER ST,2026-09-27T02:42:03Z,,152.6317159,-25.5104983,Fraser Coast Regional,3220,https://services.arcgis.com/33eHbTVqo7gtiCE8/arcgis/rest/services/VwErgonOutages/FeatureServer/0,Polygon,"{""type"":""Polygon"",""coordinates"":[[[152.630136220238,-25.5096307595497],[152.630333144411,-25.5090646080652],[152.631643769431,-25.5083448742525],[152.632390686258,-25.5086642770202],[152.632873775966,-25.5116482621141],[152.632878682495,-25.5116965636342],[152.632915227125,-25.5125695778662],[152.632569806697,-25.5130153429917],[152.632004406888,-25.5128317154389],[152.631641301647,-25.5123246863304],[152.631620315695,-25.5122925327236],[152.630566197023,-25.5105126969574],[152.630549236586,-25.5104811686359],[152.630136220238,-25.5096307595497]]]}","{""OBJECTID"":911017,""EVENT_ID"":""26WB8898"",""TYPE"":""UNPLANNED"",""STATUS"":""Crews working on-site"",""CUSTOMERS_AFFECTED"":11,""SUBURBS"":""OAKHURST"",""STREETS"":""SLATER ST"",""START"":1790476923000,""FINISH"":null,""EST_FIX_TIME"":null,""REASON"":""The loss of supply is due to damage requiring emergency repairs. Fault finding is in progress."",""CRC"":""EC57B15F"",""EXTRACTED"":1790481004204,""SHAPE__Area"":108384.10546875,""SHAPE__Length"":1402.5250481167034}"
2026-09-27T04:01:00Z,2026-09-27T14:01:00+10:00,au.qld.ergon,Ergon Energy,au.qld.ergon|unplanned|911012,911012,unplanned,Crews working on-site,The loss of supply is due to fallen power lines.,110,true,"HAMPDEN, KUTTABUL","BEALLAH RD, BRUCE HWY, BURTONS ACCESS RD, CAMERONS CROSSING RD, DEWAARDS ACCESS RD, EDMONDS RD, HOPFS RD, HUDSONS RD, KEMPS RD, LANES RD, MARIAN HAMPDEN RD, SORENSENS RD, WALLINS RD",2026-09-27T01:23:00Z,,148.9278869,-21.0669738,Mackay Regional,4770,https://services.arcgis.com/33eHbTVqo7gtiCE8/arcgis/rest/services/VwErgonOutages/FeatureServer/0,Polygon,"{""type"":""Polygon"",""coordinates"":[[[148.891151414789,-21.0676007176977],[148.891075385961,-21.0670895218096],[148.901736030979,-21.0473706592182],[148.902063398369,-21.0471336237477],[148.923710350697,-21.0427416262345],[148.924066934939,-21.0428000754845],[148.946849889559,-21.0561660530616],[148.946881419512,-21.0561862215531],[148.971686431982,-21.0734399426284],[148.97161543984,-21.074206508118],[148.936054287249,-21.0909147041811],[148.935641739135,-21.0909227821741],[148.898937696508,-21.0754388351956],[148.898782024495,-21.0753338361795],[148.891151414789,-21.0676007176977]]]}","{""OBJECTID"":911012,""EVENT_ID"":""26MK6061"",""TYPE"":""UNPLANNED"",""STATUS"":""Outage reported"",""CUSTOMERS_AFFECTED"":110,""SUBURBS"":""HAMPDEN, KUTTABUL"",""STREETS"":""BEALLAH RD, BRUCE HWY, BURTONS ACCESS RD, CAMERONS CROSSING RD, DEWAARDS ACCESS RD, EDMONDS RD, HOPFS RD, HUDSONS RD, KEMPS RD, LANES RD, MARIAN HAMPDEN RD, SORENSENS RD, WALLINS RD"",""START"":1790472180000,""FINISH"":null,""EST_FIX_TIME"":null,""REASON"":""The loss of supply is due to fallen power lines.  "",""CRC"":""8E066CBE"",""EXTRACTED"":1790472904765,""SHAPE__Area"":29793434.82421875,""SHAPE__Length"":22021.908312288288}"
2026-09-27T04:15:37Z,2026-09-27T14:15:37+10:00,au.qld.ergon,Ergon Energy,au.qld.ergon|unplanned|911012,911012,unplanned,Crews working on-site,The loss of supply is due to fallen power lines.,110,true,"HAMPDEN, KUTTABUL","BEALLAH RD, BRUCE HWY, BURTONS ACCESS RD, CAMERONS CROSSING RD, DEWAARDS ACCESS RD, EDMONDS RD, HOPFS RD, HUDSONS RD, KEMPS RD, LANES RD, MARIAN HAMPDEN RD, SORENSENS RD, WALLINS RD",2026-09-27T01:23:00Z,,148.9278869,-21.0669738,Mackay Regional,4770,https://services.arcgis.com/33eHbTVqo7gtiCE8/arcgis/rest/services/VwErgonOutages/FeatureServer/0,Polygon,"{""type"":""Polygon"",""coordinates"":[[[148.891151414789,-21.0676007176977],[148.891075385961,-21.0670895218096],[148.901736030979,-21.0473706592182],[148.902063398369,-21.0471336237477],[148.923710350697,-21.0427416262345],[148.924066934939,-21.0428000754845],[148.946849889559,-21.0561660530616],[148.946881419512,-21.0561862215531],[148.971686431982,-21.0734399426284],[148.97161543984,-21.074206508118],[148.936054287249,-21.0909147041811],[148.935641739135,-21.0909227821741],[148.898937696508,-21.0754388351956],[148.898782024495,-21.0753338361795],[148.891151414789,-21.0676007176977]]]}","{""OBJECTID"":911012,""EVENT_ID"":""26MK6061"",""TYPE"":""UNPLANNED"",""STATUS"":""Outage reported"",""CUSTOMERS_AFFECTED"":110,""SUBURBS"":""HAMPDEN, KUTTABUL"",""STREETS"":""BEALLAH RD, BRUCE HWY, BURTONS ACCESS RD, CAMERONS CROSSING RD, DEWAARDS ACCESS RD, EDMONDS RD, HOPFS RD, HUDSONS RD, KEMPS RD, LANES RD, MARIAN HAMPDEN RD, SORENSENS RD, WALLINS RD"",""START"":1790472180000,""FINISH"":null,""EST_FIX_TIME"":null,""REASON"":""The loss of supply is due to fallen power lines.  "",""CRC"":""8E066CBE"",""EXTRACTED"":1790472904765,""SHAPE__Area"":29793434.82421875,""SHAPE__Length"":22021.908312288288}"
2026-09-27T04:30:50Z,2026-09-27T14:30:50+10:00,au.qld.ergon,Ergon Energy,au.qld.ergon|unplanned|911012,911012,unplanned,Crews working on-site,The loss of supply is due to fallen power lines.,110,true,"HAMPDEN, KUTTABUL","BEALLAH RD, BRUCE HWY, BURTONS ACCESS RD, CAMERONS CROSSING RD, DEWAARDS ACCESS RD, EDMONDS RD, HOPFS RD, HUDSONS RD, KEMPS RD, LANES RD, MARIAN HAMPDEN RD, SORENSENS RD, WALLINS RD",2026-09-27T01:23:00Z,,148.9278869,-21.0669738,Mackay Regional,4770,https://services.arcgis.com/33eHbTVqo7gtiCE8/arcgis/rest/services/VwErgonOutages/FeatureServer/0,Polygon,"{""type"":""Polygon"",""coordinates"":[[[148.891151414789,-21.0676007176977],[148.891075385961,-21.0670895218096],[148.901736030979,-21.0473706592182],[148.902063398369,-21.0471336237477],[148.923710350697,-21.0427416262345],[148.924066934939,-21.0428000754845],[148.946849889559,-21.0561660530616],[148.946881419512,-21.0561862215531],[148.971686431982,-21.0734399426284],[148.97161543984,-21.074206508118],[148.936054287249,-21.0909147041811],[148.935641739135,-21.0909227821741],[148.898937696508,-21.0754388351956],[148.898782024495,-21.0753338361795],[148.891151414789,-21.0676007176977]]]}","{""OBJECTID"":911012,""EVENT_ID"":""26MK6061"",""TYPE"":""UNPLANNED"",""STATUS"":""Outage reported"",""CUSTOMERS_AFFECTED"":110,""SUBURBS"":""HAMPDEN, KUTTABUL"",""STREETS"":""BEALLAH RD, BRUCE HWY, BURTONS ACCESS RD, CAMERONS CROSSING RD, DEWAARDS ACCESS RD, EDMONDS RD, HOPFS RD, HUDSONS RD, KEMPS RD, LANES RD, MARIAN HAMPDEN RD, SORENSENS RD, WALLINS RD"",""START"":1790472180000,""FINISH"":null,""EST_FIX_TIME"":null,""REASON"":""The loss of supply is due to fallen power lines.  "",""CRC"":""8E066CBE"",""EXTRACTED"":1790472904765,""SHAPE__Area"":29793434.82421875,""SHAPE__Length"":22021.908312288288}"
2026-09-27T04:45:44Z,2026-09-27T14:45:44+10:00,au.qld.ergon,Ergon Energy,au.qld.ergon|unplanned|911012,911012,unplanned,Crews working on-site,The loss of supply is due to fallen power lines.,110,true,"HAMPDEN, KUTTABUL","BEALLAH RD, BRUCE HWY, BURTONS ACCESS RD, CAMERONS CROSSING RD, DEWAARDS ACCESS RD, EDMONDS RD, HOPFS RD, HUDSONS RD, KEMPS RD, LANES RD, MARIAN HAMPDEN RD, SORENSENS RD, WALLINS RD",2026-09-27T01:23:00Z,,148.9278869,-21.0669738,Mackay Regional,4770,https://services.arcgis.com/33eHbTVqo7gtiCE8/arcgis/rest/services/VwErgonOutages/FeatureServer/0,Polygon,"{""type"":""Polygon"",""coordinates"":[[[148.891151414789,-21.0676007176977],[148.891075385961,-21.0670895218096],[148.901736030979,-21.0473706592182],[148.902063398369,-21.0471336237477],[148.923710350697,-21.0427416262345],[148.924066934939,-21.0428000754845],[148.946849889559,-21.0561660530616],[148.946881419512,-21.0561862215531],[148.971686431982,-21.0734399426284],[148.97161543984,-21.074206508118],[148.936054287249,-21.0909147041811],[148.935641739135,-21.0909227821741],[148.898937696508,-21.0754388351956],[148.898782024495,-21.0753338361795],[148.891151414789,-21.0676007176977]]]}","{""OBJECTID"":911012,""EVENT_ID"":""26MK6061"",""TYPE"":""UNPLANNED"",""STATUS"":""Outage reported"",""CUSTOMERS_AFFECTED"":110,""SUBURBS"":""HAMPDEN, KUTTABUL"",""STREETS"":""BEALLAH RD, BRUCE HWY, BURTONS ACCESS RD, CAMERONS CROSSING RD, DEWAARDS ACCESS RD, EDMONDS RD, HOPFS RD, HUDSONS RD, KEMPS RD, LANES RD, MARIAN HAMPDEN RD, SORENSENS RD, WALLINS RD"",""START"":1790472180000,""FINISH"":null,""EST_FIX_TIME"":null,""REASON"":""The loss of supply is due to fallen power lines.  "",""CRC"":""8E066CBE"",""EXTRACTED"":1790472904765,""SHAPE__Area"":29793434.82421875,""SHAPE__Length"":22021.908312288288}"
2026-09-27T04:45:44Z,2026-09-27T14:45:44+10:00,au.qld.ergon,Ergon Energy,au.qld.ergon|unplanned|911018,911018,unplanned,Crews working on-site,The loss of supply is to allow emergency maintenance of the electricity network.,8,true,"CHILVERTON, RAVENSHOE","CHARLES KEOUGH RD, ROSS RD",2026-09-27T04:36:00Z,2026-09-27T07:00:00Z,145.5184968,-17.5446338,Tablelands Regional,6820,https://services.arcgis.com/33eHbTVqo7gtiCE8/arcgis/rest/services/VwErgonOutages/FeatureServer/0,Polygon,"{""type"":""Polygon"",""coordinates"":[[[145.516831849941,-17.5432867335373],[145.517422026436,-17.5428111144999],[145.519553307709,-17.5433544641879],[145.51990318164,-17.5437802015872],[145.519967127449,-17.5463169477105],[145.519234879761,-17.5467037013837],[145.517200035108,-17.5454011740511],[145.516992227611,-17.5450643061542],[145.516831849941,-17.5432867335373]]]}","{""OBJECTID"":911018,""EVENT_ID"":""26FN9498"",""TYPE"":""UNPLANNED"",""STATUS"":""Crews working on-site"",""CUSTOMERS_AFFECTED"":8,""SUBURBS"":""CHILVERTON, RAVENSHOE"",""STREETS"":""CHARLES KEOUGH RD, ROSS RD"",""START"":1790483760000,""FINISH"":null,""EST_FIX_TIME"":1790492400000,""REASON"":""The loss of supply is to allow emergency maintenance of the electricity network."",""CRC"":""9935F9F1"",""EXTRACTED"":1790484005105,""SHAPE__Area"":115661.396484375,""SHAPE__Length"":1310.9486862497922}"
2026-09-27T05:00:53Z,2026-09-27T15:00:53+10:00,au.qld.energex,Energex,au.qld.energex|unplanned|INCD-983760-g,INCD-983760-g,unplanned,Awaiting,Under Investigation,2,true,DOONAN,SUNRISE RD,2026-09-27T04:52:02Z,2026-09-27T06:30:00Z,152.9746180,-26.4423143,Sunshine Coast Regional,6720,https://services.arcgis.com/bfVzktoY0OhzQCDj/ArcGIS/rest/services/VwEnergexOutages/FeatureServer/0,Polygon,"{""type"":""Polygon"",""coordinates"":[[[152.974930862965,-26.441853795734],[152.9754497835,-26.4422890175895],[152.974966321601,-26.4427561617836],[152.974316558786,-26.4427768518245],[152.973797640328,-26.4423416258859],[152.974281105206,-26.44187448562],[152.974930862965,-26.441853795734]]]}","{""OBJECTID"":413333,""EVENT_ID"":""INCD-983760-g"",""TYPE"":""UNPLANNED"",""STATUS"":""Awaiting"",""CUSTOMERS_AFFECTED"":2,""SUBURBS"":""DOONAN"",""STREETS"":""SUNRISE RD"",""START"":1790484722058,""FINISH"":null,""EST_FIX_TIME"":1790490600000,""REASON"":""Under Investigation"",""CRC"":""8FB33226"",""EXTRACTED"":1790484903868,""SHAPE__Area"":14391.84375,""SHAPE__Length"":461.41445225298025}"
2026-09-27T05:00:53Z,2026-09-27T15:00:53+10:00,au.qld.ergon,Ergon Energy,au.qld.ergon|unplanned|911012,911012,unplanned,Crews working on-site,The loss of supply is due to fallen power lines.,110,true,"HAMPDEN, KUTTABUL","BEALLAH RD, BRUCE HWY, BURTONS ACCESS RD, CAMERONS CROSSING RD, DEWAARDS ACCESS RD, EDMONDS RD, HOPFS RD, HUDSONS RD, KEMPS RD, LANES RD, MARIAN HAMPDEN RD, SORENSENS RD, WALLINS RD",2026-09-27T01:23:00Z,2026-09-27T06:00:00Z,148.9278869,-21.0669738,Mackay Regional,4770,https://services.arcgis.com/33eHbTVqo7gtiCE8/arcgis/rest/services/VwErgonOutages/FeatureServer/0,Polygon,"{""type"":""Polygon"",""coordinates"":[[[148.891151414789,-21.0676007176977],[148.891075385961,-21.0670895218096],[148.901736030979,-21.0473706592182],[148.902063398369,-21.0471336237477],[148.923710350697,-21.0427416262345],[148.924066934939,-21.0428000754845],[148.946849889559,-21.0561660530616],[148.946881419512,-21.0561862215531],[148.971686431982,-21.0734399426284],[148.97161543984,-21.074206508118],[148.936054287249,-21.0909147041811],[148.935641739135,-21.0909227821741],[148.898937696508,-21.0754388351956],[148.898782024495,-21.0753338361795],[148.891151414789,-21.0676007176977]]]}","{""OBJECTID"":911012,""EVENT_ID"":""26MK6061"",""TYPE"":""UNPLANNED"",""STATUS"":""Crews working on-site"",""CUSTOMERS_AFFECTED"":110,""SUBURBS"":""HAMPDEN, KUTTABUL"",""STREETS"":""BEALLAH RD, BRUCE HWY, BURTONS ACCESS RD, CAMERONS CROSSING RD, DEWAARDS ACCESS RD, EDMONDS RD, HOPFS RD, HUDSONS RD, KEMPS RD, LANES RD, MARIAN HAMPDEN RD, SORENSENS RD, WALLINS RD"",""START"":1790472180000,""FINISH"":null,""EST_FIX_TIME"":1790488800000,""REASON"":""The loss of supply is due to fallen power lines.  "",""CRC"":""79A649B6"",""EXTRACTED"":1790484307569,""SHAPE__Area"":29793434.82421875,""SHAPE__Length"":22021.908312288288}"
2026-09-27T05:00:53Z,2026-09-27T15:00:53+10:00,au.qld.ergon,Ergon Energy,au.qld.ergon|unplanned|911018,911018,unplanned,Crews working on-site,The loss of supply is to allow emergency maintenance of the electricity network.,8,true,"CHILVERTON, RAVENSHOE","CHARLES KEOUGH RD, ROSS RD",2026-09-27T04:36:00Z,2026-09-27T07:00:00Z,145.5184968,-17.5446338,Tablelands Regional,6820,https://services.arcgis.com/33eHbTVqo7gtiCE8/arcgis/rest/services/VwErgonOutages/FeatureServer/0,Polygon,"{""type"":""Polygon"",""coordinates"":[[[145.516831849941,-17.5432867335373],[145.517422026436,-17.5428111144999],[145.519553307709,-17.5433544641879],[145.51990318164,-17.5437802015872],[145.519967127449,-17.5463169477105],[145.519234879761,-17.5467037013837],[145.517200035108,-17.5454011740511],[145.516992227611,-17.5450643061542],[145.516831849941,-17.5432867335373]]]}","{""OBJECTID"":911018,""EVENT_ID"":""26FN9498"",""TYPE"":""UNPLANNED"",""STATUS"":""Crews working on-site"",""CUSTOMERS_AFFECTED"":8,""SUBURBS"":""CHILVERTON, RAVENSHOE"",""STREETS"":""CHARLES KEOUGH RD, ROSS RD"",""START"":1790483760000,""FINISH"":null,""EST_FIX_TIME"":1790492400000,""REASON"":""The loss of supply is to allow emergency maintenance of the electricity network."",""CRC"":""9935F9F1"",""EXTRACTED"":1790484005105,""SHAPE__Area"":115661.396484375,""SHAPE__Length"":1310.9486862497922}"
2026-09-27T05:15:34Z,2026-09-27T15:15:34+10:00,au.qld.energex,Energex,au.qld.energex|unplanned|INCD-983760-g,INCD-983760-g,unplanned,Awaiting,Under Investigation,2,true,DOONAN,SUNRISE RD,2026-09-27T04:52:02Z,2026-09-27T06:30:00Z,152.9746180,-26.4423143,Sunshine Coast Regional,6720,https://services.arcgis.com/bfVzktoY0OhzQCDj/ArcGIS/rest/services/VwEnergexOutages/FeatureServer/0,Polygon,"{""type"":""Polygon"",""coordinates"":[[[152.974930862965,-26.441853795734],[152.9754497835,-26.4422890175895],[152.974966321601,-26.4427561617836],[152.974316558786,-26.4427768518245],[152.973797640328,-26.4423416258859],[152.974281105206,-26.44187448562],[152.974930862965,-26.441853795734]]]}","{""OBJECTID"":413333,""EVENT_ID"":""INCD-983760-g"",""TYPE"":""UNPLANNED"",""STATUS"":""In Progress"",""CUSTOMERS_AFFECTED"":2,""SUBURBS"":""DOONAN"",""STREETS"":""SUNRISE RD"",""START"":1790484722058,""FINISH"":null,""EST_FIX_TIME"":1790490600000,""REASON"":""Under Investigation"",""CRC"":""BB9C6BDC"",""EXTRACTED"":1790486104395,""SHAPE__Area"":14391.84375,""SHAPE__Length"":461.41445225298025}"
2026-09-27T05:15:34Z,2026-09-27T15:15:34+10:00,au.qld.ergon,Ergon Energy,au.qld.ergon|unplanned|911012,911012,unplanned,Crews working on-site,The loss of supply is due to fallen power lines.,110,true,"HAMPDEN, KUTTABUL","BEALLAH RD, BRUCE HWY, BURTONS ACCESS RD, CAMERONS CROSSING RD, DEWAARDS ACCESS RD, EDMONDS RD, HOPFS RD, HUDSONS RD, KEMPS RD, LANES RD, MARIAN HAMPDEN RD, SORENSENS RD, WALLINS RD",2026-09-27T01:23:00Z,2026-09-27T06:00:00Z,148.9278869,-21.0669738,Mackay Regional,4770,https://services.arcgis.com/33eHbTVqo7gtiCE8/arcgis/rest/services/VwErgonOutages/FeatureServer/0,Polygon,"{""type"":""Polygon"",""coordinates"":[[[148.891151414789,-21.0676007176977],[148.891075385961,-21.0670895218096],[148.901736030979,-21.0473706592182],[148.902063398369,-21.0471336237477],[148.923710350697,-21.0427416262345],[148.924066934939,-21.0428000754845],[148.946849889559,-21.0561660530616],[148.946881419512,-21.0561862215531],[148.971686431982,-21.0734399426284],[148.97161543984,-21.074206508118],[148.936054287249,-21.0909147041811],[148.935641739135,-21.0909227821741],[148.898937696508,-21.0754388351956],[148.898782024495,-21.0753338361795],[148.891151414789,-21.0676007176977]]]}","{""OBJECTID"":911012,""EVENT_ID"":""26MK6061"",""TYPE"":""UNPLANNED"",""STATUS"":""Crews working on-site"",""CUSTOMERS_AFFECTED"":110,""SUBURBS"":""HAMPDEN, KUTTABUL"",""STREETS"":""BEALLAH RD, BRUCE HWY, BURTONS ACCESS RD, CAMERONS CROSSING RD, DEWAARDS ACCESS RD, EDMONDS RD, HOPFS RD, HUDSONS RD, KEMPS RD, LANES RD, MARIAN HAMPDEN RD, SORENSENS RD, WALLINS RD"",""START"":1790472180000,""FINISH"":null,""EST_FIX_TIME"":1790488800000,""REASON"":""The loss of supply is due to fallen power lines.  "",""CRC"":""79A649B6"",""EXTRACTED"":1790484307569,""SHAPE__Area"":29793434.82421875,""SHAPE__Length"":22021.908312288288}"
2026-09-27T05:15:34Z,2026-09-27T15:15:34+10:00,au.qld.ergon,Ergon Energy,au.qld.ergon|unplanned|911018,911018,unplanned,Crews working on-site,The loss of supply is to allow emergency maintenance of the electricity network.,8,true,"CHILVERTON, RAVENSHOE","CHARLES KEOUGH RD, ROSS RD",2026-09-27T04:36:00Z,2026-09-27T07:00:00Z,145.5184968,-17.5446338,Tablelands Regional,6820,https://services.arcgis.com/33eHbTVqo7gtiCE8/arcgis/rest/services/VwErgonOutages/FeatureServer/0,Polygon,"{""type"":""Polygon"",""coordinates"":[[[145.516831849941,-17.5432867335373],[145.517422026436,-17.5428111144999],[145.519553307709,-17.5433544641879],[145.51990318164,-17.5437802015872],[145.519967127449,-17.5463169477105],[145.519234879761,-17.5467037013837],[145.517200035108,-17.5454011740511],[145.516992227611,-17.5450643061542],[145.516831849941,-17.5432867335373]]]}","{""OBJECTID"":911018,""EVENT_ID"":""26FN9498"",""TYPE"":""UNPLANNED"",""STATUS"":""Crews working on-site"",""CUSTOMERS_AFFECTED"":8,""SUBURBS"":""CHILVERTON, RAVENSHOE"",""STREETS"":""CHARLES KEOUGH RD, ROSS RD"",""START"":1790483760000,""FINISH"":null,""EST_FIX_TIME"":1790492400000,""REASON"":""The loss of supply is to allow emergency maintenance of the electricity network."",""CRC"":""9935F9F1"",""EXTRACTED"":1790484005105,""SHAPE__Area"":115661.396484375,""SHAPE__Length"":1310.9486862497922}"
2026-09-27T05:30:45Z,2026-09-27T15:30:45+10:00,au.qld.energex,Energex,au.qld.energex|unplanned|INCD-983760-g,INCD-983760-g,unplanned,Awaiting,Under Investigation,2,true,DOONAN,SUNRISE RD,2026-09-27T04:52:02Z,2026-09-27T07:00:00Z,152.9746180,-26.4423143,Sunshine Coast Regional,6720,https://services.arcgis.com/bfVzktoY0OhzQCDj/ArcGIS/rest/services/VwEnergexOutages/FeatureServer/0,Polygon,"{""type"":""Polygon"",""coordinates"":[[[152.974930862965,-26.441853795734],[152.9754497835,-26.4422890175895],[152.974966321601,-26.4427561617836],[152.974316558786,-26.4427768518245],[152.973797640328,-26.4423416258859],[152.974281105206,-26.44187448562],[152.974930862965,-26.441853795734]]]}","{""OBJECTID"":413333,""EVENT_ID"":""INCD-983760-g"",""TYPE"":""UNPLANNED"",""STATUS"":""Awaiting"",""CUSTOMERS_AFFECTED"":2,""SUBURBS"":""DOONAN"",""STREETS"":""SUNRISE RD"",""START"":1790484722058,""FINISH"":null,""EST_FIX_TIME"":1790492400000,""REASON"":""Under Investigation"",""CRC"":""34B3FCDB"",""EXTRACTED"":1790486404942,""SHAPE__Area"":14391.84375,""SHAPE__Length"":461.41445225298025}"
2026-09-27T05:30:45Z,2026-09-27T15:30:45+10:00,au.qld.ergon,Ergon Energy,au.qld.ergon|unplanned|911012,911012,unplanned,Crews working on-site,The loss of supply is due to fallen power lines.,110,true,"HAMPDEN, KUTTABUL","BEALLAH RD, BRUCE HWY, BURTONS ACCESS RD, CAMERONS CROSSING RD, DEWAARDS ACCESS RD, EDMONDS RD, HOPFS RD, HUDSONS RD, KEMPS RD, LANES RD, MARIAN HAMPDEN RD, SORENSENS RD, WALLINS RD",2026-09-27T01:23:00Z,2026-09-27T06:00:00Z,148.9278869,-21.0669738,Mackay Regional,4770,https://services.arcgis.com/33eHbTVqo7gtiCE8/arcgis/rest/services/VwErgonOutages/FeatureServer/0,Polygon,"{""type"":""Polygon"",""coordinates"":[[[148.891151414789,-21.0676007176977],[148.891075385961,-21.0670895218096],[148.901736030979,-21.0473706592182],[148.902063398369,-21.0471336237477],[148.923710350697,-21.0427416262345],[148.924066934939,-21.0428000754845],[148.946849889559,-21.0561660530616],[148.946881419512,-21.0561862215531],[148.971686431982,-21.0734399426284],[148.97161543984,-21.074206508118],[148.936054287249,-21.0909147041811],[148.935641739135,-21.0909227821741],[148.898937696508,-21.0754388351956],[148.898782024495,-21.0753338361795],[148.891151414789,-21.0676007176977]]]}","{""OBJECTID"":911012,""EVENT_ID"":""26MK6061"",""TYPE"":""UNPLANNED"",""STATUS"":""Crews working on-site"",""CUSTOMERS_AFFECTED"":110,""SUBURBS"":""HAMPDEN, KUTTABUL"",""STREETS"":""BEALLAH RD, BRUCE HWY, BURTONS ACCESS RD, CAMERONS CROSSING RD, DEWAARDS ACCESS RD, EDMONDS RD, HOPFS RD, HUDSONS RD, KEMPS RD, LANES RD, MARIAN HAMPDEN RD, SORENSENS RD, WALLINS RD"",""START"":1790472180000,""FINISH"":null,""EST_FIX_TIME"":1790488800000,""REASON"":""The loss of supply is due to fallen power lines.  "",""CRC"":""79A649B6"",""EXTRACTED"":1790484307569,""SHAPE__Area"":29793434.82421875,""SHAPE__Length"":22021.908312288288}"
2026-09-27T05:30:45Z,2026-09-27T15:30:45+10:00,au.qld.ergon,Ergon Energy,au.qld.ergon|unplanned|911018,911018,unplanned,Crews working on-site,The loss of supply is to allow emergency maintenance of the electricity network.,8,true,"CHILVERTON, RAVENSHOE","CHARLES KEOUGH RD, ROSS RD",2026-09-27T04:36:00Z,2026-09-27T07:00:00Z,145.5184968,-17.5446338,Tablelands Regional,6820,https://services.arcgis.com/33eHbTVqo7gtiCE8/arcgis/rest/services/VwErgonOutages/FeatureServer/0,Polygon,"{""type"":""Polygon"",""coordinates"":[[[145.516831849941,-17.5432867335373],[145.517422026436,-17.5428111144999],[145.519553307709,-17.5433544641879],[145.51990318164,-17.5437802015872],[145.519967127449,-17.5463169477105],[145.519234879761,-17.5467037013837],[145.517200035108,-17.5454011740511],[145.516992227611,-17.5450643061542],[145.516831849941,-17.5432867335373]]]}","{""OBJECTID"":911018,""EVENT_ID"":""26FN9498"",""TYPE"":""UNPLANNED"",""STATUS"":""Crews working on-site"",""CUSTOMERS_AFFECTED"":8,""SUBURBS"":""CHILVERTON, RAVENSHOE"",""STREETS"":""CHARLES KEOUGH RD, ROSS RD"",""START"":1790483760000,""FINISH"":null,""EST_FIX_TIME"":1790492400000,""REASON"":""The loss of supply is to allow emergency maintenance of the electricity network."",""CRC"":""9935F9F1"",""EXTRACTED"":1790484005105,""SHAPE__Area"":115661.396484375,""SHAPE__Length"":1310.9486862497922}"
2026-09-27T05:45:34Z,2026-09-27T15:45:34+10:00,au.qld.energex,Energex,au.qld.energex|unplanned|INCD-983760-g,INCD-983760-g,unplanned,Awaiting,Under Investigation,2,true,DOONAN,SUNRISE RD,2026-09-27T04:52:02Z,2026-09-27T07:00:00Z,152.9746180,-26.4423143,Sunshine Coast Regional,6720,https://services.arcgis.com/bfVzktoY0OhzQCDj/ArcGIS/rest/services/VwEnergexOutages/FeatureServer/0,Polygon,"{""type"":""Polygon"",""coordinates"":[[[152.974930862965,-26.441853795734],[152.9754497835,-26.4422890175895],[152.974966321601,-26.4427561617836],[152.974316558786,-26.4427768518245],[152.973797640328,-26.4423416258859],[152.974281105206,-26.44187448562],[152.974930862965,-26.441853795734]]]}","{""OBJECTID"":413333,""EVENT_ID"":""INCD-983760-g"",""TYPE"":""UNPLANNED"",""STATUS"":""Awaiting"",""CUSTOMERS_AFFECTED"":2,""SUBURBS"":""DOONAN"",""STREETS"":""SUNRISE RD"",""START"":1790484722058,""FINISH"":null,""EST_FIX_TIME"":1790492400000,""REASON"":""Under Investigation"",""CRC"":""34B3FCDB"",""EXTRACTED"":1790486404942,""SHAPE__Area"":14391.84375,""SHAPE__Length"":461.41445225298025}"
2026-09-27T05:45:34Z,2026-09-27T15:45:34+10:00,au.qld.ergon,Ergon Energy,au.qld.ergon|unplanned|911012,911012,unplanned,Crews working on-site,The loss of supply is due to fallen power lines.,110,true,"HAMPDEN, KUTTABUL","BEALLAH RD, BRUCE HWY, BURTONS ACCESS RD, CAMERONS CROSSING RD, DEWAARDS ACCESS RD, EDMONDS RD, HOPFS RD, HUDSONS RD, KEMPS RD, LANES RD, MARIAN HAMPDEN RD, SORENSENS RD, WALLINS RD",2026-09-27T01:23:00Z,2026-09-27T06:00:00Z,148.9278869,-21.0669738,Mackay Regional,4770,https://services.arcgis.com/33eHbTVqo7gtiCE8/arcgis/rest/services/VwErgonOutages/FeatureServer/0,Polygon,"{""type"":""Polygon"",""coordinates"":[[[148.891151414789,-21.0676007176977],[148.891075385961,-21.0670895218096],[148.901736030979,-21.0473706592182],[148.902063398369,-21.0471336237477],[148.923710350697,-21.0427416262345],[148.924066934939,-21.0428000754845],[148.946849889559,-21.0561660530616],[148.946881419512,-21.0561862215531],[148.971686431982,-21.0734399426284],[148.97161543984,-21.074206508118],[148.936054287249,-21.0909147041811],[148.935641739135,-21.0909227821741],[148.898937696508,-21.0754388351956],[148.898782024495,-21.0753338361795],[148.891151414789,-21.0676007176977]]]}","{""OBJECTID"":911012,""EVENT_ID"":""26MK6061"",""TYPE"":""UNPLANNED"",""STATUS"":""Crews working on-site"",""CUSTOMERS_AFFECTED"":110,""SUBURBS"":""HAMPDEN, KUTTABUL"",""STREETS"":""BEALLAH RD, BRUCE HWY, BURTONS ACCESS RD, CAMERONS CROSSING RD, DEWAARDS ACCESS RD, EDMONDS RD, HOPFS RD, HUDSONS RD, KEMPS RD, LANES RD, MARIAN HAMPDEN RD, SORENSENS RD, WALLINS RD"",""START"":1790472180000,""FINISH"":null,""EST_FIX_TIME"":1790488800000,""REASON"":""The loss of supply is due to fallen power lines.  "",""CRC"":""79A649B6"",""EXTRACTED"":1790484307569,""SHAPE__Area"":29793434.82421875,""SHAPE__Length"":22021.908312288288}"
2026-09-27T05:45:34Z,2026-09-27T15:45:34+10:00,au.qld.ergon,Ergon Energy,au.qld.ergon|unplanned|911019,911019,unplanned,Outage reported,The loss of supply is due to damage requiring emergency repairs. Fault finding is in progress.,16,true,NANANGO,MCGINLEY RD,2026-09-27T05:23:23Z,,151.9863066,-26.6755973,South Burnett Regional,6630,https://services.arcgis.com/33eHbTVqo7gtiCE8/arcgis/rest/services/VwErgonOutages/FeatureServer/0,Polygon,"{""type"":""Polygon"",""coordinates"":[[[151.98517637766,-26.6756952863407],[151.985178139292,-26.6756321301493],[151.98527692791,-26.6747036346208],[151.985300321365,-26.6746042473218],[151.985468087709,-26.6741516855169],[151.985768369176,-26.673872182801],[151.986837994058,-26.673513851882],[151.98750939713,-26.6739966073914],[151.987397178379,-26.6747330729533],[151.987395756809,-26.6747417695085],[151.986897733182,-26.6775943675007],[151.986493995988,-26.6779671846839],[151.985968435486,-26.677748945747],[151.985281600566,-26.6766756344276],[151.9852154558,-26.6764716515078],[151.98517637766,-26.6756952863407]]]}","{""OBJECTID"":911019,""EVENT_ID"":""26WB8899"",""TYPE"":""UNPLANNED"",""STATUS"":""Outage reported"",""CUSTOMERS_AFFECTED"":16,""SUBURBS"":""NANANGO"",""STREETS"":""MCGINLEY RD"",""START"":1790486603000,""FINISH"":null,""EST_FIX_TIME"":null,""REASON"":""The loss of supply is due to damage requiring emergency repairs. Fault finding is in progress."",""CRC"":""1C45D991"",""EXTRACTED"":1790487304459,""SHAPE__Area"":102983.12890625,""SHAPE__Length"":1327.284864976769}"
2026-09-27T05:45:34Z,2026-09-27T15:45:34+10:00,au.qld.ergon,Ergon Energy,au.qld.ergon|unplanned|911018,911018,unplanned,Crews working on-site,The loss of supply is to allow emergency maintenance of the electricity network.,8,true,"CHILVERTON, RAVENSHOE","CHARLES KEOUGH RD, ROSS RD",2026-09-27T04:36:00Z,2026-09-27T07:00:00Z,145.5184968,-17.5446338,Tablelands Regional,6820,https://services.arcgis.com/33eHbTVqo7gtiCE8/arcgis/rest/services/VwErgonOutages/FeatureServer/0,Polygon,"{""type"":""Polygon"",""coordinates"":[[[145.516831849941,-17.5432867335373],[145.517422026436,-17.5428111144999],[145.519553307709,-17.5433544641879],[145.51990318164,-17.5437802015872],[145.519967127449,-17.5463169477105],[145.519234879761,-17.5467037013837],[145.517200035108,-17.5454011740511],[145.516992227611,-17.5450643061542],[145.516831849941,-17.5432867335373]]]}","{""OBJECTID"":911018,""EVENT_ID"":""26FN9498"",""TYPE"":""UNPLANNED"",""STATUS"":""Crews working on-site"",""CUSTOMERS_AFFECTED"":8,""SUBURBS"":""CHILVERTON, RAVENSHOE"",""STREETS"":""CHARLES KEOUGH RD, ROSS RD"",""START"":1790483760000,""FINISH"":null,""EST_FIX_TIME"":1790492400000,""REASON"":""The loss of supply is to allow emergency maintenance of the electricity network."",""CRC"":""9935F9F1"",""EXTRACTED"":1790484005105,""SHAPE__Area"":115661.396484375,""SHAPE__Length"":1310.9486862497922}"
2026-09-27T06:00:57Z,2026-09-27T16:00:57+10:00,au.qld.ergon,Ergon Energy,au.qld.ergon|unplanned|911020,911020,unplanned,Crews working on-site,The loss of supply is due to damage requiring emergency repairs. Fault finding is in progress.,11,true,OAKHURST,SLATER ST,2026-09-27T05:29:16Z,,152.6317159,-25.5104983,Fraser Coast Regional,3220,https://services.arcgis.com/33eHbTVqo7gtiCE8/arcgis/rest/services/VwErgonOutages/FeatureServer/0,Polygon,"{""type"":""Polygon"",""coordinates"":[[[152.630136220238,-25.5096307595497],[152.630333144411,-25.5090646080652],[152.631643769431,-25.5083448742525],[152.632390686258,-25.5086642770202],[152.632873775966,-25.5116482621141],[152.632878682495,-25.5116965636342],[152.632915227125,-25.5125695778662],[152.632569806697,-25.5130153429917],[152.632004406888,-25.5128317154389],[152.631641301647,-25.5123246863304],[152.631620315695,-25.5122925327236],[152.630566197023,-25.5105126969574],[152.630549236586,-25.5104811686359],[152.630136220238,-25.5096307595497]]]}","{""OBJECTID"":911020,""EVENT_ID"":""26WB8901"",""TYPE"":""UNPLANNED"",""STATUS"":""Crews on route"",""CUSTOMERS_AFFECTED"":11,""SUBURBS"":""OAKHURST"",""STREETS"":""SLATER ST"",""START"":1790486956000,""FINISH"":null,""EST_FIX_TIME"":null,""REASON"":""The loss of supply is due to damage requiring emergency repairs. Fault finding is in progress."",""CRC"":""A062E7C2"",""EXTRACTED"":1790488204812,""SHAPE__Area"":108384.10546875,""SHAPE__Length"":1402.5250481167034}"
2026-09-27T06:00:57Z,2026-09-27T16:00:57+10:00,au.qld.ergon,Ergon Energy,au.qld.ergon|unplanned|911012,911012,unplanned,Crews working on-site,The loss of supply is due to fallen power lines.,110,true,"HAMPDEN, KUTTABUL","BEALLAH RD, BRUCE HWY, BURTONS ACCESS RD, CAMERONS CROSSING RD, DEWAARDS ACCESS RD, EDMONDS RD, HOPFS RD, HUDSONS RD, KEMPS RD, LANES RD, MARIAN HAMPDEN RD, SORENSENS RD, WALLINS RD",2026-09-27T01:23:00Z,2026-09-27T06:00:00Z,148.9278869,-21.0669738,Mackay Regional,4770,https://services.arcgis.com/33eHbTVqo7gtiCE8/arcgis/rest/services/VwErgonOutages/FeatureServer/0,Polygon,"{""type"":""Polygon"",""coordinates"":[[[148.891151414789,-21.0676007176977],[148.891075385961,-21.0670895218096],[148.901736030979,-21.0473706592182],[148.902063398369,-21.0471336237477],[148.923710350697,-21.0427416262345],[148.924066934939,-21.0428000754845],[148.946849889559,-21.0561660530616],[148.946881419512,-21.0561862215531],[148.971686431982,-21.0734399426284],[148.97161543984,-21.074206508118],[148.936054287249,-21.0909147041811],[148.935641739135,-21.0909227821741],[148.898937696508,-21.0754388351956],[148.898782024495,-21.0753338361795],[148.891151414789,-21.0676007176977]]]}","{""OBJECTID"":911012,""EVENT_ID"":""26MK6061"",""TYPE"":""UNPLANNED"",""STATUS"":""Crews working on-site"",""CUSTOMERS_AFFECTED"":110,""SUBURBS"":""HAMPDEN, KUTTABUL"",""STREETS"":""BEALLAH RD, BRUCE HWY, BURTONS ACCESS RD, CAMERONS CROSSING RD, DEWAARDS ACCESS RD, EDMONDS RD, HOPFS RD, HUDSONS RD, KEMPS RD, LANES RD, MARIAN HAMPDEN RD, SORENSENS RD, WALLINS RD"",""START"":1790472180000,""FINISH"":null,""EST_FIX_TIME"":1790488800000,""REASON"":""The loss of supply is due to fallen power lines.  "",""CRC"":""79A649B6"",""EXTRACTED"":1790484307569,""SHAPE__Area"":29793434.82421875,""SHAPE__Length"":22021.908312288288}"
2026-09-27T06:00:57Z,2026-09-27T16:00:57+10:00,au.qld.ergon,Ergon Energy,au.qld.ergon|unplanned|911019,911019,unplanned,Outage reported,The loss of supply is due to damage requiring emergency repairs. Fault finding is in progress.,16,true,NANANGO,MCGINLEY RD,2026-09-27T05:23:23Z,,151.9863066,-26.6755973,South Burnett Regional,6630,https://services.arcgis.com/33eHbTVqo7gtiCE8/arcgis/rest/services/VwErgonOutages/FeatureServer/0,Polygon,"{""type"":""Polygon"",""coordinates"":[[[151.98517637766,-26.6756952863407],[151.985178139292,-26.6756321301493],[151.98527692791,-26.6747036346208],[151.985300321365,-26.6746042473218],[151.985468087709,-26.6741516855169],[151.985768369176,-26.673872182801],[151.986837994058,-26.673513851882],[151.98750939713,-26.6739966073914],[151.987397178379,-26.6747330729533],[151.987395756809,-26.6747417695085],[151.986897733182,-26.6775943675007],[151.986493995988,-26.6779671846839],[151.985968435486,-26.677748945747],[151.985281600566,-26.6766756344276],[151.9852154558,-26.6764716515078],[151.98517637766,-26.6756952863407]]]}","{""OBJECTID"":911019,""EVENT_ID"":""26WB8899"",""TYPE"":""UNPLANNED"",""STATUS"":""Outage reported"",""CUSTOMERS_AFFECTED"":16,""SUBURBS"":""NANANGO"",""STREETS"":""MCGINLEY RD"",""START"":1790486603000,""FINISH"":null,""EST_FIX_TIME"":null,""REASON"":""The loss of supply is due to damage requiring emergency repairs. Fault finding is in progress."",""CRC"":""1C45D991"",""EXTRACTED"":1790487304459,""SHAPE__Area"":102983.12890625,""SHAPE__Length"":1327.284864976769}"
2026-09-27T06:00:57Z,2026-09-27T16:00:57+10:00,au.qld.ergon,Ergon Energy,au.qld.ergon|unplanned|911018,911018,unplanned,Crews working on-site,The loss of supply is to allow emergency maintenance of the electricity network.,8,true,"CHILVERTON, RAVENSHOE","CHARLES KEOUGH RD, ROSS RD",2026-09-27T04:36:00Z,2026-09-27T07:00:00Z,145.5184968,-17.5446338,Tablelands Regional,6820,https://services.arcgis.com/33eHbTVqo7gtiCE8/arcgis/rest/services/VwErgonOutages/FeatureServer/0,Polygon,"{""type"":""Polygon"",""coordinates"":[[[145.516831849941,-17.5432867335373],[145.517422026436,-17.5428111144999],[145.519553307709,-17.5433544641879],[145.51990318164,-17.5437802015872],[145.519967127449,-17.5463169477105],[145.519234879761,-17.5467037013837],[145.517200035108,-17.5454011740511],[145.516992227611,-17.5450643061542],[145.516831849941,-17.5432867335373]]]}","{""OBJECTID"":911018,""EVENT_ID"":""26FN9498"",""TYPE"":""UNPLANNED"",""STATUS"":""Crews working on-site"",""CUSTOMERS_AFFECTED"":8,""SUBURBS"":""CHILVERTON, RAVENSHOE"",""STREETS"":""CHARLES KEOUGH RD, ROSS RD"",""START"":1790483760000,""FINISH"":null,""EST_FIX_TIME"":1790492400000,""REASON"":""The loss of supply is to allow emergency maintenance of the electricity network."",""CRC"":""9935F9F1"",""EXTRACTED"":1790484005105,""SHAPE__Area"":115661.396484375,""SHAPE__Length"":1310.9486862497922}"
2026-09-27T06:15:39Z,2026-09-27T16:15:39+10:00,au.qld.ergon,Ergon Energy,au.qld.ergon|unplanned|911020,911020,unplanned,Crews working on-site,The loss of supply is due to damage requiring emergency repairs. Fault finding is in progress.,11,true,OAKHURST,SLATER ST,2026-09-27T05:29:16Z,,152.6317159,-25.5104983,Fraser Coast Regional,3220,https://services.arcgis.com/33eHbTVqo7gtiCE8/arcgis/rest/services/VwErgonOutages/FeatureServer/0,Polygon,"{""type"":""Polygon"",""coordinates"":[[[152.630136220238,-25.5096307595497],[152.630333144411,-25.5090646080652],[152.631643769431,-25.5083448742525],[152.632390686258,-25.5086642770202],[152.632873775966,-25.5116482621141],[152.632878682495,-25.5116965636342],[152.632915227125,-25.5125695778662],[152.632569806697,-25.5130153429917],[152.632004406888,-25.5128317154389],[152.631641301647,-25.5123246863304],[152.631620315695,-25.5122925327236],[152.630566197023,-25.5105126969574],[152.630549236586,-25.5104811686359],[152.630136220238,-25.5096307595497]]]}","{""OBJECTID"":911020,""EVENT_ID"":""26WB8901"",""TYPE"":""UNPLANNED"",""STATUS"":""Crews working on-site"",""CUSTOMERS_AFFECTED"":11,""SUBURBS"":""OAKHURST"",""STREETS"":""SLATER ST"",""START"":1790486956000,""FINISH"":null,""EST_FIX_TIME"":null,""REASON"":""The loss of supply is due to damage requiring emergency repairs. Fault finding is in progress."",""CRC"":""58522DE9"",""EXTRACTED"":1790488823836,""SHAPE__Area"":108384.10546875,""SHAPE__Length"":1402.5250481167034}"
2026-09-27T06:15:39Z,2026-09-27T16:15:39+10:00,au.qld.ergon,Ergon Energy,au.qld.ergon|unplanned|911019,911019,unplanned,Outage reported,The loss of supply is due to damage requiring emergency repairs. Fault finding is in progress.,16,true,NANANGO,MCGINLEY RD,2026-09-27T05:23:23Z,,151.9863066,-26.6755973,South Burnett Regional,6630,https://services.arcgis.com/33eHbTVqo7gtiCE8/arcgis/rest/services/VwErgonOutages/FeatureServer/0,Polygon,"{""type"":""Polygon"",""coordinates"":[[[151.98517637766,-26.6756952863407],[151.985178139292,-26.6756321301493],[151.98527692791,-26.6747036346208],[151.985300321365,-26.6746042473218],[151.985468087709,-26.6741516855169],[151.985768369176,-26.673872182801],[151.986837994058,-26.673513851882],[151.98750939713,-26.6739966073914],[151.987397178379,-26.6747330729533],[151.987395756809,-26.6747417695085],[151.986897733182,-26.6775943675007],[151.986493995988,-26.6779671846839],[151.985968435486,-26.677748945747],[151.985281600566,-26.6766756344276],[151.9852154558,-26.6764716515078],[151.98517637766,-26.6756952863407]]]}","{""OBJECTID"":911019,""EVENT_ID"":""26WB8899"",""TYPE"":""UNPLANNED"",""STATUS"":""Outage reported"",""CUSTOMERS_AFFECTED"":16,""SUBURBS"":""NANANGO"",""STREETS"":""MCGINLEY RD"",""START"":1790486603000,""FINISH"":null,""EST_FIX_TIME"":null,""REASON"":""The loss of supply is due to damage requiring emergency repairs. Fault finding is in progress."",""CRC"":""1C45D991"",""EXTRACTED"":1790487304459,""SHAPE__Area"":102983.12890625,""SHAPE__Length"":1327.284864976769}"
2026-09-27T06:15:39Z,2026-09-27T16:15:39+10:00,au.qld.ergon,Ergon Energy,au.qld.ergon|unplanned|911018,911018,unplanned,Crews working on-site,The loss of supply is to allow emergency maintenance of the electricity network.,8,true,"CHILVERTON, RAVENSHOE","CHARLES KEOUGH RD, ROSS RD",2026-09-27T04:36:00Z,2026-09-27T07:00:00Z,145.5184968,-17.5446338,Tablelands Regional,6820,https://services.arcgis.com/33eHbTVqo7gtiCE8/arcgis/rest/services/VwErgonOutages/FeatureServer/0,Polygon,"{""type"":""Polygon"",""coordinates"":[[[145.516831849941,-17.5432867335373],[145.517422026436,-17.5428111144999],[145.519553307709,-17.5433544641879],[145.51990318164,-17.5437802015872],[145.519967127449,-17.5463169477105],[145.519234879761,-17.5467037013837],[145.517200035108,-17.5454011740511],[145.516992227611,-17.5450643061542],[145.516831849941,-17.5432867335373]]]}","{""OBJECTID"":911018,""EVENT_ID"":""26FN9498"",""TYPE"":""UNPLANNED"",""STATUS"":""Crews working on-site"",""CUSTOMERS_AFFECTED"":8,""SUBURBS"":""CHILVERTON, RAVENSHOE"",""STREETS"":""CHARLES KEOUGH RD, ROSS RD"",""START"":1790483760000,""FINISH"":null,""EST_FIX_TIME"":1790492400000,""REASON"":""The loss of supply is to allow emergency maintenance of the electricity network."",""CRC"":""9935F9F1"",""EXTRACTED"":1790484005105,""SHAPE__Area"":115661.396484375,""SHAPE__Length"":1310.9486862497922}"
2026-09-27T06:15:39Z,2026-09-27T16:15:39+10:00,au.qld.ergon,Ergon Energy,au.qld.ergon|unplanned|911021,911021,unplanned,Crews working on-site,The loss of supply is due to damage requiring emergency repairs.,9,true,BOWEN,"RICHMOND RD, STOREY ST",2026-09-27T03:45:38Z,,148.2320178,-19.9985570,Whitsunday Regional,7340,https://services.arcgis.com/33eHbTVqo7gtiCE8/arcgis/rest/services/VwErgonOutages/FeatureServer/0,Polygon,"{""type"":""Polygon"",""coordinates"":[[[148.23155180782,-19.9997215246881],[148.23118196732,-19.9991214238416],[148.231811956429,-19.9974864214715],[148.232374757102,-19.9972022727187],[148.232734737983,-19.9977002527724],[148.232687729016,-19.998036260017],[148.232686133003,-19.9980467242496],[148.232462145589,-19.9994027396971],[148.231910792318,-19.9997785433096],[148.23155180782,-19.9997215246881]]]}","{""OBJECTID"":911021,""EVENT_ID"":""26NQ11747"",""TYPE"":""UNPLANNED"",""STATUS"":""Crews working on-site"",""CUSTOMERS_AFFECTED"":9,""SUBURBS"":""BOWEN"",""STREETS"":""RICHMOND RD, STOREY ST"",""START"":1790480738000,""FINISH"":null,""EST_FIX_TIME"":null,""REASON"":""The loss of supply is due to damage requiring emergency repairs. "",""CRC"":""00D44A9A"",""EXTRACTED"":1790489404757,""SHAPE__Area"":33788.6640625,""SHAPE__Length"":750.8895183721785}"
